To honour the JVM settings for this build a single-use Daemon process will be forked. For more on this, please refer to https://docs.gradle.org/9.3.1/userguide/gradle_daemon.html#sec:disabling_the_daemon in the Gradle documentation.
Daemon will be stopped at the end of the build 
> Task :gradle-plugin:shared:checkKotlinGradlePluginConfigurationErrors SKIPPED
> Task :expo-gradle-plugin:expo-autolinking-settings-plugin:checkKotlinGradlePluginConfigurationErrors SKIPPED
> Task :gradle-plugin:settings-plugin:checkKotlinGradlePluginConfigurationErrors SKIPPED
> Task :expo-gradle-plugin:expo-autolinking-plugin-shared:checkKotlinGradlePluginConfigurationErrors SKIPPED
> Task :gradle-plugin:settings-plugin:pluginDescriptors UP-TO-DATE
> Task :expo-gradle-plugin:expo-autolinking-settings-plugin:pluginDescriptors UP-TO-DATE
> Task :expo-gradle-plugin:expo-autolinking-settings-plugin:processResources UP-TO-DATE
> Task :gradle-plugin:settings-plugin:processResources UP-TO-DATE
> Task :expo-gradle-plugin:expo-autolinking-plugin-shared:compileKotlin UP-TO-DATE
> Task :expo-gradle-plugin:expo-autolinking-plugin-shared:compileJava NO-SOURCE
> Task :expo-gradle-plugin:expo-autolinking-plugin-shared:processResources NO-SOURCE
> Task :expo-gradle-plugin:expo-autolinking-plugin-shared:classes UP-TO-DATE
> Task :gradle-plugin:shared:compileKotlin UP-TO-DATE
> Task :gradle-plugin:shared:compileJava NO-SOURCE
> Task :gradle-plugin:shared:processResources NO-SOURCE
> Task :gradle-plugin:shared:classes UP-TO-DATE
> Task :gradle-plugin:shared:jar UP-TO-DATE
> Task :expo-gradle-plugin:expo-autolinking-plugin-shared:jar UP-TO-DATE
> Task :gradle-plugin:settings-plugin:compileKotlin UP-TO-DATE
> Task :gradle-plugin:settings-plugin:compileJava NO-SOURCE
> Task :gradle-plugin:settings-plugin:classes UP-TO-DATE
> Task :gradle-plugin:settings-plugin:jar UP-TO-DATE
> Task :expo-gradle-plugin:expo-autolinking-settings-plugin:compileKotlin UP-TO-DATE
> Task :expo-gradle-plugin:expo-autolinking-settings-plugin:compileJava NO-SOURCE
> Task :expo-gradle-plugin:expo-autolinking-settings-plugin:classes UP-TO-DATE
> Task :expo-gradle-plugin:expo-autolinking-settings-plugin:jar UP-TO-DATE
> Task :expo-gradle-plugin:expo-autolinking-plugin:checkKotlinGradlePluginConfigurationErrors SKIPPED
> Task :expo-gradle-plugin:expo-max-sdk-override-plugin:checkKotlinGradlePluginConfigurationErrors SKIPPED
> Task :expo-dev-launcher-gradle-plugin:checkKotlinGradlePluginConfigurationErrors SKIPPED
> Task :expo-module-gradle-plugin:checkKotlinGradlePluginConfigurationErrors SKIPPED
> Task :expo-dev-launcher-gradle-plugin:pluginDescriptors UP-TO-DATE
> Task :expo-module-gradle-plugin:pluginDescriptors UP-TO-DATE
> Task :expo-dev-launcher-gradle-plugin:processResources UP-TO-DATE
> Task :gradle-plugin:react-native-gradle-plugin:checkKotlinGradlePluginConfigurationErrors SKIPPED
> Task :expo-module-gradle-plugin:processResources UP-TO-DATE
> Task :expo-gradle-plugin:expo-autolinking-plugin:compileKotlin UP-TO-DATE
> Task :expo-gradle-plugin:expo-autolinking-plugin:compileJava NO-SOURCE
> Task :expo-gradle-plugin:expo-autolinking-plugin:pluginDescriptors UP-TO-DATE
> Task :expo-gradle-plugin:expo-autolinking-plugin:processResources UP-TO-DATE
> Task :expo-gradle-plugin:expo-autolinking-plugin:classes UP-TO-DATE
> Task :expo-gradle-plugin:expo-autolinking-plugin:jar UP-TO-DATE
> Task :expo-gradle-plugin:expo-max-sdk-override-plugin:compileKotlin UP-TO-DATE
> Task :expo-gradle-plugin:expo-max-sdk-override-plugin:compileJava NO-SOURCE
> Task :expo-gradle-plugin:expo-max-sdk-override-plugin:pluginDescriptors UP-TO-DATE
> Task :expo-gradle-plugin:expo-max-sdk-override-plugin:processResources UP-TO-DATE
> Task :expo-gradle-plugin:expo-max-sdk-override-plugin:classes UP-TO-DATE
> Task :expo-gradle-plugin:expo-max-sdk-override-plugin:jar UP-TO-DATE
> Task :gradle-plugin:react-native-gradle-plugin:compileKotlin UP-TO-DATE
> Task :gradle-plugin:react-native-gradle-plugin:compileJava NO-SOURCE
> Task :gradle-plugin:react-native-gradle-plugin:pluginDescriptors UP-TO-DATE
> Task :gradle-plugin:react-native-gradle-plugin:processResources UP-TO-DATE
> Task :gradle-plugin:react-native-gradle-plugin:classes UP-TO-DATE
> Task :gradle-plugin:react-native-gradle-plugin:jar UP-TO-DATE
> Task :expo-dev-launcher-gradle-plugin:compileKotlin UP-TO-DATE
> Task :expo-module-gradle-plugin:compileKotlin UP-TO-DATE
> Task :expo-dev-launcher-gradle-plugin:compileJava NO-SOURCE
> Task :expo-dev-launcher-gradle-plugin:classes UP-TO-DATE
> Task :expo-module-gradle-plugin:compileJava NO-SOURCE
> Task :expo-module-gradle-plugin:classes UP-TO-DATE
> Task :expo-dev-launcher-gradle-plugin:jar UP-TO-DATE
> Task :expo-module-gradle-plugin:jar UP-TO-DATE

> Configure project :
[32m[ExpoRootProject][0m Using the following versions:
  - buildTools:  [32m36.0.0[0m
  - minSdk:      [32m24[0m
  - compileSdk:  [32m36[0m
  - targetSdk:   [32m36[0m
  - ndk:         [32m27.1.12297006[0m
  - kotlin:      [32m2.1.20[0m
  - ksp:         [32m2.1.20-2.0.1[0m

> Configure project :app
 ??  [33mApplying gradle plugin[0m '[32mexpo-max-sdk-override-plugin[0m'
  [expo-max-sdk-override-plugin] This plugin will find all permissions declared with `android:maxSdkVersion`. If there exists a declaration with the `android:maxSdkVersion` annotation and another one without, the plugin will remove the annotation from the final merged manifest. In order to see a log with the changes run a clean build of the app.
 ??  [33mApplying gradle plugin[0m '[32mexpo-dev-launcher-gradle-plugin[0m'

> Configure project :expo

Using expo modules
  - [32mexpo-log-box[0m (56.0.14)
  - [32mexpo-constants[0m (56.0.20)
  - [32mexpo-dev-client[0m (56.0.22)
  - [32mexpo-dev-launcher[0m (56.0.23)
  - [32mexpo-dev-menu[0m (56.0.19)
  - [32mexpo-dev-menu-interface[0m (56.0.1)
  - [32mexpo-json-utils[0m (56.0.0)
  - [32mexpo-manifests[0m (56.0.4)

> Configure project :expo-modules-core
Linking react-native-worklets native libs into expo-modules-core build tasks
task ':react-native-worklets:mergeDebugNativeLibs'
task ':react-native-worklets:mergeReleaseNativeLibs'

> Configure project :expo
  - [32mexpo-modules-core[0m (56.0.19)
  - [32mexpo-updates-interface[0m (56.0.2)
  - [33m[?][0m [32mexpo-dom-webview[0m (56.0.5)
  - [33m[?][0m [32mexpo-application[0m (56.0.3)
  - [33m[?][0m [32mexpo-asset[0m (56.0.18)
  - [33m[?][0m [32mexpo-audio[0m (56.0.12)
  - [33m[?][0m [32mexpo-device[0m (56.0.4)
  - [33m[?][0m [32mexpo-document-picker[0m (56.0.4)
  - [33m[?][0m [32mexpo-file-system[0m (56.0.8)
  - [33m[?][0m [32mexpo-font[0m (56.0.7)
  - [33m[?][0m [32mexpo-image-loader[0m (56.0.3)
  - [33m[?][0m [32mexpo-image-manipulator[0m (56.0.20)
  - [33m[?][0m [32mexpo-image-picker[0m (56.0.19)
  - [33m[?][0m [32mexpo-keep-awake[0m (56.0.3)
  - [33m[?][0m [32mexpo-location[0m (56.0.19)
  - [33m[?][0m [32mexpo-notifications[0m (56.0.19)
  - [33m[?][0m [32mexpo-secure-store[0m (56.0.4)
  - [33m[?][0m [32mexpo-sharing[0m (56.0.23)
  - [33m[?][0m [32mexpo-speech[0m (56.0.3)
  - [33m[?][0m [32mexpo-task-manager[0m (56.0.20)
  - [33m[?][0m [32munimodules-app-loader[0m (56.0.1)


> Configure project :react-native-firebase_app
:react-native-firebase_app package.json found at C:\Users\flood\hiconnect\higo-platform\node_modules\.pnpm\@react-native-firebase+app@_aa23cc98cdab0d95a2eba46896fcf085\node_modules\@react-native-firebase\app\package.json
:react-native-firebase_app:firebase.bom using default value: 34.15.0
:react-native-firebase_app:play.play-services-auth using default value: 21.5.0
:react-native-firebase_app package.json found at C:\Users\flood\hiconnect\higo-platform\node_modules\.pnpm\@react-native-firebase+app@_aa23cc98cdab0d95a2eba46896fcf085\node_modules\@react-native-firebase\app\package.json
:react-native-firebase_app:version set from package.json: 25.1.0 (25,1,0 - 25001000)
:react-native-firebase_app:android.compileSdk using custom value: 36
:react-native-firebase_app:android.targetSdk using custom value: 36
:react-native-firebase_app:android.minSdk using custom value: 24
:react-native-firebase_app:reactNativeAndroidDir C:\Users\flood\hiconnect\higo-platform\apps\driver-app\node_modules\react-native

> Configure project :react-native-firebase_auth
:react-native-firebase_auth package.json found at C:\Users\flood\hiconnect\higo-platform\node_modules\.pnpm\@react-native-firebase+auth_df0c87698b048f89822a85bee7283bf0\node_modules\@react-native-firebase\auth\package.json
:react-native-firebase_app package.json found at C:\Users\flood\hiconnect\higo-platform\node_modules\.pnpm\@react-native-firebase+app@_aa23cc98cdab0d95a2eba46896fcf085\node_modules\@react-native-firebase\app\package.json
:react-native-firebase_auth:firebase.bom using default value: 34.15.0
:react-native-firebase_auth package.json found at C:\Users\flood\hiconnect\higo-platform\node_modules\.pnpm\@react-native-firebase+auth_df0c87698b048f89822a85bee7283bf0\node_modules\@react-native-firebase\auth\package.json
:react-native-firebase_auth:version set from package.json: 25.1.0 (25,1,0 - 25001000)
:react-native-firebase_auth:android.compileSdk using custom value: 36
:react-native-firebase_auth:android.targetSdk using custom value: 36
:react-native-firebase_auth:android.minSdk using custom value: 24
:react-native-firebase_auth:reactNativeAndroidDir C:\Users\flood\hiconnect\higo-platform\apps\driver-app\node_modules\react-native

> Configure project :react-native-firebase_crashlytics
:react-native-firebase_crashlytics package.json found at C:\Users\flood\hiconnect\higo-platform\node_modules\.pnpm\@react-native-firebase+cras_bd96e2043125d4cabfb22662566032f9\node_modules\@react-native-firebase\crashlytics\package.json
:react-native-firebase_app package.json found at C:\Users\flood\hiconnect\higo-platform\node_modules\.pnpm\@react-native-firebase+app@_aa23cc98cdab0d95a2eba46896fcf085\node_modules\@react-native-firebase\app\package.json
:react-native-firebase_crashlytics:firebase.bom using default value: 34.15.0
:react-native-firebase_crashlytics package.json found at C:\Users\flood\hiconnect\higo-platform\node_modules\.pnpm\@react-native-firebase+cras_bd96e2043125d4cabfb22662566032f9\node_modules\@react-native-firebase\crashlytics\package.json
:react-native-firebase_crashlytics:version set from package.json: 25.1.0 (25,1,0 - 25001000)
:react-native-firebase_crashlytics:android.compileSdk using custom value: 36
:react-native-firebase_crashlytics:android.targetSdk using custom value: 36
:react-native-firebase_crashlytics:android.minSdk using custom value: 24
:react-native-firebase_crashlytics:reactNativeAndroidDir C:\Users\flood\hiconnect\higo-platform\apps\driver-app\node_modules\react-native

> Task :expo-dev-client:preBuild UP-TO-DATE
> Task :expo-dev-launcher:preBuild UP-TO-DATE
> Task :expo-dev-menu:preBuild UP-TO-DATE
> Task :expo-dev-menu-interface:preBuild UP-TO-DATE
> Task :expo-json-utils:preBuild UP-TO-DATE
> Task :expo-log-box:preBuild UP-TO-DATE
> Task :expo-manifests:preBuild UP-TO-DATE
> Task :expo-modules-core:preBuild UP-TO-DATE
> Task :expo-updates-interface:preBuild UP-TO-DATE
> Task :expo:generatePackagesList UP-TO-DATE
> Task :expo:preBuild UP-TO-DATE
> Task :react-native-firebase_app:preBuild UP-TO-DATE
> Task :react-native-firebase_auth:preBuild UP-TO-DATE
> Task :react-native-firebase_crashlytics:preBuild UP-TO-DATE
> Task :react-native-image-picker:generateCodegenSchemaFromJavaScript UP-TO-DATE
> Task :react-native-async-storage_async-storage:generateCodegenSchemaFromJavaScript UP-TO-DATE
> Task :app:generateAutolinkingNewArchitectureFiles UP-TO-DATE
> Task :react-native-image-picker:generateCodegenArtifactsFromSchema UP-TO-DATE
> Task :react-native-image-picker:preBuild UP-TO-DATE
> Task :react-native-maps:generateCodegenSchemaFromJavaScript SKIPPED
> Task :react-native-async-storage_async-storage:generateCodegenArtifactsFromSchema UP-TO-DATE
> Task :react-native-async-storage_async-storage:preBuild UP-TO-DATE
> Task :react-native-maps:generateCodegenArtifactsFromSchema SKIPPED
> Task :react-native-maps:preBuild UP-TO-DATE
> Task :react-native-safe-area-context:generateCodegenSchemaFromJavaScript UP-TO-DATE
> Task :app:generateAutolinkingPackageList UP-TO-DATE
> Task :app:generateCodegenSchemaFromJavaScript SKIPPED
> Task :app:generateCodegenArtifactsFromSchema SKIPPED
> Task :app:generateReactNativeEntryPoint UP-TO-DATE
> Task :react-native-safe-area-context:generateCodegenArtifactsFromSchema UP-TO-DATE
> Task :react-native-safe-area-context:preBuild UP-TO-DATE
> Task :react-native-screens:generateCodegenSchemaFromJavaScript UP-TO-DATE
> Task :react-native-svg:generateCodegenSchemaFromJavaScript UP-TO-DATE
> Task :react-native-svg:generateCodegenArtifactsFromSchema UP-TO-DATE
> Task :react-native-svg:preBuild UP-TO-DATE
> Task :react-native-webview:generateCodegenSchemaFromJavaScript UP-TO-DATE
> Task :react-native-webview:generateCodegenArtifactsFromSchema UP-TO-DATE
> Task :react-native-webview:preBuild UP-TO-DATE
> Task :react-native-screens:generateCodegenArtifactsFromSchema UP-TO-DATE
> Task :react-native-screens:preBuild UP-TO-DATE
> Task :sentry_react-native:generateCodegenSchemaFromJavaScript UP-TO-DATE
> Task :sentry_react-native:generateCodegenArtifactsFromSchema UP-TO-DATE
> Task :sentry_react-native:preBuild UP-TO-DATE
> Task :expo:preReleaseBuild UP-TO-DATE
> Task :expo:mergeReleaseJniLibFolders UP-TO-DATE
> Task :expo:mergeReleaseNativeLibs NO-SOURCE
> Task :expo:copyReleaseJniLibsProjectOnly UP-TO-DATE
> Task :expo-dev-client:preReleaseBuild UP-TO-DATE
> Task :expo-dev-client:mergeReleaseJniLibFolders UP-TO-DATE
> Task :expo-dev-client:mergeReleaseNativeLibs NO-SOURCE
> Task :expo-dev-client:copyReleaseJniLibsProjectOnly UP-TO-DATE
> Task :expo-dev-launcher:preReleaseBuild UP-TO-DATE
> Task :expo-dev-launcher:mergeReleaseJniLibFolders UP-TO-DATE
> Task :expo-dev-launcher:mergeReleaseNativeLibs NO-SOURCE
> Task :expo-dev-launcher:copyReleaseJniLibsProjectOnly UP-TO-DATE
> Task :expo-dev-menu:preReleaseBuild UP-TO-DATE
> Task :expo-dev-menu:mergeReleaseJniLibFolders UP-TO-DATE
> Task :expo-dev-menu:mergeReleaseNativeLibs NO-SOURCE
> Task :expo-dev-menu:copyReleaseJniLibsProjectOnly UP-TO-DATE
> Task :expo-dev-menu-interface:preReleaseBuild UP-TO-DATE
> Task :expo-dev-menu-interface:mergeReleaseJniLibFolders UP-TO-DATE
> Task :expo-dev-menu-interface:mergeReleaseNativeLibs NO-SOURCE
> Task :expo-dev-menu-interface:copyReleaseJniLibsProjectOnly UP-TO-DATE
> Task :expo-json-utils:preReleaseBuild UP-TO-DATE
> Task :expo-json-utils:mergeReleaseJniLibFolders UP-TO-DATE
> Task :expo-json-utils:mergeReleaseNativeLibs NO-SOURCE
> Task :expo-json-utils:copyReleaseJniLibsProjectOnly UP-TO-DATE
> Task :expo-log-box:preReleaseBuild UP-TO-DATE
> Task :expo-log-box:mergeReleaseJniLibFolders UP-TO-DATE
> Task :expo-log-box:mergeReleaseNativeLibs NO-SOURCE
> Task :expo-log-box:copyReleaseJniLibsProjectOnly UP-TO-DATE
> Task :expo-manifests:preReleaseBuild UP-TO-DATE
> Task :expo-manifests:mergeReleaseJniLibFolders UP-TO-DATE
> Task :expo-manifests:mergeReleaseNativeLibs NO-SOURCE
> Task :expo-manifests:copyReleaseJniLibsProjectOnly UP-TO-DATE
> Task :expo-modules-core:preReleaseBuild UP-TO-DATE
> Task :expo-modules-core:mergeReleaseJniLibFolders UP-TO-DATE
> Task :expo-updates-interface:preReleaseBuild UP-TO-DATE
> Task :expo-updates-interface:mergeReleaseJniLibFolders UP-TO-DATE
> Task :expo-updates-interface:mergeReleaseNativeLibs NO-SOURCE
> Task :expo-updates-interface:copyReleaseJniLibsProjectOnly UP-TO-DATE
> Task :react-native-async-storage_async-storage:preReleaseBuild UP-TO-DATE
> Task :react-native-async-storage_async-storage:mergeReleaseJniLibFolders UP-TO-DATE
> Task :react-native-async-storage_async-storage:mergeReleaseNativeLibs NO-SOURCE
> Task :react-native-async-storage_async-storage:copyReleaseJniLibsProjectOnly UP-TO-DATE
> Task :react-native-firebase_app:preReleaseBuild UP-TO-DATE
> Task :react-native-firebase_app:mergeReleaseJniLibFolders UP-TO-DATE
> Task :react-native-firebase_app:mergeReleaseNativeLibs NO-SOURCE
> Task :react-native-firebase_app:copyReleaseJniLibsProjectOnly UP-TO-DATE
> Task :react-native-firebase_auth:preReleaseBuild UP-TO-DATE
> Task :react-native-firebase_auth:mergeReleaseJniLibFolders UP-TO-DATE
> Task :react-native-firebase_auth:mergeReleaseNativeLibs NO-SOURCE
> Task :react-native-firebase_auth:copyReleaseJniLibsProjectOnly UP-TO-DATE
> Task :react-native-firebase_crashlytics:preReleaseBuild UP-TO-DATE
> Task :react-native-firebase_crashlytics:mergeReleaseJniLibFolders UP-TO-DATE
> Task :react-native-firebase_crashlytics:mergeReleaseNativeLibs NO-SOURCE
> Task :react-native-firebase_crashlytics:copyReleaseJniLibsProjectOnly UP-TO-DATE
> Task :react-native-image-picker:preReleaseBuild UP-TO-DATE
> Task :react-native-image-picker:mergeReleaseJniLibFolders UP-TO-DATE
> Task :react-native-image-picker:mergeReleaseNativeLibs NO-SOURCE
> Task :react-native-image-picker:copyReleaseJniLibsProjectOnly UP-TO-DATE
> Task :react-native-maps:preReleaseBuild UP-TO-DATE
> Task :react-native-maps:mergeReleaseJniLibFolders UP-TO-DATE
> Task :react-native-maps:mergeReleaseNativeLibs NO-SOURCE
> Task :react-native-maps:copyReleaseJniLibsProjectOnly UP-TO-DATE
> Task :react-native-safe-area-context:preReleaseBuild UP-TO-DATE
> Task :react-native-safe-area-context:mergeReleaseJniLibFolders UP-TO-DATE
> Task :react-native-safe-area-context:mergeReleaseNativeLibs NO-SOURCE
> Task :react-native-safe-area-context:copyReleaseJniLibsProjectOnly UP-TO-DATE
> Task :react-native-screens:preReleaseBuild UP-TO-DATE
> Task :react-native-reanimated:assertMinimalReactNativeVersionTask
> Task :react-native-reanimated:assertNewArchitectureEnabledTask SKIPPED
> Task :react-native-worklets:assertMinimalReactNativeVersionTask
> Task :react-native-worklets:assertNewArchitectureEnabledTask SKIPPED

> Task :expo-constants:createExpoConfig
The NODE_ENV environment variable is required but was not specified. Ensure the project is bundled with Expo CLI or NODE_ENV is set. Using only .env.local and .env

> Task :react-native-worklets:generateCodegenSchemaFromJavaScript UP-TO-DATE
> Task :react-native-worklets:generateCodegenArtifactsFromSchema UP-TO-DATE
> Task :react-native-worklets:prepareWorkletsHeadersForPrefabs UP-TO-DATE
> Task :react-native-worklets:preBuild
> Task :react-native-worklets:preReleaseBuild

> Task :expo-constants:createExpoConfig
[33m› [1m[@sentry/react-native/expo][22m Missing config for [1morganization, project[22m. Environment variables will be used as a fallback during the build. https://docs.sentry.io/platforms/react-native/manual-setup/[0m

> Task :react-native-reanimated:assertWorkletsVersionTask
> Task :react-native-reanimated:generateCodegenSchemaFromJavaScript UP-TO-DATE
> Task :react-native-reanimated:generateCodegenArtifactsFromSchema UP-TO-DATE
> Task :react-native-reanimated:prepareReanimatedHeadersForPrefabs UP-TO-DATE
> Task :react-native-reanimated:preBuild
> Task :react-native-reanimated:preReleaseBuild
> Task :react-native-reanimated:mergeReleaseJniLibFolders UP-TO-DATE
> Task :react-native-svg:preReleaseBuild UP-TO-DATE
> Task :react-native-svg:mergeReleaseJniLibFolders UP-TO-DATE
> Task :react-native-svg:mergeReleaseNativeLibs NO-SOURCE
> Task :react-native-svg:copyReleaseJniLibsProjectOnly UP-TO-DATE
> Task :react-native-webview:preReleaseBuild UP-TO-DATE
> Task :react-native-webview:mergeReleaseJniLibFolders UP-TO-DATE
> Task :react-native-webview:mergeReleaseNativeLibs NO-SOURCE
> Task :react-native-webview:copyReleaseJniLibsProjectOnly UP-TO-DATE
> Task :sentry_react-native:preReleaseBuild UP-TO-DATE
> Task :sentry_react-native:mergeReleaseJniLibFolders UP-TO-DATE
> Task :sentry_react-native:mergeReleaseNativeLibs NO-SOURCE
> Task :sentry_react-native:copyReleaseJniLibsProjectOnly UP-TO-DATE
> Task :react-native-maps:checkKotlinGradlePluginConfigurationErrors SKIPPED
> Task :react-native-maps:generateReleaseBuildConfig UP-TO-DATE
> Task :react-native-maps:generateReleaseResValues UP-TO-DATE
> Task :react-native-maps:generateReleaseResources UP-TO-DATE
> Task :react-native-maps:packageReleaseResources UP-TO-DATE
> Task :react-native-maps:parseReleaseLocalResources UP-TO-DATE
> Task :react-native-maps:generateReleaseRFile UP-TO-DATE
> Task :react-native-maps:compileReleaseKotlin NO-SOURCE
> Task :react-native-maps:javaPreCompileRelease UP-TO-DATE
> Task :expo-constants:preBuild
> Task :app:preBuild
> Task :app:preReleaseBuild
> Task :app:mergeReleaseJniLibFolders UP-TO-DATE
> Task :expo-constants:preReleaseBuild
> Task :expo-constants:mergeReleaseJniLibFolders UP-TO-DATE
> Task :expo-constants:mergeReleaseNativeLibs NO-SOURCE
> Task :expo-constants:copyReleaseJniLibsProjectOnly UP-TO-DATE
> Task :react-native-safe-area-context:checkKotlinGradlePluginConfigurationErrors SKIPPED
> Task :react-native-safe-area-context:generateReleaseBuildConfig UP-TO-DATE
> Task :react-native-safe-area-context:generateReleaseResValues UP-TO-DATE
> Task :react-native-safe-area-context:generateReleaseResources UP-TO-DATE
> Task :react-native-safe-area-context:packageReleaseResources UP-TO-DATE
> Task :react-native-safe-area-context:parseReleaseLocalResources UP-TO-DATE
> Task :react-native-safe-area-context:generateReleaseRFile UP-TO-DATE
> Task :react-native-maps:compileReleaseJavaWithJavac UP-TO-DATE
> Task :react-native-maps:bundleLibRuntimeToDirRelease UP-TO-DATE
> Task :react-native-webview:checkKotlinGradlePluginConfigurationErrors SKIPPED
> Task :react-native-webview:generateReleaseBuildConfig UP-TO-DATE
> Task :react-native-webview:generateReleaseResValues UP-TO-DATE
> Task :react-native-webview:generateReleaseResources UP-TO-DATE
> Task :react-native-webview:packageReleaseResources UP-TO-DATE
> Task :react-native-webview:parseReleaseLocalResources UP-TO-DATE
> Task :react-native-webview:generateReleaseRFile UP-TO-DATE
> Task :react-native-safe-area-context:compileReleaseKotlin UP-TO-DATE
> Task :react-native-safe-area-context:javaPreCompileRelease UP-TO-DATE
> Task :react-native-safe-area-context:compileReleaseJavaWithJavac UP-TO-DATE
> Task :react-native-safe-area-context:bundleLibRuntimeToDirRelease UP-TO-DATE
> Task :react-native-webview:compileReleaseKotlin UP-TO-DATE
> Task :react-native-webview:javaPreCompileRelease UP-TO-DATE
> Task :react-native-webview:compileReleaseJavaWithJavac UP-TO-DATE
> Task :react-native-webview:bundleLibRuntimeToDirRelease UP-TO-DATE
> Task :react-native-reanimated:generateReleaseBuildConfig UP-TO-DATE
> Task :react-native-reanimated:generateReleaseResValues UP-TO-DATE
> Task :expo:checkKotlinGradlePluginConfigurationErrors SKIPPED
> Task :expo:generateReleaseBuildConfig UP-TO-DATE
> Task :react-native-reanimated:generateReleaseResources UP-TO-DATE
> Task :expo:generateReleaseResValues UP-TO-DATE
> Task :expo:generateReleaseResources UP-TO-DATE
> Task :react-native-reanimated:packageReleaseResources UP-TO-DATE
> Task :react-native-reanimated:parseReleaseLocalResources UP-TO-DATE
> Task :expo:packageReleaseResources UP-TO-DATE
> Task :react-native-reanimated:generateReleaseRFile UP-TO-DATE
> Task :expo:parseReleaseLocalResources UP-TO-DATE
> Task :react-native-reanimated:javaPreCompileRelease UP-TO-DATE
> Task :expo-constants:checkKotlinGradlePluginConfigurationErrors SKIPPED
> Task :expo:generateReleaseRFile UP-TO-DATE
> Task :expo-modules-core:checkKotlinGradlePluginConfigurationErrors SKIPPED
> Task :expo-constants:generateReleaseBuildConfig UP-TO-DATE
> Task :expo-modules-core:generateReleaseBuildConfig UP-TO-DATE
> Task :expo-constants:generateReleaseResValues UP-TO-DATE
> Task :expo-constants:generateReleaseResources UP-TO-DATE
> Task :expo-constants:packageReleaseResources UP-TO-DATE
> Task :expo-modules-core:generateReleaseResValues UP-TO-DATE
> Task :expo-constants:parseReleaseLocalResources UP-TO-DATE
> Task :expo-modules-core:generateReleaseResources UP-TO-DATE
> Task :expo-modules-core:packageReleaseResources UP-TO-DATE
> Task :expo-constants:generateReleaseRFile UP-TO-DATE
> Task :expo-constants:javaPreCompileRelease UP-TO-DATE
> Task :expo-dev-client:checkKotlinGradlePluginConfigurationErrors SKIPPED
> Task :expo-modules-core:parseReleaseLocalResources UP-TO-DATE
> Task :expo-modules-core:generateReleaseRFile UP-TO-DATE
> Task :expo-modules-core:javaPreCompileRelease UP-TO-DATE
> Task :expo-dev-launcher:checkKotlinGradlePluginConfigurationErrors SKIPPED
> Task :expo-dev-client:dataBindingMergeDependencyArtifactsRelease UP-TO-DATE
> Task :expo-dev-client:generateReleaseResValues UP-TO-DATE
> Task :expo-dev-client:generateReleaseResources UP-TO-DATE
> Task :expo-dev-client:packageReleaseResources UP-TO-DATE
> Task :expo-dev-client:parseReleaseLocalResources UP-TO-DATE
> Task :expo-dev-launcher:dataBindingMergeDependencyArtifactsRelease UP-TO-DATE
> Task :expo-dev-launcher:generateReleaseResValues UP-TO-DATE
> Task :expo-dev-launcher:generateReleaseResources UP-TO-DATE
> Task :expo-dev-launcher:packageReleaseResources UP-TO-DATE
> Task :expo-dev-launcher:parseReleaseLocalResources UP-TO-DATE
> Task :expo-dev-client:dataBindingGenBaseClassesRelease UP-TO-DATE
> Task :expo-dev-client:generateReleaseBuildConfig UP-TO-DATE
> Task :expo-dev-client:generateReleaseRFile UP-TO-DATE
> Task :expo-dev-client:javaPreCompileRelease UP-TO-DATE
> Task :expo-dev-menu:checkKotlinGradlePluginConfigurationErrors SKIPPED
> Task :expo-dev-menu:generateReleaseBuildConfig UP-TO-DATE
> Task :expo-dev-menu:generateReleaseResValues UP-TO-DATE
> Task :expo-dev-menu:generateReleaseResources UP-TO-DATE
> Task :expo-dev-menu:packageReleaseResources UP-TO-DATE
> Task :expo-dev-menu:parseReleaseLocalResources UP-TO-DATE
> Task :expo-dev-menu:generateReleaseRFile UP-TO-DATE
> Task :expo-dev-menu:javaPreCompileRelease UP-TO-DATE
> Task :expo-dev-menu-interface:checkKotlinGradlePluginConfigurationErrors SKIPPED
> Task :expo-dev-menu-interface:generateReleaseBuildConfig UP-TO-DATE
> Task :expo-dev-menu-interface:generateReleaseResValues UP-TO-DATE
> Task :expo-dev-menu-interface:generateReleaseResources UP-TO-DATE
> Task :expo-dev-menu-interface:packageReleaseResources UP-TO-DATE
> Task :expo-dev-menu-interface:parseReleaseLocalResources UP-TO-DATE
> Task :expo-dev-menu-interface:generateReleaseRFile UP-TO-DATE
> Task :expo-dev-menu-interface:javaPreCompileRelease UP-TO-DATE
> Task :expo-json-utils:checkKotlinGradlePluginConfigurationErrors SKIPPED
> Task :expo-json-utils:generateReleaseBuildConfig UP-TO-DATE
> Task :expo-json-utils:generateReleaseResValues UP-TO-DATE
> Task :expo-json-utils:generateReleaseResources UP-TO-DATE
> Task :expo-json-utils:packageReleaseResources UP-TO-DATE
> Task :expo-json-utils:parseReleaseLocalResources UP-TO-DATE
> Task :expo-json-utils:generateReleaseRFile UP-TO-DATE
> Task :expo-json-utils:javaPreCompileRelease UP-TO-DATE
> Task :expo-log-box:checkKotlinGradlePluginConfigurationErrors SKIPPED
> Task :expo-log-box:generateReleaseBuildConfig UP-TO-DATE
> Task :expo-log-box:generateReleaseResValues UP-TO-DATE
> Task :expo-log-box:generateReleaseResources UP-TO-DATE
> Task :expo-log-box:packageReleaseResources UP-TO-DATE
> Task :expo-log-box:parseReleaseLocalResources UP-TO-DATE
> Task :expo-log-box:generateReleaseRFile UP-TO-DATE
> Task :expo-log-box:javaPreCompileRelease UP-TO-DATE
> Task :expo-manifests:checkKotlinGradlePluginConfigurationErrors SKIPPED
> Task :expo-manifests:generateReleaseBuildConfig UP-TO-DATE
> Task :expo-manifests:generateReleaseResValues UP-TO-DATE
> Task :expo-manifests:generateReleaseResources UP-TO-DATE
> Task :expo-manifests:packageReleaseResources UP-TO-DATE
> Task :expo-manifests:parseReleaseLocalResources UP-TO-DATE
> Task :expo-manifests:generateReleaseRFile UP-TO-DATE
> Task :expo-manifests:javaPreCompileRelease UP-TO-DATE
> Task :expo-updates-interface:checkKotlinGradlePluginConfigurationErrors SKIPPED
> Task :expo-updates-interface:generateReleaseBuildConfig UP-TO-DATE
> Task :expo-updates-interface:generateReleaseResValues UP-TO-DATE
> Task :expo-updates-interface:generateReleaseResources UP-TO-DATE
> Task :expo-updates-interface:packageReleaseResources UP-TO-DATE
> Task :expo-updates-interface:parseReleaseLocalResources UP-TO-DATE
> Task :expo-updates-interface:generateReleaseRFile UP-TO-DATE
> Task :expo-updates-interface:javaPreCompileRelease UP-TO-DATE
> Task :expo:javaPreCompileRelease UP-TO-DATE
> Task :react-native-async-storage_async-storage:generateReleaseBuildConfig UP-TO-DATE
> Task :react-native-async-storage_async-storage:generateReleaseResValues UP-TO-DATE
> Task :react-native-async-storage_async-storage:generateReleaseResources UP-TO-DATE
> Task :react-native-async-storage_async-storage:packageReleaseResources UP-TO-DATE
> Task :react-native-async-storage_async-storage:parseReleaseLocalResources UP-TO-DATE
> Task :react-native-async-storage_async-storage:generateReleaseRFile UP-TO-DATE
> Task :react-native-async-storage_async-storage:javaPreCompileRelease UP-TO-DATE
> Task :react-native-async-storage_async-storage:compileReleaseJavaWithJavac UP-TO-DATE
> Task :react-native-async-storage_async-storage:bundleLibRuntimeToDirRelease UP-TO-DATE
> Task :react-native-firebase_app:generateReleaseBuildConfig UP-TO-DATE
> Task :react-native-firebase_app:generateReleaseResValues UP-TO-DATE
> Task :react-native-firebase_app:generateReleaseResources UP-TO-DATE
> Task :react-native-firebase_app:packageReleaseResources UP-TO-DATE
> Task :react-native-firebase_app:parseReleaseLocalResources UP-TO-DATE
> Task :react-native-firebase_app:generateReleaseRFile UP-TO-DATE
> Task :react-native-firebase_app:javaPreCompileRelease UP-TO-DATE
> Task :react-native-firebase_app:compileReleaseJavaWithJavac UP-TO-DATE
> Task :react-native-firebase_app:bundleLibCompileToJarRelease UP-TO-DATE
> Task :react-native-firebase_auth:generateReleaseBuildConfig UP-TO-DATE
> Task :react-native-firebase_auth:generateReleaseResValues UP-TO-DATE
> Task :react-native-firebase_auth:generateReleaseResources UP-TO-DATE
> Task :react-native-firebase_auth:packageReleaseResources UP-TO-DATE
> Task :react-native-firebase_auth:parseReleaseLocalResources UP-TO-DATE
> Task :react-native-firebase_auth:generateReleaseRFile UP-TO-DATE
> Task :react-native-firebase_auth:javaPreCompileRelease UP-TO-DATE
> Task :expo-dev-launcher:dataBindingGenBaseClassesRelease UP-TO-DATE
> Task :expo-dev-launcher:generateReleaseBuildConfig UP-TO-DATE
> Task :expo-dev-launcher:generateReleaseRFile UP-TO-DATE
> Task :expo-dev-launcher:javaPreCompileRelease UP-TO-DATE
> Task :react-native-firebase_crashlytics:generateReleaseBuildConfig UP-TO-DATE
> Task :react-native-firebase_crashlytics:generateReleaseResValues UP-TO-DATE
> Task :react-native-firebase_crashlytics:generateReleaseResources UP-TO-DATE
> Task :react-native-firebase_crashlytics:packageReleaseResources UP-TO-DATE
> Task :react-native-firebase_crashlytics:parseReleaseLocalResources UP-TO-DATE
> Task :react-native-firebase_crashlytics:generateReleaseRFile UP-TO-DATE
> Task :react-native-firebase_crashlytics:javaPreCompileRelease UP-TO-DATE
> Task :react-native-firebase_auth:compileReleaseJavaWithJavac UP-TO-DATE
> Task :react-native-firebase_auth:bundleLibRuntimeToDirRelease UP-TO-DATE
> Task :react-native-firebase_app:bundleLibRuntimeToDirRelease UP-TO-DATE
> Task :react-native-firebase_crashlytics:compileReleaseJavaWithJavac UP-TO-DATE
> Task :react-native-firebase_crashlytics:bundleLibRuntimeToDirRelease UP-TO-DATE
> Task :sentry_react-native:generateReleaseBuildConfig UP-TO-DATE
> Task :sentry_react-native:generateReleaseResValues UP-TO-DATE
> Task :sentry_react-native:generateReleaseResources UP-TO-DATE
> Task :sentry_react-native:packageReleaseResources UP-TO-DATE
> Task :sentry_react-native:parseReleaseLocalResources UP-TO-DATE
> Task :sentry_react-native:generateReleaseRFile UP-TO-DATE
> Task :sentry_react-native:javaPreCompileRelease UP-TO-DATE
> Task :react-native-image-picker:generateReleaseBuildConfig UP-TO-DATE
> Task :react-native-image-picker:generateReleaseResValues UP-TO-DATE
> Task :react-native-image-picker:generateReleaseResources UP-TO-DATE
> Task :react-native-image-picker:packageReleaseResources UP-TO-DATE
> Task :react-native-image-picker:parseReleaseLocalResources UP-TO-DATE
> Task :react-native-image-picker:generateReleaseRFile UP-TO-DATE
> Task :react-native-image-picker:javaPreCompileRelease UP-TO-DATE
> Task :sentry_react-native:compileReleaseJavaWithJavac UP-TO-DATE
> Task :sentry_react-native:bundleLibRuntimeToDirRelease UP-TO-DATE
> Task :react-native-svg:generateReleaseBuildConfig UP-TO-DATE
> Task :react-native-svg:generateReleaseResValues UP-TO-DATE
> Task :react-native-svg:generateReleaseResources UP-TO-DATE
> Task :react-native-svg:packageReleaseResources UP-TO-DATE
> Task :react-native-svg:parseReleaseLocalResources UP-TO-DATE
> Task :react-native-svg:generateReleaseRFile UP-TO-DATE
> Task :react-native-image-picker:compileReleaseJavaWithJavac UP-TO-DATE
> Task :react-native-image-picker:bundleLibRuntimeToDirRelease UP-TO-DATE
> Task :react-native-svg:javaPreCompileRelease UP-TO-DATE
> Task :react-native-svg:compileReleaseJavaWithJavac UP-TO-DATE
> Task :react-native-svg:bundleLibRuntimeToDirRelease UP-TO-DATE
> Task :expo:writeReleaseAarMetadata UP-TO-DATE
> Task :expo-constants:writeReleaseAarMetadata UP-TO-DATE
> Task :expo-dev-client:writeReleaseAarMetadata UP-TO-DATE
> Task :expo-dev-launcher:writeReleaseAarMetadata UP-TO-DATE
> Task :expo-dev-menu:writeReleaseAarMetadata UP-TO-DATE
> Task :expo-dev-menu-interface:writeReleaseAarMetadata UP-TO-DATE
> Task :expo-json-utils:writeReleaseAarMetadata UP-TO-DATE
> Task :expo-log-box:writeReleaseAarMetadata UP-TO-DATE
> Task :expo-manifests:writeReleaseAarMetadata UP-TO-DATE
> Task :expo-modules-core:writeReleaseAarMetadata UP-TO-DATE
> Task :expo-updates-interface:writeReleaseAarMetadata UP-TO-DATE
> Task :react-native-async-storage_async-storage:writeReleaseAarMetadata UP-TO-DATE
> Task :react-native-firebase_app:writeReleaseAarMetadata UP-TO-DATE
> Task :react-native-firebase_auth:writeReleaseAarMetadata UP-TO-DATE
> Task :react-native-firebase_crashlytics:writeReleaseAarMetadata UP-TO-DATE
> Task :react-native-image-picker:writeReleaseAarMetadata UP-TO-DATE
> Task :react-native-maps:writeReleaseAarMetadata UP-TO-DATE
> Task :react-native-reanimated:writeReleaseAarMetadata UP-TO-DATE
> Task :react-native-safe-area-context:writeReleaseAarMetadata UP-TO-DATE
> Task :react-native-svg:writeReleaseAarMetadata UP-TO-DATE
> Task :react-native-webview:writeReleaseAarMetadata UP-TO-DATE
> Task :sentry_react-native:writeReleaseAarMetadata UP-TO-DATE
> Task :expo:extractDeepLinksRelease UP-TO-DATE
> Task :expo:processReleaseManifest UP-TO-DATE
> Task :expo-constants:extractDeepLinksRelease UP-TO-DATE
> Task :expo-constants:processReleaseManifest UP-TO-DATE
> Task :expo-dev-client:extractDeepLinksRelease UP-TO-DATE
> Task :expo-dev-client:processReleaseManifest UP-TO-DATE
> Task :expo-dev-launcher:extractDeepLinksRelease UP-TO-DATE
> Task :expo-dev-launcher:processReleaseManifest UP-TO-DATE
> Task :expo-dev-menu:extractDeepLinksRelease UP-TO-DATE
> Task :expo-dev-menu:processReleaseManifest UP-TO-DATE
> Task :expo-dev-menu-interface:extractDeepLinksRelease UP-TO-DATE
> Task :expo-dev-menu-interface:processReleaseManifest UP-TO-DATE
> Task :expo-json-utils:extractDeepLinksRelease UP-TO-DATE
> Task :expo-json-utils:processReleaseManifest UP-TO-DATE
> Task :expo-log-box:extractDeepLinksRelease UP-TO-DATE
> Task :expo-log-box:processReleaseManifest UP-TO-DATE
> Task :expo-manifests:extractDeepLinksRelease UP-TO-DATE
> Task :expo-manifests:processReleaseManifest UP-TO-DATE
> Task :expo-modules-core:extractDeepLinksRelease UP-TO-DATE
> Task :expo-modules-core:processReleaseManifest UP-TO-DATE
> Task :expo-updates-interface:extractDeepLinksRelease UP-TO-DATE
> Task :expo-updates-interface:processReleaseManifest UP-TO-DATE
> Task :react-native-async-storage_async-storage:extractDeepLinksRelease UP-TO-DATE
> Task :react-native-async-storage_async-storage:processReleaseManifest UP-TO-DATE
> Task :react-native-firebase_app:extractDeepLinksRelease UP-TO-DATE
> Task :react-native-firebase_app:processReleaseManifest UP-TO-DATE
> Task :react-native-firebase_auth:extractDeepLinksRelease UP-TO-DATE
> Task :react-native-firebase_auth:processReleaseManifest UP-TO-DATE
> Task :react-native-firebase_crashlytics:extractDeepLinksRelease UP-TO-DATE
> Task :react-native-firebase_crashlytics:processReleaseManifest UP-TO-DATE
> Task :react-native-image-picker:extractDeepLinksRelease UP-TO-DATE
> Task :react-native-image-picker:processReleaseManifest UP-TO-DATE
> Task :react-native-maps:extractDeepLinksRelease UP-TO-DATE
> Task :react-native-maps:processReleaseManifest UP-TO-DATE
> Task :react-native-reanimated:extractDeepLinksRelease UP-TO-DATE
> Task :react-native-reanimated:processReleaseManifest UP-TO-DATE
> Task :react-native-safe-area-context:extractDeepLinksRelease UP-TO-DATE
> Task :react-native-safe-area-context:processReleaseManifest UP-TO-DATE
> Task :react-native-svg:extractDeepLinksRelease UP-TO-DATE
> Task :react-native-svg:processReleaseManifest UP-TO-DATE
> Task :react-native-webview:extractDeepLinksRelease UP-TO-DATE
> Task :react-native-webview:processReleaseManifest UP-TO-DATE
> Task :sentry_react-native:extractDeepLinksRelease UP-TO-DATE
> Task :sentry_react-native:processReleaseManifest UP-TO-DATE
> Task :expo:compileReleaseLibraryResources UP-TO-DATE
> Task :expo-constants:compileReleaseLibraryResources UP-TO-DATE
> Task :expo-dev-client:compileReleaseLibraryResources UP-TO-DATE
> Task :expo-dev-launcher:compileReleaseLibraryResources UP-TO-DATE
> Task :expo-dev-menu:compileReleaseLibraryResources UP-TO-DATE
> Task :expo-dev-menu-interface:compileReleaseLibraryResources UP-TO-DATE
> Task :expo-json-utils:compileReleaseLibraryResources UP-TO-DATE
> Task :expo-log-box:compileReleaseLibraryResources UP-TO-DATE
> Task :expo-manifests:compileReleaseLibraryResources UP-TO-DATE
> Task :expo-modules-core:compileReleaseLibraryResources UP-TO-DATE
> Task :expo-updates-interface:compileReleaseLibraryResources UP-TO-DATE
> Task :react-native-async-storage_async-storage:compileReleaseLibraryResources UP-TO-DATE
> Task :react-native-firebase_app:compileReleaseLibraryResources UP-TO-DATE
> Task :react-native-firebase_auth:compileReleaseLibraryResources UP-TO-DATE
> Task :react-native-firebase_crashlytics:compileReleaseLibraryResources UP-TO-DATE
> Task :react-native-image-picker:compileReleaseLibraryResources UP-TO-DATE
> Task :react-native-maps:compileReleaseLibraryResources UP-TO-DATE
> Task :react-native-reanimated:compileReleaseLibraryResources UP-TO-DATE
> Task :react-native-safe-area-context:compileReleaseLibraryResources UP-TO-DATE
> Task :react-native-svg:compileReleaseLibraryResources UP-TO-DATE
> Task :react-native-webview:compileReleaseLibraryResources UP-TO-DATE
> Task :sentry_react-native:compileReleaseLibraryResources UP-TO-DATE
> Task :react-native-async-storage_async-storage:bundleLibCompileToJarRelease UP-TO-DATE
> Task :react-native-firebase_auth:bundleLibCompileToJarRelease UP-TO-DATE
> Task :react-native-firebase_crashlytics:bundleLibCompileToJarRelease UP-TO-DATE
> Task :react-native-image-picker:bundleLibCompileToJarRelease UP-TO-DATE
> Task :react-native-maps:bundleLibCompileToJarRelease UP-TO-DATE
> Task :react-native-safe-area-context:bundleLibCompileToJarRelease UP-TO-DATE
> Task :react-native-svg:bundleLibCompileToJarRelease UP-TO-DATE
> Task :react-native-webview:bundleLibCompileToJarRelease UP-TO-DATE
> Task :sentry_react-native:bundleLibCompileToJarRelease UP-TO-DATE
> Task :expo:prepareReleaseArtProfile UP-TO-DATE
> Task :expo-constants:prepareReleaseArtProfile UP-TO-DATE
> Task :expo-dev-client:prepareReleaseArtProfile UP-TO-DATE
> Task :expo-dev-launcher:prepareReleaseArtProfile UP-TO-DATE
> Task :expo-dev-menu:prepareReleaseArtProfile UP-TO-DATE
> Task :expo-dev-menu-interface:prepareReleaseArtProfile UP-TO-DATE
> Task :expo-json-utils:prepareReleaseArtProfile UP-TO-DATE
> Task :expo-log-box:prepareReleaseArtProfile UP-TO-DATE
> Task :expo-manifests:prepareReleaseArtProfile UP-TO-DATE
> Task :expo-modules-core:prepareReleaseArtProfile UP-TO-DATE
> Task :expo-updates-interface:prepareReleaseArtProfile UP-TO-DATE
> Task :react-native-async-storage_async-storage:prepareReleaseArtProfile UP-TO-DATE
> Task :react-native-firebase_app:prepareReleaseArtProfile UP-TO-DATE
> Task :react-native-firebase_auth:prepareReleaseArtProfile UP-TO-DATE
> Task :react-native-firebase_crashlytics:prepareReleaseArtProfile UP-TO-DATE
> Task :react-native-image-picker:prepareReleaseArtProfile UP-TO-DATE
> Task :react-native-maps:prepareReleaseArtProfile UP-TO-DATE
> Task :react-native-reanimated:prepareReleaseArtProfile UP-TO-DATE
> Task :react-native-safe-area-context:prepareReleaseArtProfile UP-TO-DATE
> Task :react-native-svg:prepareReleaseArtProfile UP-TO-DATE
> Task :react-native-webview:prepareReleaseArtProfile UP-TO-DATE
> Task :sentry_react-native:prepareReleaseArtProfile UP-TO-DATE
> Task :react-native-maps:bundleLibRuntimeToJarRelease UP-TO-DATE
> Task :react-native-screens:configureCMakeRelWithDebInfo[arm64-v8a]
> Task :react-native-safe-area-context:bundleLibRuntimeToJarRelease UP-TO-DATE
> Task :react-native-webview:bundleLibRuntimeToJarRelease UP-TO-DATE
> Task :react-native-async-storage_async-storage:bundleLibRuntimeToJarRelease UP-TO-DATE
> Task :react-native-firebase_auth:bundleLibRuntimeToJarRelease UP-TO-DATE
> Task :react-native-firebase_crashlytics:bundleLibRuntimeToJarRelease UP-TO-DATE
> Task :react-native-firebase_app:bundleLibRuntimeToJarRelease UP-TO-DATE
> Task :sentry_react-native:bundleLibRuntimeToJarRelease UP-TO-DATE
> Task :react-native-image-picker:bundleLibRuntimeToJarRelease UP-TO-DATE
> Task :react-native-svg:bundleLibRuntimeToJarRelease UP-TO-DATE
> Task :expo:mergeReleaseShaders UP-TO-DATE
> Task :expo:compileReleaseShaders NO-SOURCE
> Task :expo:generateReleaseAssets UP-TO-DATE
> Task :expo:mergeReleaseAssets UP-TO-DATE
> Task :expo-constants:mergeReleaseShaders UP-TO-DATE
> Task :expo-constants:compileReleaseShaders NO-SOURCE
> Task :expo-constants:generateReleaseAssets UP-TO-DATE
> Task :expo-constants:mergeReleaseAssets UP-TO-DATE
> Task :expo-dev-client:mergeReleaseShaders UP-TO-DATE
> Task :expo-dev-client:compileReleaseShaders NO-SOURCE
> Task :expo-dev-client:generateReleaseAssets UP-TO-DATE
> Task :expo-dev-client:mergeReleaseAssets UP-TO-DATE
> Task :expo-dev-launcher:mergeReleaseShaders UP-TO-DATE
> Task :expo-dev-launcher:compileReleaseShaders NO-SOURCE
> Task :expo-dev-launcher:generateReleaseAssets UP-TO-DATE
> Task :expo-dev-launcher:mergeReleaseAssets UP-TO-DATE
> Task :expo-dev-menu:mergeReleaseShaders UP-TO-DATE
> Task :expo-dev-menu:compileReleaseShaders NO-SOURCE
> Task :expo-dev-menu:generateReleaseAssets UP-TO-DATE
> Task :expo-dev-menu:mergeReleaseAssets UP-TO-DATE
> Task :expo-dev-menu-interface:mergeReleaseShaders UP-TO-DATE
> Task :expo-dev-menu-interface:compileReleaseShaders NO-SOURCE
> Task :expo-dev-menu-interface:generateReleaseAssets UP-TO-DATE
> Task :expo-dev-menu-interface:mergeReleaseAssets UP-TO-DATE
> Task :expo-json-utils:mergeReleaseShaders UP-TO-DATE
> Task :expo-json-utils:compileReleaseShaders NO-SOURCE
> Task :expo-json-utils:generateReleaseAssets UP-TO-DATE
> Task :expo-json-utils:mergeReleaseAssets UP-TO-DATE
> Task :expo-log-box:mergeReleaseShaders UP-TO-DATE
> Task :expo-log-box:compileReleaseShaders NO-SOURCE
> Task :expo-log-box:generateReleaseAssets UP-TO-DATE
> Task :expo-log-box:mergeReleaseAssets UP-TO-DATE
> Task :expo-manifests:mergeReleaseShaders UP-TO-DATE
> Task :expo-manifests:compileReleaseShaders NO-SOURCE
> Task :expo-manifests:generateReleaseAssets UP-TO-DATE
> Task :expo-manifests:mergeReleaseAssets UP-TO-DATE
> Task :expo-modules-core:mergeReleaseShaders UP-TO-DATE
> Task :expo-modules-core:compileReleaseShaders NO-SOURCE
> Task :expo-modules-core:generateReleaseAssets UP-TO-DATE
> Task :expo-modules-core:mergeReleaseAssets UP-TO-DATE
> Task :expo-updates-interface:mergeReleaseShaders UP-TO-DATE
> Task :expo-updates-interface:compileReleaseShaders NO-SOURCE
> Task :expo-updates-interface:generateReleaseAssets UP-TO-DATE
> Task :expo-updates-interface:mergeReleaseAssets UP-TO-DATE
> Task :react-native-async-storage_async-storage:mergeReleaseShaders UP-TO-DATE
> Task :react-native-async-storage_async-storage:compileReleaseShaders NO-SOURCE
> Task :react-native-async-storage_async-storage:generateReleaseAssets UP-TO-DATE
> Task :react-native-async-storage_async-storage:mergeReleaseAssets UP-TO-DATE
> Task :react-native-firebase_app:mergeReleaseShaders UP-TO-DATE
> Task :react-native-firebase_app:compileReleaseShaders NO-SOURCE
> Task :react-native-firebase_app:generateReleaseAssets UP-TO-DATE
> Task :react-native-firebase_app:mergeReleaseAssets UP-TO-DATE
> Task :react-native-firebase_auth:mergeReleaseShaders UP-TO-DATE
> Task :react-native-firebase_auth:compileReleaseShaders NO-SOURCE
> Task :react-native-firebase_auth:generateReleaseAssets UP-TO-DATE
> Task :react-native-firebase_auth:mergeReleaseAssets UP-TO-DATE
> Task :react-native-firebase_crashlytics:mergeReleaseShaders UP-TO-DATE
> Task :react-native-firebase_crashlytics:compileReleaseShaders NO-SOURCE
> Task :react-native-firebase_crashlytics:generateReleaseAssets UP-TO-DATE
> Task :react-native-firebase_crashlytics:mergeReleaseAssets UP-TO-DATE
> Task :react-native-image-picker:mergeReleaseShaders UP-TO-DATE
> Task :react-native-image-picker:compileReleaseShaders NO-SOURCE
> Task :react-native-image-picker:generateReleaseAssets UP-TO-DATE
> Task :react-native-image-picker:mergeReleaseAssets UP-TO-DATE
> Task :react-native-maps:mergeReleaseShaders UP-TO-DATE
> Task :react-native-maps:compileReleaseShaders NO-SOURCE
> Task :react-native-maps:generateReleaseAssets UP-TO-DATE
> Task :react-native-maps:mergeReleaseAssets UP-TO-DATE
> Task :react-native-reanimated:mergeReleaseShaders UP-TO-DATE
> Task :react-native-reanimated:compileReleaseShaders NO-SOURCE
> Task :react-native-reanimated:generateReleaseAssets UP-TO-DATE
> Task :react-native-reanimated:mergeReleaseAssets UP-TO-DATE
> Task :react-native-safe-area-context:mergeReleaseShaders UP-TO-DATE
> Task :react-native-safe-area-context:compileReleaseShaders NO-SOURCE
> Task :react-native-safe-area-context:generateReleaseAssets UP-TO-DATE
> Task :react-native-safe-area-context:mergeReleaseAssets UP-TO-DATE
> Task :react-native-svg:mergeReleaseShaders UP-TO-DATE
> Task :react-native-svg:compileReleaseShaders NO-SOURCE
> Task :react-native-svg:generateReleaseAssets UP-TO-DATE
> Task :react-native-svg:mergeReleaseAssets UP-TO-DATE
> Task :react-native-webview:mergeReleaseShaders UP-TO-DATE
> Task :react-native-webview:compileReleaseShaders NO-SOURCE
> Task :react-native-webview:generateReleaseAssets UP-TO-DATE
> Task :react-native-webview:mergeReleaseAssets UP-TO-DATE
> Task :sentry_react-native:mergeReleaseShaders UP-TO-DATE
> Task :sentry_react-native:compileReleaseShaders NO-SOURCE
> Task :sentry_react-native:generateReleaseAssets UP-TO-DATE
> Task :sentry_react-native:mergeReleaseAssets UP-TO-DATE
> Task :expo:extractProguardFiles UP-TO-DATE
> Task :expo-constants:extractProguardFiles UP-TO-DATE
> Task :expo-modules-core:extractProguardFiles UP-TO-DATE
> Task :expo-modules-core:prepareLintJarForPublish UP-TO-DATE
> Task :expo-constants:prepareLintJarForPublish UP-TO-DATE
> Task :expo-dev-client:extractProguardFiles UP-TO-DATE
> Task :expo-dev-client:prepareLintJarForPublish UP-TO-DATE
> Task :expo-dev-launcher:extractProguardFiles UP-TO-DATE
> Task :expo-dev-launcher:prepareLintJarForPublish UP-TO-DATE
> Task :expo-dev-menu:extractProguardFiles UP-TO-DATE
> Task :expo-dev-menu:prepareLintJarForPublish UP-TO-DATE
> Task :expo-dev-menu-interface:extractProguardFiles UP-TO-DATE
> Task :expo-dev-menu-interface:prepareLintJarForPublish UP-TO-DATE
> Task :expo-json-utils:extractProguardFiles UP-TO-DATE
> Task :expo-json-utils:prepareLintJarForPublish UP-TO-DATE
> Task :expo-log-box:extractProguardFiles UP-TO-DATE
> Task :expo-log-box:prepareLintJarForPublish UP-TO-DATE
> Task :expo-manifests:extractProguardFiles UP-TO-DATE
> Task :expo-manifests:prepareLintJarForPublish UP-TO-DATE
> Task :expo-updates-interface:extractProguardFiles UP-TO-DATE
> Task :expo-updates-interface:prepareLintJarForPublish UP-TO-DATE
> Task :expo:prepareLintJarForPublish UP-TO-DATE
> Task :react-native-async-storage_async-storage:processReleaseJavaRes NO-SOURCE
> Task :react-native-async-storage_async-storage:createFullJarRelease UP-TO-DATE
> Task :react-native-async-storage_async-storage:extractProguardFiles UP-TO-DATE

> Task :react-native-screens:configureCMakeRelWithDebInfo[arm64-v8a]
C/C++: CMake Warning in CMakeLists.txt:
C/C++:   The object file directory
C/C++:     C:/Users/flood/hiconnect/higo-platform/node_modules/.pnpm/react-native-screens@4.25.2_2ff10e5e35d62e75ef3e80445743cd5d/node_modules/react-native-screens/android/.cxx/RelWithDebInfo/606e585m/arm64-v8a/CMakeFiles/rnscreens.dir/./
C/C++:   has 227 characters.  The maximum full path to an object file is 250
C/C++:   characters (see CMAKE_OBJECT_PATH_MAX).  Object file
C/C++:     C_/Users/flood/hiconnect/higo-platform/node_modules/.pnpm/react-native-screens@4.25.2_2ff10e5e35d62e75ef3e80445743cd5d/node_modules/react-native-screens/cpp/RNScreensTurboModule.cpp.o
C/C++:   cannot be safely placed under this directory.  The build may not work
C/C++:   correctly.

> Task :react-native-worklets:configureCMakeRelWithDebInfo[arm64-v8a]
C/C++: CMake Warning in CMakeLists.txt:
C/C++:   The object file directory
C/C++:     C:/Users/flood/hiconnect/higo-platform/node_modules/.pnpm/react-native-worklets@0.8.3_0c963d7fe504361936d05065f4a6a04d/node_modules/react-native-worklets/android/.cxx/RelWithDebInfo/3o5nu4n2/arm64-v8a/CMakeFiles/worklets.dir/./
C/C++:   has 227 characters.  The maximum full path to an object file is 250
C/C++:   characters (see CMAKE_OBJECT_PATH_MAX).  Object file
C/C++:     C_/Users/flood/hiconnect/higo-platform/node_modules/.pnpm/react-native-worklets@0.8.3_0c963d7fe504361936d05065f4a6a04d/node_modules/react-native-worklets/Common/cpp/worklets/AnimationFrameQueue/AnimationFrameBatchinator.cpp.o
C/C++:   cannot be safely placed under this directory.  The build may not work
C/C++:   correctly.

> Task :app:checkReleaseDuplicateClasses UP-TO-DATE
> Task :react-native-async-storage_async-storage:generateReleaseLintModel UP-TO-DATE
> Task :react-native-async-storage_async-storage:prepareLintJarForPublish UP-TO-DATE
> Task :react-native-firebase_app:processReleaseJavaRes NO-SOURCE
> Task :react-native-firebase_app:createFullJarRelease UP-TO-DATE
> Task :react-native-firebase_app:extractProguardFiles UP-TO-DATE
> Task :app:buildKotlinToolingMetadata UP-TO-DATE
> Task :app:checkKotlinGradlePluginConfigurationErrors SKIPPED
> Task :app:generateReleaseBuildConfig UP-TO-DATE

> Task :react-native-screens:buildCMakeRelWithDebInfo[arm64-v8a]
C/C++: CMake Warning in CMakeLists.txt:
C/C++:   The object file directory
C/C++:     C:/Users/flood/hiconnect/higo-platform/node_modules/.pnpm/react-native-screens@4.25.2_2ff10e5e35d62e75ef3e80445743cd5d/node_modules/react-native-screens/android/.cxx/RelWithDebInfo/606e585m/arm64-v8a/CMakeFiles/rnscreens.dir/./
C/C++:   has 227 characters.  The maximum full path to an object file is 250
C/C++:   characters (see CMAKE_OBJECT_PATH_MAX).  Object file
C/C++:     C_/Users/flood/hiconnect/higo-platform/node_modules/.pnpm/react-native-screens@4.25.2_2ff10e5e35d62e75ef3e80445743cd5d/node_modules/react-native-screens/cpp/RNSScreenRemovalListener.cpp.o
C/C++:   cannot be safely placed under this directory.  The build may not work
C/C++:   correctly.

> Task :react-native-firebase_app:generateReleaseLintModel UP-TO-DATE
> Task :react-native-firebase_app:prepareLintJarForPublish UP-TO-DATE
> Task :react-native-firebase_auth:processReleaseJavaRes NO-SOURCE
> Task :react-native-firebase_auth:createFullJarRelease UP-TO-DATE
> Task :react-native-firebase_auth:extractProguardFiles UP-TO-DATE

> Task :react-native-worklets:buildCMakeRelWithDebInfo[arm64-v8a][worklets]
C/C++: CMake Warning in CMakeLists.txt:
C/C++:   The object file directory
C/C++:     C:/Users/flood/hiconnect/higo-platform/node_modules/.pnpm/react-native-worklets@0.8.3_0c963d7fe504361936d05065f4a6a04d/node_modules/react-native-worklets/android/.cxx/RelWithDebInfo/3o5nu4n2/arm64-v8a/CMakeFiles/worklets.dir/./
C/C++:   has 227 characters.  The maximum full path to an object file is 250
C/C++:   characters (see CMAKE_OBJECT_PATH_MAX).  Object file
C/C++:     C_/Users/flood/hiconnect/higo-platform/node_modules/.pnpm/react-native-worklets@0.8.3_0c963d7fe504361936d05065f4a6a04d/node_modules/react-native-worklets/Common/cpp/worklets/Compat/StableApi.cpp.o
C/C++:   cannot be safely placed under this directory.  The build may not work
C/C++:   correctly.

> Task :react-native-firebase_auth:generateReleaseLintModel UP-TO-DATE
> Task :react-native-firebase_auth:prepareLintJarForPublish UP-TO-DATE
> Task :react-native-firebase_crashlytics:processReleaseJavaRes NO-SOURCE
> Task :react-native-firebase_crashlytics:createFullJarRelease UP-TO-DATE
> Task :react-native-firebase_crashlytics:extractProguardFiles UP-TO-DATE
> Task :react-native-firebase_crashlytics:generateReleaseLintModel UP-TO-DATE
> Task :react-native-firebase_crashlytics:prepareLintJarForPublish UP-TO-DATE
> Task :react-native-image-picker:processReleaseJavaRes NO-SOURCE
> Task :react-native-image-picker:createFullJarRelease UP-TO-DATE
> Task :react-native-image-picker:extractProguardFiles UP-TO-DATE
> Task :react-native-image-picker:generateReleaseLintModel UP-TO-DATE
> Task :react-native-image-picker:prepareLintJarForPublish UP-TO-DATE
> Task :react-native-maps:processReleaseJavaRes NO-SOURCE
> Task :react-native-maps:createFullJarRelease UP-TO-DATE
> Task :react-native-maps:extractProguardFiles UP-TO-DATE
> Task :react-native-maps:generateReleaseLintModel UP-TO-DATE
> Task :react-native-maps:prepareLintJarForPublish UP-TO-DATE
> Task :react-native-reanimated:processReleaseJavaRes NO-SOURCE
> Task :react-native-reanimated:extractProguardFiles UP-TO-DATE
> Task :react-native-reanimated:prepareLintJarForPublish UP-TO-DATE
> Task :react-native-safe-area-context:processReleaseJavaRes UP-TO-DATE
> Task :react-native-safe-area-context:createFullJarRelease UP-TO-DATE
> Task :react-native-safe-area-context:extractProguardFiles UP-TO-DATE
> Task :react-native-safe-area-context:generateReleaseLintModel UP-TO-DATE
> Task :react-native-safe-area-context:prepareLintJarForPublish UP-TO-DATE
> Task :react-native-svg:processReleaseJavaRes NO-SOURCE
> Task :react-native-svg:createFullJarRelease UP-TO-DATE
> Task :react-native-svg:extractProguardFiles UP-TO-DATE
> Task :react-native-svg:generateReleaseLintModel UP-TO-DATE
> Task :react-native-svg:prepareLintJarForPublish UP-TO-DATE
> Task :react-native-webview:processReleaseJavaRes UP-TO-DATE
> Task :react-native-webview:createFullJarRelease UP-TO-DATE
> Task :react-native-webview:extractProguardFiles UP-TO-DATE
> Task :react-native-webview:generateReleaseLintModel UP-TO-DATE
> Task :react-native-webview:prepareLintJarForPublish UP-TO-DATE
> Task :sentry_react-native:processReleaseJavaRes NO-SOURCE
> Task :sentry_react-native:createFullJarRelease UP-TO-DATE
> Task :sentry_react-native:extractProguardFiles UP-TO-DATE
> Task :sentry_react-native:generateReleaseLintModel UP-TO-DATE
> Task :sentry_react-native:prepareLintJarForPublish UP-TO-DATE
> Task :react-native-maps:stripReleaseDebugSymbols NO-SOURCE
> Task :react-native-maps:copyReleaseJniLibsProjectAndLocalJars UP-TO-DATE
> Task :react-native-maps:extractDeepLinksForAarRelease UP-TO-DATE
> Task :react-native-maps:extractReleaseAnnotations UP-TO-DATE
> Task :react-native-maps:mergeReleaseGeneratedProguardFiles UP-TO-DATE
> Task :react-native-maps:mergeReleaseConsumerProguardFiles UP-TO-DATE
> Task :react-native-maps:mergeReleaseJavaResource UP-TO-DATE
> Task :react-native-maps:syncReleaseLibJars UP-TO-DATE
> Task :react-native-maps:bundleReleaseLocalLintAar UP-TO-DATE
> Task :react-native-safe-area-context:stripReleaseDebugSymbols NO-SOURCE
> Task :react-native-safe-area-context:copyReleaseJniLibsProjectAndLocalJars UP-TO-DATE
> Task :react-native-safe-area-context:extractDeepLinksForAarRelease UP-TO-DATE
> Task :react-native-safe-area-context:extractReleaseAnnotations UP-TO-DATE
> Task :react-native-safe-area-context:mergeReleaseGeneratedProguardFiles UP-TO-DATE
> Task :react-native-safe-area-context:mergeReleaseConsumerProguardFiles UP-TO-DATE
> Task :react-native-safe-area-context:mergeReleaseJavaResource UP-TO-DATE
> Task :react-native-safe-area-context:syncReleaseLibJars UP-TO-DATE
> Task :react-native-safe-area-context:bundleReleaseLocalLintAar UP-TO-DATE
> Task :react-native-webview:stripReleaseDebugSymbols NO-SOURCE
> Task :react-native-webview:copyReleaseJniLibsProjectAndLocalJars UP-TO-DATE
> Task :react-native-webview:extractDeepLinksForAarRelease UP-TO-DATE
> Task :react-native-webview:extractReleaseAnnotations UP-TO-DATE
> Task :react-native-webview:mergeReleaseGeneratedProguardFiles UP-TO-DATE
> Task :react-native-webview:mergeReleaseConsumerProguardFiles UP-TO-DATE
> Task :react-native-webview:mergeReleaseJavaResource UP-TO-DATE
> Task :react-native-webview:syncReleaseLibJars UP-TO-DATE
> Task :react-native-webview:bundleReleaseLocalLintAar UP-TO-DATE
> Task :react-native-reanimated:extractDeepLinksForAarRelease UP-TO-DATE
> Task :react-native-reanimated:mergeReleaseJavaResource UP-TO-DATE
> Task :expo:stripReleaseDebugSymbols NO-SOURCE
> Task :expo:copyReleaseJniLibsProjectAndLocalJars UP-TO-DATE
> Task :expo:extractDeepLinksForAarRelease UP-TO-DATE
> Task :expo-modules-core:extractDeepLinksForAarRelease UP-TO-DATE
> Task :react-native-async-storage_async-storage:stripReleaseDebugSymbols NO-SOURCE
> Task :react-native-async-storage_async-storage:copyReleaseJniLibsProjectAndLocalJars UP-TO-DATE
> Task :react-native-async-storage_async-storage:extractDeepLinksForAarRelease UP-TO-DATE
> Task :react-native-async-storage_async-storage:extractReleaseAnnotations UP-TO-DATE
> Task :react-native-async-storage_async-storage:mergeReleaseGeneratedProguardFiles UP-TO-DATE
> Task :react-native-async-storage_async-storage:mergeReleaseConsumerProguardFiles UP-TO-DATE
> Task :react-native-async-storage_async-storage:mergeReleaseJavaResource UP-TO-DATE
> Task :react-native-async-storage_async-storage:syncReleaseLibJars UP-TO-DATE
> Task :react-native-async-storage_async-storage:bundleReleaseLocalLintAar UP-TO-DATE
> Task :react-native-firebase_auth:stripReleaseDebugSymbols NO-SOURCE
> Task :react-native-firebase_auth:copyReleaseJniLibsProjectAndLocalJars UP-TO-DATE
> Task :react-native-firebase_auth:extractDeepLinksForAarRelease UP-TO-DATE
> Task :react-native-firebase_auth:extractReleaseAnnotations UP-TO-DATE
> Task :react-native-firebase_auth:mergeReleaseGeneratedProguardFiles UP-TO-DATE
> Task :react-native-firebase_auth:mergeReleaseConsumerProguardFiles UP-TO-DATE
> Task :react-native-firebase_auth:mergeReleaseJavaResource UP-TO-DATE
> Task :react-native-firebase_auth:syncReleaseLibJars UP-TO-DATE
> Task :react-native-firebase_auth:bundleReleaseLocalLintAar UP-TO-DATE
> Task :react-native-firebase_crashlytics:stripReleaseDebugSymbols NO-SOURCE
> Task :react-native-firebase_crashlytics:copyReleaseJniLibsProjectAndLocalJars UP-TO-DATE
> Task :react-native-firebase_crashlytics:extractDeepLinksForAarRelease UP-TO-DATE
> Task :react-native-firebase_crashlytics:extractReleaseAnnotations UP-TO-DATE
> Task :react-native-firebase_crashlytics:mergeReleaseGeneratedProguardFiles UP-TO-DATE
> Task :react-native-firebase_crashlytics:mergeReleaseConsumerProguardFiles UP-TO-DATE
> Task :react-native-firebase_crashlytics:mergeReleaseJavaResource UP-TO-DATE
> Task :react-native-firebase_crashlytics:syncReleaseLibJars UP-TO-DATE
> Task :react-native-firebase_crashlytics:bundleReleaseLocalLintAar UP-TO-DATE
> Task :react-native-firebase_app:stripReleaseDebugSymbols NO-SOURCE
> Task :react-native-firebase_app:copyReleaseJniLibsProjectAndLocalJars UP-TO-DATE
> Task :react-native-firebase_app:extractDeepLinksForAarRelease UP-TO-DATE
> Task :react-native-firebase_app:extractReleaseAnnotations UP-TO-DATE
> Task :react-native-firebase_app:mergeReleaseGeneratedProguardFiles UP-TO-DATE
> Task :react-native-firebase_app:mergeReleaseConsumerProguardFiles UP-TO-DATE
> Task :react-native-firebase_app:mergeReleaseJavaResource UP-TO-DATE
> Task :react-native-firebase_app:syncReleaseLibJars UP-TO-DATE
> Task :react-native-firebase_app:bundleReleaseLocalLintAar UP-TO-DATE
> Task :sentry_react-native:stripReleaseDebugSymbols NO-SOURCE
> Task :sentry_react-native:copyReleaseJniLibsProjectAndLocalJars UP-TO-DATE
> Task :sentry_react-native:extractDeepLinksForAarRelease UP-TO-DATE
> Task :sentry_react-native:extractReleaseAnnotations UP-TO-DATE
> Task :sentry_react-native:mergeReleaseGeneratedProguardFiles UP-TO-DATE
> Task :sentry_react-native:mergeReleaseConsumerProguardFiles UP-TO-DATE
> Task :sentry_react-native:mergeReleaseJavaResource UP-TO-DATE
> Task :sentry_react-native:syncReleaseLibJars UP-TO-DATE
> Task :sentry_react-native:bundleReleaseLocalLintAar UP-TO-DATE
> Task :react-native-image-picker:stripReleaseDebugSymbols NO-SOURCE
> Task :react-native-image-picker:copyReleaseJniLibsProjectAndLocalJars UP-TO-DATE
> Task :react-native-image-picker:extractDeepLinksForAarRelease UP-TO-DATE
> Task :react-native-image-picker:extractReleaseAnnotations UP-TO-DATE
> Task :react-native-image-picker:mergeReleaseGeneratedProguardFiles UP-TO-DATE
> Task :react-native-image-picker:mergeReleaseConsumerProguardFiles UP-TO-DATE
> Task :react-native-image-picker:mergeReleaseJavaResource UP-TO-DATE
> Task :react-native-image-picker:syncReleaseLibJars UP-TO-DATE
> Task :react-native-image-picker:bundleReleaseLocalLintAar UP-TO-DATE
> Task :react-native-svg:stripReleaseDebugSymbols NO-SOURCE
> Task :react-native-svg:copyReleaseJniLibsProjectAndLocalJars UP-TO-DATE
> Task :react-native-svg:extractDeepLinksForAarRelease UP-TO-DATE
> Task :react-native-svg:extractReleaseAnnotations UP-TO-DATE
> Task :react-native-svg:mergeReleaseGeneratedProguardFiles UP-TO-DATE
> Task :react-native-svg:mergeReleaseConsumerProguardFiles UP-TO-DATE
> Task :react-native-svg:mergeReleaseJavaResource UP-TO-DATE
> Task :react-native-svg:syncReleaseLibJars UP-TO-DATE
> Task :react-native-svg:bundleReleaseLocalLintAar UP-TO-DATE
> Task :expo-log-box:stripReleaseDebugSymbols NO-SOURCE
> Task :expo-log-box:copyReleaseJniLibsProjectAndLocalJars UP-TO-DATE
> Task :expo-log-box:extractDeepLinksForAarRelease UP-TO-DATE
> Task :expo-dev-launcher:stripReleaseDebugSymbols NO-SOURCE
> Task :expo-dev-launcher:copyReleaseJniLibsProjectAndLocalJars UP-TO-DATE
> Task :expo-dev-launcher:extractDeepLinksForAarRelease UP-TO-DATE
> Task :expo-dev-menu-interface:stripReleaseDebugSymbols NO-SOURCE
> Task :expo-dev-menu-interface:copyReleaseJniLibsProjectAndLocalJars UP-TO-DATE
> Task :expo-dev-menu-interface:extractDeepLinksForAarRelease UP-TO-DATE
> Task :expo-constants:stripReleaseDebugSymbols NO-SOURCE
> Task :expo-constants:copyReleaseJniLibsProjectAndLocalJars UP-TO-DATE
> Task :expo-constants:extractDeepLinksForAarRelease UP-TO-DATE
> Task :expo-dev-client:stripReleaseDebugSymbols NO-SOURCE
> Task :expo-dev-client:copyReleaseJniLibsProjectAndLocalJars UP-TO-DATE
> Task :expo-dev-client:extractDeepLinksForAarRelease UP-TO-DATE
> Task :expo-dev-menu:stripReleaseDebugSymbols NO-SOURCE
> Task :expo-dev-menu:copyReleaseJniLibsProjectAndLocalJars UP-TO-DATE
> Task :expo-dev-menu:extractDeepLinksForAarRelease UP-TO-DATE
> Task :expo-manifests:stripReleaseDebugSymbols NO-SOURCE
> Task :expo-manifests:copyReleaseJniLibsProjectAndLocalJars UP-TO-DATE
> Task :expo-manifests:extractDeepLinksForAarRelease UP-TO-DATE
> Task :expo-json-utils:stripReleaseDebugSymbols NO-SOURCE
> Task :expo-json-utils:copyReleaseJniLibsProjectAndLocalJars UP-TO-DATE
> Task :expo-json-utils:extractDeepLinksForAarRelease UP-TO-DATE
> Task :expo-updates-interface:stripReleaseDebugSymbols NO-SOURCE
> Task :expo-updates-interface:copyReleaseJniLibsProjectAndLocalJars UP-TO-DATE
> Task :expo-updates-interface:extractDeepLinksForAarRelease UP-TO-DATE
> Task :expo-constants:writeReleaseLintModelMetadata UP-TO-DATE
> Task :expo-dev-client:writeReleaseLintModelMetadata UP-TO-DATE
> Task :expo-dev-launcher:writeReleaseLintModelMetadata UP-TO-DATE
> Task :expo-dev-menu:writeReleaseLintModelMetadata UP-TO-DATE
> Task :expo-dev-menu-interface:writeReleaseLintModelMetadata UP-TO-DATE
> Task :expo-json-utils:writeReleaseLintModelMetadata UP-TO-DATE
> Task :expo-log-box:writeReleaseLintModelMetadata UP-TO-DATE
> Task :expo-manifests:writeReleaseLintModelMetadata UP-TO-DATE
> Task :expo-modules-core:writeReleaseLintModelMetadata UP-TO-DATE
> Task :expo-updates-interface:writeReleaseLintModelMetadata UP-TO-DATE
> Task :expo:writeReleaseLintModelMetadata UP-TO-DATE
> Task :react-native-async-storage_async-storage:lintVitalAnalyzeRelease UP-TO-DATE
> Task :react-native-async-storage_async-storage:writeReleaseLintModelMetadata UP-TO-DATE
> Task :react-native-firebase_app:lintVitalAnalyzeRelease UP-TO-DATE
> Task :react-native-firebase_app:writeReleaseLintModelMetadata UP-TO-DATE
> Task :react-native-firebase_auth:lintVitalAnalyzeRelease UP-TO-DATE
> Task :react-native-firebase_auth:writeReleaseLintModelMetadata UP-TO-DATE
> Task :react-native-firebase_crashlytics:lintVitalAnalyzeRelease UP-TO-DATE
> Task :react-native-firebase_crashlytics:writeReleaseLintModelMetadata UP-TO-DATE
> Task :react-native-image-picker:lintVitalAnalyzeRelease UP-TO-DATE
> Task :react-native-image-picker:writeReleaseLintModelMetadata UP-TO-DATE
> Task :react-native-maps:lintVitalAnalyzeRelease UP-TO-DATE
> Task :react-native-maps:writeReleaseLintModelMetadata UP-TO-DATE
> Task :react-native-reanimated:writeReleaseLintModelMetadata UP-TO-DATE
> Task :react-native-safe-area-context:lintVitalAnalyzeRelease UP-TO-DATE
> Task :react-native-safe-area-context:writeReleaseLintModelMetadata UP-TO-DATE
> Task :react-native-svg:lintVitalAnalyzeRelease UP-TO-DATE
> Task :react-native-svg:writeReleaseLintModelMetadata UP-TO-DATE

> Task :react-native-screens:buildCMakeRelWithDebInfo[arm64-v8a]
C/C++: CMake Warning in CMakeLists.txt:
C/C++:   The object file directory
C/C++:     C:/Users/flood/hiconnect/higo-platform/node_modules/.pnpm/react-native-screens@4.25.2_2ff10e5e35d62e75ef3e80445743cd5d/node_modules/react-native-screens/android/.cxx/RelWithDebInfo/606e585m/arm64-v8a/CMakeFiles/rnscreens.dir/./
C/C++:   has 227 characters.  The maximum full path to an object file is 250
C/C++:   characters (see CMAKE_OBJECT_PATH_MAX).  Object file
C/C++:     C_/Users/flood/hiconnect/higo-platform/node_modules/.pnpm/react-native-screens@4.25.2_2ff10e5e35d62e75ef3e80445743cd5d/node_modules/react-native-screens/cpp/RNSScreenRemovalListener.cpp.o
C/C++:   cannot be safely placed under this directory.  The build may not work
C/C++:   correctly.

> Task :react-native-webview:lintVitalAnalyzeRelease UP-TO-DATE
> Task :react-native-webview:writeReleaseLintModelMetadata UP-TO-DATE
> Task :sentry_react-native:lintVitalAnalyzeRelease UP-TO-DATE
> Task :sentry_react-native:writeReleaseLintModelMetadata UP-TO-DATE
> Task :react-native-async-storage_async-storage:generateReleaseLintVitalModel UP-TO-DATE
> Task :react-native-firebase_app:generateReleaseLintVitalModel UP-TO-DATE
> Task :react-native-firebase_auth:generateReleaseLintVitalModel UP-TO-DATE
> Task :react-native-firebase_crashlytics:generateReleaseLintVitalModel UP-TO-DATE
> Task :react-native-image-picker:generateReleaseLintVitalModel UP-TO-DATE
> Task :react-native-maps:generateReleaseLintVitalModel UP-TO-DATE
> Task :react-native-safe-area-context:generateReleaseLintVitalModel UP-TO-DATE
> Task :react-native-svg:generateReleaseLintVitalModel UP-TO-DATE
> Task :react-native-webview:generateReleaseLintVitalModel UP-TO-DATE
> Task :sentry_react-native:generateReleaseLintVitalModel UP-TO-DATE
> Task :expo-constants:mapReleaseSourceSetPaths UP-TO-DATE
> Task :expo-constants:mergeReleaseResources UP-TO-DATE
> Task :expo-constants:verifyReleaseResources UP-TO-DATE
> Task :expo-dev-client:mapReleaseSourceSetPaths UP-TO-DATE
> Task :expo-dev-client:mergeReleaseResources UP-TO-DATE
> Task :expo-dev-client:verifyReleaseResources UP-TO-DATE
> Task :expo-dev-launcher:mapReleaseSourceSetPaths UP-TO-DATE

> Task :react-native-worklets:buildCMakeRelWithDebInfo[arm64-v8a][worklets]
C/C++: CMake Warning in CMakeLists.txt:
C/C++:   The object file directory
C/C++:     C:/Users/flood/hiconnect/higo-platform/node_modules/.pnpm/react-native-worklets@0.8.3_0c963d7fe504361936d05065f4a6a04d/node_modules/react-native-worklets/android/.cxx/RelWithDebInfo/3o5nu4n2/arm64-v8a/CMakeFiles/worklets.dir/./
C/C++:   has 227 characters.  The maximum full path to an object file is 250
C/C++:   characters (see CMAKE_OBJECT_PATH_MAX).  Object file
C/C++:     C_/Users/flood/hiconnect/higo-platform/node_modules/.pnpm/react-native-worklets@0.8.3_0c963d7fe504361936d05065f4a6a04d/node_modules/react-native-worklets/Common/cpp/worklets/Resources/ShareableGuestUnpacker.cpp.o
C/C++:   cannot be safely placed under this directory.  The build may not work
C/C++:   correctly.

> Task :expo-dev-launcher:mergeReleaseResources UP-TO-DATE

> Task :react-native-screens:buildCMakeRelWithDebInfo[arm64-v8a]
C/C++: CMake Warning in CMakeLists.txt:
C/C++:   The object file directory
C/C++:     C:/Users/flood/hiconnect/higo-platform/node_modules/.pnpm/react-native-screens@4.25.2_2ff10e5e35d62e75ef3e80445743cd5d/node_modules/react-native-screens/android/.cxx/RelWithDebInfo/606e585m/arm64-v8a/CMakeFiles/rnscreens.dir/./
C/C++:   has 227 characters.  The maximum full path to an object file is 250
C/C++:   characters (see CMAKE_OBJECT_PATH_MAX).  Object file
C/C++:     src/main/cpp/jni-adapter.cpp.o
C/C++:   cannot be safely placed under this directory.  The build may not work
C/C++:   correctly.
C/C++: CMake Warning in CMakeLists.txt:
C/C++:   The object file directory
C/C++:     C:/Users/flood/hiconnect/higo-platform/node_modules/.pnpm/react-native-screens@4.25.2_2ff10e5e35d62e75ef3e80445743cd5d/node_modules/react-native-screens/android/.cxx/RelWithDebInfo/606e585m/arm64-v8a/CMakeFiles/rnscreens.dir/./
C/C++:   has 227 characters.  The maximum full path to an object file is 250
C/C++:   characters (see CMAKE_OBJECT_PATH_MAX).  Object file
C/C++:     src/main/cpp/OnLoad.cpp.o
C/C++:   cannot be safely placed under this directory.  The build may not work
C/C++:   correctly.
C/C++: CMake Warning in CMakeLists.txt:
C/C++:   The object file directory
C/C++:     C:/Users/flood/hiconnect/higo-platform/node_modules/.pnpm/react-native-screens@4.25.2_2ff10e5e35d62e75ef3e80445743cd5d/node_modules/react-native-screens/android/.cxx/RelWithDebInfo/606e585m/arm64-v8a/CMakeFiles/rnscreens.dir/./
C/C++:   has 227 characters.  The maximum full path to an object file is 250
C/C++:   characters (see CMAKE_OBJECT_PATH_MAX).  Object file
C/C++:     C_/Users/flood/hiconnect/higo-platform/node_modules/.pnpm/react-native-screens@4.25.2_2ff10e5e35d62e75ef3e80445743cd5d/node_modules/react-native-screens/cpp/RNScreensTurboModule.cpp.o
C/C++:   cannot be safely placed under this directory.  The build may not work
C/C++:   correctly.
C/C++: CMake Warning in CMakeLists.txt:
C/C++:   The object file directory
C/C++:     C:/Users/flood/hiconnect/higo-platform/node_modules/.pnpm/react-native-screens@4.25.2_2ff10e5e35d62e75ef3e80445743cd5d/node_modules/react-native-screens/android/.cxx/RelWithDebInfo/606e585m/arm64-v8a/CMakeFiles/rnscreens.dir/./
C/C++:   has 227 characters.  The maximum full path to an object file is 250
C/C++:   characters (see CMAKE_OBJECT_PATH_MAX).  Object file
C/C++:     C_/Users/flood/hiconnect/higo-platform/node_modules/.pnpm/react-native-screens@4.25.2_2ff10e5e35d62e75ef3e80445743cd5d/node_modules/react-native-screens/cpp/RNSScreenRemovalListener.cpp.o
C/C++:   cannot be safely placed under this directory.  The build may not work
C/C++:   correctly.
C/C++: CMake Warning in CMakeLists.txt:
C/C++:   The object file directory
C/C++:     C:/Users/flood/hiconnect/higo-platform/node_modules/.pnpm/react-native-screens@4.25.2_2ff10e5e35d62e75ef3e80445743cd5d/node_modules/react-native-screens/android/.cxx/RelWithDebInfo/606e585m/arm64-v8a/CMakeFiles/rnscreens.dir/./
C/C++:   has 227 characters.  The maximum full path to an object file is 250
C/C++:   characters (see CMAKE_OBJECT_PATH_MAX).  Object file
C/C++:     C_/Users/flood/hiconnect/higo-platform/node_modules/.pnpm/react-native-screens@4.25.2_2ff10e5e35d62e75ef3e80445743cd5d/node_modules/react-native-screens/cpp/RNScreensTurboModule.cpp.o
C/C++:   cannot be safely placed under this directory.  The build may not work
C/C++:   correctly.
C/C++: CMake Warning in CMakeLists.txt:
C/C++:   The object file directory
C/C++:     C:/Users/flood/hiconnect/higo-platform/node_modules/.pnpm/react-native-screens@4.25.2_2ff10e5e35d62e75ef3e80445743cd5d/node_modules/react-native-screens/android/.cxx/RelWithDebInfo/606e585m/arm64-v8a/CMakeFiles/rnscreens.dir/./
C/C++:   has 227 characters.  The maximum full path to an object file is 250
C/C++:   characters (see CMAKE_OBJECT_PATH_MAX).  Object file
C/C++:     C_/Users/flood/hiconnect/higo-platform/node_modules/.pnpm/react-native-screens@4.25.2_2ff10e5e35d62e75ef3e80445743cd5d/node_modules/react-native-screens/cpp/RNSScreenRemovalListener.cpp.o
C/C++:   cannot be safely placed under this directory.  The build may not work
C/C++:   correctly.

> Task :app:createBundleReleaseJsAndAssets
[33m› [1m[@sentry/react-native/expo][22m Missing config for [1morganization, project[22m. Environment variables will be used as a fallback during the build. https://docs.sentry.io/platforms/react-native/manual-setup/[0m
Using src/app as the root directory for Expo Router.

> Task :react-native-worklets:buildCMakeRelWithDebInfo[arm64-v8a][worklets]
C/C++: CMake Warning in CMakeLists.txt:
C/C++:   The object file directory
C/C++:     C:/Users/flood/hiconnect/higo-platform/node_modules/.pnpm/react-native-worklets@0.8.3_0c963d7fe504361936d05065f4a6a04d/node_modules/react-native-worklets/android/.cxx/RelWithDebInfo/3o5nu4n2/arm64-v8a/CMakeFiles/worklets.dir/./
C/C++:   has 227 characters.  The maximum full path to an object file is 250
C/C++:   characters (see CMAKE_OBJECT_PATH_MAX).  Object file
C/C++:     C_/Users/flood/hiconnect/higo-platform/node_modules/.pnpm/react-native-worklets@0.8.3_0c963d7fe504361936d05065f4a6a04d/node_modules/react-native-worklets/Common/cpp/worklets/Registries/WorkletRuntimeRegistry.cpp.o
C/C++:   cannot be safely placed under this directory.  The build may not work
C/C++:   correctly.
C/C++: CMake Warning in CMakeLists.txt:
C/C++:   The object file directory
C/C++:     C:/Users/flood/hiconnect/higo-platform/node_modules/.pnpm/react-native-worklets@0.8.3_0c963d7fe504361936d05065f4a6a04d/node_modules/react-native-worklets/android/.cxx/RelWithDebInfo/3o5nu4n2/arm64-v8a/CMakeFiles/worklets.dir/./
C/C++:   has 227 characters.  The maximum full path to an object file is 250
C/C++:   characters (see CMAKE_OBJECT_PATH_MAX).  Object file
C/C++:     C_/Users/flood/hiconnect/higo-platform/node_modules/.pnpm/react-native-worklets@0.8.3_0c963d7fe504361936d05065f4a6a04d/node_modules/react-native-worklets/Common/cpp/worklets/AnimationFrameQueue/AnimationFrameBatchinator.cpp.o
C/C++:   cannot be safely placed under this directory.  The build may not work
C/C++:   correctly.
C/C++: CMake Warning in CMakeLists.txt:
C/C++:   The object file directory
C/C++:     C:/Users/flood/hiconnect/higo-platform/node_modules/.pnpm/react-native-worklets@0.8.3_0c963d7fe504361936d05065f4a6a04d/node_modules/react-native-worklets/android/.cxx/RelWithDebInfo/3o5nu4n2/arm64-v8a/CMakeFiles/worklets.dir/./
C/C++:   has 227 characters.  The maximum full path to an object file is 250
C/C++:   characters (see CMAKE_OBJECT_PATH_MAX).  Object file
C/C++:     C_/Users/flood/hiconnect/higo-platform/node_modules/.pnpm/react-native-worklets@0.8.3_0c963d7fe504361936d05065f4a6a04d/node_modules/react-native-worklets/Common/cpp/worklets/Resources/ShareableHostUnpacker.cpp.o
C/C++:   cannot be safely placed under this directory.  The build may not work
C/C++:   correctly.
C/C++: CMake Warning in CMakeLists.txt:
C/C++:   The object file directory
C/C++:     C:/Users/flood/hiconnect/higo-platform/node_modules/.pnpm/react-native-worklets@0.8.3_0c963d7fe504361936d05065f4a6a04d/node_modules/react-native-worklets/android/.cxx/RelWithDebInfo/3o5nu4n2/arm64-v8a/CMakeFiles/worklets.dir/./
C/C++:   has 227 characters.  The maximum full path to an object file is 250
C/C++:   characters (see CMAKE_OBJECT_PATH_MAX).  Object file
C/C++:     C_/Users/flood/hiconnect/higo-platform/node_modules/.pnpm/react-native-worklets@0.8.3_0c963d7fe504361936d05065f4a6a04d/node_modules/react-native-worklets/Common/cpp/worklets/NativeModules/WorkletsModuleProxy.cpp.o
C/C++:   cannot be safely placed under this directory.  The build may not work
C/C++:   correctly.

> Task :expo-dev-launcher:verifyReleaseResources

> Task :react-native-screens:buildCMakeRelWithDebInfo[arm64-v8a]
C/C++: CMake Warning in CMakeLists.txt:
C/C++:   The object file directory
C/C++:     C:/Users/flood/hiconnect/higo-platform/node_modules/.pnpm/react-native-screens@4.25.2_2ff10e5e35d62e75ef3e80445743cd5d/node_modules/react-native-screens/android/.cxx/RelWithDebInfo/606e585m/arm64-v8a/CMakeFiles/rnscreens.dir/./
C/C++:   has 227 characters.  The maximum full path to an object file is 250
C/C++:   characters (see CMAKE_OBJECT_PATH_MAX).  Object file
C/C++:     src/main/cpp/NativeProxy.cpp.o
C/C++:   cannot be safely placed under this directory.  The build may not work
C/C++:   correctly.
C/C++: CMake Warning in CMakeLists.txt:
C/C++:   The object file directory
C/C++:     C:/Users/flood/hiconnect/higo-platform/node_modules/.pnpm/react-native-screens@4.25.2_2ff10e5e35d62e75ef3e80445743cd5d/node_modules/react-native-screens/android/.cxx/RelWithDebInfo/606e585m/arm64-v8a/CMakeFiles/rnscreens.dir/./
C/C++:   has 227 characters.  The maximum full path to an object file is 250
C/C++:   characters (see CMAKE_OBJECT_PATH_MAX).  Object file
C/C++:     src/main/cpp/OnLoad.cpp.o
C/C++:   cannot be safely placed under this directory.  The build may not work
C/C++:   correctly.
C/C++: CMake Warning in CMakeLists.txt:
C/C++:   The object file directory
C/C++:     C:/Users/flood/hiconnect/higo-platform/node_modules/.pnpm/react-native-screens@4.25.2_2ff10e5e35d62e75ef3e80445743cd5d/node_modules/react-native-screens/android/.cxx/RelWithDebInfo/606e585m/arm64-v8a/CMakeFiles/rnscreens.dir/./
C/C++:   has 227 characters.  The maximum full path to an object file is 250
C/C++:   characters (see CMAKE_OBJECT_PATH_MAX).  Object file
C/C++:     src/main/cpp/jni-adapter.cpp.o
C/C++:   cannot be safely placed under this directory.  The build may not work
C/C++:   correctly.
C/C++: CMake Warning in CMakeLists.txt:
C/C++:   The object file directory
C/C++:     C:/Users/flood/hiconnect/higo-platform/node_modules/.pnpm/react-native-screens@4.25.2_2ff10e5e35d62e75ef3e80445743cd5d/node_modules/react-native-screens/android/.cxx/RelWithDebInfo/606e585m/arm64-v8a/CMakeFiles/rnscreens.dir/./
C/C++:   has 227 characters.  The maximum full path to an object file is 250
C/C++:   characters (see CMAKE_OBJECT_PATH_MAX).  Object file
C/C++:     src/main/cpp/jni-adapter.cpp.o
C/C++:   cannot be safely placed under this directory.  The build may not work
C/C++:   correctly.
C/C++: CMake Warning in CMakeLists.txt:
C/C++:   The object file directory
C/C++:     C:/Users/flood/hiconnect/higo-platform/node_modules/.pnpm/react-native-screens@4.25.2_2ff10e5e35d62e75ef3e80445743cd5d/node_modules/react-native-screens/android/.cxx/RelWithDebInfo/606e585m/arm64-v8a/CMakeFiles/rnscreens.dir/./
C/C++:   has 227 characters.  The maximum full path to an object file is 250
C/C++:   characters (see CMAKE_OBJECT_PATH_MAX).  Object file
C/C++:     C_/Users/flood/hiconnect/higo-platform/node_modules/.pnpm/react-native-screens@4.25.2_2ff10e5e35d62e75ef3e80445743cd5d/node_modules/react-native-screens/cpp/RNScreensTurboModule.cpp.o
C/C++:   cannot be safely placed under this directory.  The build may not work
C/C++:   correctly.
C/C++: CMake Warning in CMakeLists.txt:
C/C++:   The object file directory
C/C++:     C:/Users/flood/hiconnect/higo-platform/node_modules/.pnpm/react-native-screens@4.25.2_2ff10e5e35d62e75ef3e80445743cd5d/node_modules/react-native-screens/android/.cxx/RelWithDebInfo/606e585m/arm64-v8a/CMakeFiles/rnscreens.dir/./
C/C++:   has 227 characters.  The maximum full path to an object file is 250
C/C++:   characters (see CMAKE_OBJECT_PATH_MAX).  Object file
C/C++:     src/main/cpp/OnLoad.cpp.o
C/C++:   cannot be safely placed under this directory.  The build may not work
C/C++:   correctly.
C/C++: CMake Warning in CMakeLists.txt:
C/C++:   The object file directory
C/C++:     C:/Users/flood/hiconnect/higo-platform/node_modules/.pnpm/react-native-screens@4.25.2_2ff10e5e35d62e75ef3e80445743cd5d/node_modules/react-native-screens/android/.cxx/RelWithDebInfo/606e585m/arm64-v8a/CMakeFiles/rnscreens.dir/./
C/C++:   has 227 characters.  The maximum full path to an object file is 250
C/C++:   characters (see CMAKE_OBJECT_PATH_MAX).  Object file
C/C++:     C_/Users/flood/hiconnect/higo-platform/node_modules/.pnpm/react-native-screens@4.25.2_2ff10e5e35d62e75ef3e80445743cd5d/node_modules/react-native-screens/cpp/RNSScreenRemovalListener.cpp.o
C/C++:   cannot be safely placed under this directory.  The build may not work
C/C++:   correctly.
C/C++: CMake Warning in CMakeLists.txt:
C/C++:   The object file directory
C/C++:     C:/Users/flood/hiconnect/higo-platform/node_modules/.pnpm/react-native-screens@4.25.2_2ff10e5e35d62e75ef3e80445743cd5d/node_modules/react-native-screens/android/.cxx/RelWithDebInfo/606e585m/arm64-v8a/CMakeFiles/rnscreens.dir/./
C/C++:   has 227 characters.  The maximum full path to an object file is 250
C/C++:   characters (see CMAKE_OBJECT_PATH_MAX).  Object file
C/C++:     C_/Users/flood/hiconnect/higo-platform/node_modules/.pnpm/react-native-screens@4.25.2_2ff10e5e35d62e75ef3e80445743cd5d/node_modules/react-native-screens/cpp/RNScreensTurboModule.cpp.o
C/C++:   cannot be safely placed under this directory.  The build may not work
C/C++:   correctly.
C/C++: CMake Warning in CMakeLists.txt:
C/C++:   The object file directory
C/C++:     C:/Users/flood/hiconnect/higo-platform/node_modules/.pnpm/react-native-screens@4.25.2_2ff10e5e35d62e75ef3e80445743cd5d/node_modules/react-native-screens/android/.cxx/RelWithDebInfo/606e585m/arm64-v8a/CMakeFiles/rnscreens.dir/./
C/C++:   has 227 characters.  The maximum full path to an object file is 250
C/C++:   characters (see CMAKE_OBJECT_PATH_MAX).  Object file
C/C++:     C_/Users/flood/hiconnect/higo-platform/node_modules/.pnpm/react-native-screens@4.25.2_2ff10e5e35d62e75ef3e80445743cd5d/node_modules/react-native-screens/cpp/RNScreensTurboModule.cpp.o
C/C++:   cannot be safely placed under this directory.  The build may not work
C/C++:   correctly.

> Task :app:createBundleReleaseJsAndAssets
Expo Autolinking module resolution enabled

> Task :react-native-worklets:buildCMakeRelWithDebInfo[arm64-v8a][worklets]
C/C++: CMake Warning in CMakeLists.txt:
C/C++:   The object file directory
C/C++:     C:/Users/flood/hiconnect/higo-platform/node_modules/.pnpm/react-native-worklets@0.8.3_0c963d7fe504361936d05065f4a6a04d/node_modules/react-native-worklets/android/.cxx/RelWithDebInfo/3o5nu4n2/arm64-v8a/CMakeFiles/worklets.dir/./
C/C++:   has 227 characters.  The maximum full path to an object file is 250
C/C++:   characters (see CMAKE_OBJECT_PATH_MAX).  Object file
C/C++:     C_/Users/flood/hiconnect/higo-platform/node_modules/.pnpm/react-native-worklets@0.8.3_0c963d7fe504361936d05065f4a6a04d/node_modules/react-native-worklets/Common/cpp/worklets/Resources/ShareableHostUnpacker.cpp.o
C/C++:   cannot be safely placed under this directory.  The build may not work
C/C++:   correctly.
C/C++: CMake Warning in CMakeLists.txt:
C/C++:   The object file directory
C/C++:     C:/Users/flood/hiconnect/higo-platform/node_modules/.pnpm/react-native-worklets@0.8.3_0c963d7fe504361936d05065f4a6a04d/node_modules/react-native-worklets/android/.cxx/RelWithDebInfo/3o5nu4n2/arm64-v8a/CMakeFiles/worklets.dir/./
C/C++:   has 227 characters.  The maximum full path to an object file is 250
C/C++:   characters (see CMAKE_OBJECT_PATH_MAX).  Object file
C/C++:     C_/Users/flood/hiconnect/higo-platform/node_modules/.pnpm/react-native-worklets@0.8.3_0c963d7fe504361936d05065f4a6a04d/node_modules/react-native-worklets/Common/cpp/worklets/AnimationFrameQueue/AnimationFrameBatchinator.cpp.o
C/C++:   cannot be safely placed under this directory.  The build may not work
C/C++:   correctly.
C/C++: CMake Warning in CMakeLists.txt:
C/C++:   The object file directory
C/C++:     C:/Users/flood/hiconnect/higo-platform/node_modules/.pnpm/react-native-worklets@0.8.3_0c963d7fe504361936d05065f4a6a04d/node_modules/react-native-worklets/android/.cxx/RelWithDebInfo/3o5nu4n2/arm64-v8a/CMakeFiles/worklets.dir/./
C/C++:   has 227 characters.  The maximum full path to an object file is 250
C/C++:   characters (see CMAKE_OBJECT_PATH_MAX).  Object file
C/C++:     C_/Users/flood/hiconnect/higo-platform/node_modules/.pnpm/react-native-worklets@0.8.3_0c963d7fe504361936d05065f4a6a04d/node_modules/react-native-worklets/Common/cpp/worklets/Registries/WorkletRuntimeRegistry.cpp.o
C/C++:   cannot be safely placed under this directory.  The build may not work
C/C++:   correctly.
C/C++: CMake Warning in CMakeLists.txt:
C/C++:   The object file directory
C/C++:     C:/Users/flood/hiconnect/higo-platform/node_modules/.pnpm/react-native-worklets@0.8.3_0c963d7fe504361936d05065f4a6a04d/node_modules/react-native-worklets/android/.cxx/RelWithDebInfo/3o5nu4n2/arm64-v8a/CMakeFiles/worklets.dir/./
C/C++:   has 227 characters.  The maximum full path to an object file is 250
C/C++:   characters (see CMAKE_OBJECT_PATH_MAX).  Object file
C/C++:     C_/Users/flood/hiconnect/higo-platform/node_modules/.pnpm/react-native-worklets@0.8.3_0c963d7fe504361936d05065f4a6a04d/node_modules/react-native-worklets/Common/cpp/worklets/Registries/EventHandlerRegistry.cpp.o
C/C++:   cannot be safely placed under this directory.  The build may not work
C/C++:   correctly.
C/C++: CMake Warning in CMakeLists.txt:
C/C++:   The object file directory
C/C++:     C:/Users/flood/hiconnect/higo-platform/node_modules/.pnpm/react-native-worklets@0.8.3_0c963d7fe504361936d05065f4a6a04d/node_modules/react-native-worklets/android/.cxx/RelWithDebInfo/3o5nu4n2/arm64-v8a/CMakeFiles/worklets.dir/./
C/C++:   has 227 characters.  The maximum full path to an object file is 250
C/C++:   characters (see CMAKE_OBJECT_PATH_MAX).  Object file
C/C++:     C_/Users/flood/hiconnect/higo-platform/node_modules/.pnpm/react-native-worklets@0.8.3_0c963d7fe504361936d05065f4a6a04d/node_modules/react-native-worklets/Common/cpp/worklets/NativeModules/WorkletsModuleProxy.cpp.o
C/C++:   cannot be safely placed under this directory.  The build may not work
C/C++:   correctly.
C/C++: CMake Warning in CMakeLists.txt:
C/C++:   The object file directory
C/C++:     C:/Users/flood/hiconnect/higo-platform/node_modules/.pnpm/react-native-worklets@0.8.3_0c963d7fe504361936d05065f4a6a04d/node_modules/react-native-worklets/android/.cxx/RelWithDebInfo/3o5nu4n2/arm64-v8a/CMakeFiles/worklets.dir/./
C/C++:   has 227 characters.  The maximum full path to an object file is 250
C/C++:   characters (see CMAKE_OBJECT_PATH_MAX).  Object file
C/C++:     C_/Users/flood/hiconnect/higo-platform/node_modules/.pnpm/react-native-worklets@0.8.3_0c963d7fe504361936d05065f4a6a04d/node_modules/react-native-worklets/Common/cpp/worklets/Registries/EventHandlerRegistry.cpp.o
C/C++:   cannot be safely placed under this directory.  The build may not work
C/C++:   correctly.
C/C++: CMake Warning in CMakeLists.txt:
C/C++:   The object file directory
C/C++:     C:/Users/flood/hiconnect/higo-platform/node_modules/.pnpm/react-native-worklets@0.8.3_0c963d7fe504361936d05065f4a6a04d/node_modules/react-native-worklets/android/.cxx/RelWithDebInfo/3o5nu4n2/arm64-v8a/CMakeFiles/worklets.dir/./
C/C++:   has 227 characters.  The maximum full path to an object file is 250
C/C++:   characters (see CMAKE_OBJECT_PATH_MAX).  Object file
C/C++:     C_/Users/flood/hiconnect/higo-platform/node_modules/.pnpm/react-native-worklets@0.8.3_0c963d7fe504361936d05065f4a6a04d/node_modules/react-native-worklets/Common/cpp/worklets/Resources/ShareableGuestUnpacker.cpp.o
C/C++:   cannot be safely placed under this directory.  The build may not work
C/C++:   correctly.
C/C++: CMake Warning in CMakeLists.txt:
C/C++:   The object file directory
C/C++:     C:/Users/flood/hiconnect/higo-platform/node_modules/.pnpm/react-native-worklets@0.8.3_0c963d7fe504361936d05065f4a6a04d/node_modules/react-native-worklets/android/.cxx/RelWithDebInfo/3o5nu4n2/arm64-v8a/CMakeFiles/worklets.dir/./
C/C++:   has 227 characters.  The maximum full path to an object file is 250
C/C++:   characters (see CMAKE_OBJECT_PATH_MAX).  Object file
C/C++:     C_/Users/flood/hiconnect/higo-platform/node_modules/.pnpm/react-native-worklets@0.8.3_0c963d7fe504361936d05065f4a6a04d/node_modules/react-native-worklets/Common/cpp/worklets/Registries/WorkletRuntimeRegistry.cpp.o
C/C++:   cannot be safely placed under this directory.  The build may not work
C/C++:   correctly.

> Task :expo-dev-menu:mapReleaseSourceSetPaths UP-TO-DATE
> Task :expo-dev-menu:mergeReleaseResources UP-TO-DATE
> Task :expo-dev-menu:verifyReleaseResources UP-TO-DATE

> Task :react-native-screens:buildCMakeRelWithDebInfo[arm64-v8a]
C/C++: CMake Warning in CMakeLists.txt:
C/C++:   The object file directory
C/C++:     C:/Users/flood/hiconnect/higo-platform/node_modules/.pnpm/react-native-screens@4.25.2_2ff10e5e35d62e75ef3e80445743cd5d/node_modules/react-native-screens/android/.cxx/RelWithDebInfo/606e585m/arm64-v8a/CMakeFiles/rnscreens.dir/./
C/C++:   has 227 characters.  The maximum full path to an object file is 250
C/C++:   characters (see CMAKE_OBJECT_PATH_MAX).  Object file
C/C++:     src/main/cpp/OnLoad.cpp.o
C/C++:   cannot be safely placed under this directory.  The build may not work
C/C++:   correctly.
C/C++: CMake Warning in CMakeLists.txt:
C/C++:   The object file directory
C/C++:     C:/Users/flood/hiconnect/higo-platform/node_modules/.pnpm/react-native-screens@4.25.2_2ff10e5e35d62e75ef3e80445743cd5d/node_modules/react-native-screens/android/.cxx/RelWithDebInfo/606e585m/arm64-v8a/CMakeFiles/rnscreens.dir/./
C/C++:   has 227 characters.  The maximum full path to an object file is 250
C/C++:   characters (see CMAKE_OBJECT_PATH_MAX).  Object file
C/C++:     src/main/cpp/OnLoad.cpp.o
C/C++:   cannot be safely placed under this directory.  The build may not work
C/C++:   correctly.
C/C++: CMake Warning in CMakeLists.txt:
C/C++:   The object file directory
C/C++:     C:/Users/flood/hiconnect/higo-platform/node_modules/.pnpm/react-native-screens@4.25.2_2ff10e5e35d62e75ef3e80445743cd5d/node_modules/react-native-screens/android/.cxx/RelWithDebInfo/606e585m/arm64-v8a/CMakeFiles/rnscreens.dir/./
C/C++:   has 227 characters.  The maximum full path to an object file is 250
C/C++:   characters (see CMAKE_OBJECT_PATH_MAX).  Object file
C/C++:     src/main/cpp/jni-adapter.cpp.o
C/C++:   cannot be safely placed under this directory.  The build may not work
C/C++:   correctly.
C/C++: CMake Warning in CMakeLists.txt:
C/C++:   The object file directory
C/C++:     C:/Users/flood/hiconnect/higo-platform/node_modules/.pnpm/react-native-screens@4.25.2_2ff10e5e35d62e75ef3e80445743cd5d/node_modules/react-native-screens/android/.cxx/RelWithDebInfo/606e585m/arm64-v8a/CMakeFiles/rnscreens.dir/./
C/C++:   has 227 characters.  The maximum full path to an object file is 250
C/C++:   characters (see CMAKE_OBJECT_PATH_MAX).  Object file
C/C++:     src/main/cpp/jni-adapter.cpp.o
C/C++:   cannot be safely placed under this directory.  The build may not work
C/C++:   correctly.
C/C++: CMake Warning in CMakeLists.txt:
C/C++:   The object file directory
C/C++:     C:/Users/flood/hiconnect/higo-platform/node_modules/.pnpm/react-native-screens@4.25.2_2ff10e5e35d62e75ef3e80445743cd5d/node_modules/react-native-screens/android/.cxx/RelWithDebInfo/606e585m/arm64-v8a/CMakeFiles/rnscreens.dir/./
C/C++:   has 227 characters.  The maximum full path to an object file is 250
C/C++:   characters (see CMAKE_OBJECT_PATH_MAX).  Object file
C/C++:     src/main/cpp/jni-adapter.cpp.o
C/C++:   cannot be safely placed under this directory.  The build may not work
C/C++:   correctly.

> Task :expo-dev-menu-interface:mapReleaseSourceSetPaths UP-TO-DATE

> Task :app:createBundleReleaseJsAndAssets
Starting Metro Bundler

warning: Bundler cache is empty, rebuilding (this may take a minute)

> Task :react-native-worklets:buildCMakeRelWithDebInfo[arm64-v8a][worklets]
C/C++: CMake Warning in CMakeLists.txt:
C/C++:   The object file directory
C/C++:     C:/Users/flood/hiconnect/higo-platform/node_modules/.pnpm/react-native-worklets@0.8.3_0c963d7fe504361936d05065f4a6a04d/node_modules/react-native-worklets/android/.cxx/RelWithDebInfo/3o5nu4n2/arm64-v8a/CMakeFiles/worklets.dir/./
C/C++:   has 227 characters.  The maximum full path to an object file is 250
C/C++:   characters (see CMAKE_OBJECT_PATH_MAX).  Object file
C/C++:     C_/Users/flood/hiconnect/higo-platform/node_modules/.pnpm/react-native-worklets@0.8.3_0c963d7fe504361936d05065f4a6a04d/node_modules/react-native-worklets/Common/cpp/worklets/Registries/WorkletRuntimeRegistry.cpp.o
C/C++:   cannot be safely placed under this directory.  The build may not work
C/C++:   correctly.
C/C++: CMake Warning in CMakeLists.txt:
C/C++:   The object file directory
C/C++:     C:/Users/flood/hiconnect/higo-platform/node_modules/.pnpm/react-native-worklets@0.8.3_0c963d7fe504361936d05065f4a6a04d/node_modules/react-native-worklets/android/.cxx/RelWithDebInfo/3o5nu4n2/arm64-v8a/CMakeFiles/worklets.dir/./
C/C++:   has 227 characters.  The maximum full path to an object file is 250
C/C++:   characters (see CMAKE_OBJECT_PATH_MAX).  Object file
C/C++:     C_/Users/flood/hiconnect/higo-platform/node_modules/.pnpm/react-native-worklets@0.8.3_0c963d7fe504361936d05065f4a6a04d/node_modules/react-native-worklets/Common/cpp/worklets/AnimationFrameQueue/AnimationFrameBatchinator.cpp.o
C/C++:   cannot be safely placed under this directory.  The build may not work
C/C++:   correctly.
C/C++: CMake Warning in CMakeLists.txt:
C/C++:   The object file directory
C/C++:     C:/Users/flood/hiconnect/higo-platform/node_modules/.pnpm/react-native-worklets@0.8.3_0c963d7fe504361936d05065f4a6a04d/node_modules/react-native-worklets/android/.cxx/RelWithDebInfo/3o5nu4n2/arm64-v8a/CMakeFiles/worklets.dir/./
C/C++:   has 227 characters.  The maximum full path to an object file is 250
C/C++:   characters (see CMAKE_OBJECT_PATH_MAX).  Object file
C/C++:     C_/Users/flood/hiconnect/higo-platform/node_modules/.pnpm/react-native-worklets@0.8.3_0c963d7fe504361936d05065f4a6a04d/node_modules/react-native-worklets/Common/cpp/worklets/AnimationFrameQueue/AnimationFrameBatchinator.cpp.o
C/C++:   cannot be safely placed under this directory.  The build may not work
C/C++:   correctly.
C/C++: CMake Warning in CMakeLists.txt:
C/C++:   The object file directory
C/C++:     C:/Users/flood/hiconnect/higo-platform/node_modules/.pnpm/react-native-worklets@0.8.3_0c963d7fe504361936d05065f4a6a04d/node_modules/react-native-worklets/android/.cxx/RelWithDebInfo/3o5nu4n2/arm64-v8a/CMakeFiles/worklets.dir/./
C/C++:   has 227 characters.  The maximum full path to an object file is 250
C/C++:   characters (see CMAKE_OBJECT_PATH_MAX).  Object file
C/C++:     C_/Users/flood/hiconnect/higo-platform/node_modules/.pnpm/react-native-worklets@0.8.3_0c963d7fe504361936d05065f4a6a04d/node_modules/react-native-worklets/Common/cpp/worklets/SharedItems/MemoryManager.cpp.o
C/C++:   cannot be safely placed under this directory.  The build may not work
C/C++:   correctly.
C/C++: CMake Warning in CMakeLists.txt:
C/C++:   The object file directory
C/C++:     C:/Users/flood/hiconnect/higo-platform/node_modules/.pnpm/react-native-worklets@0.8.3_0c963d7fe504361936d05065f4a6a04d/node_modules/react-native-worklets/android/.cxx/RelWithDebInfo/3o5nu4n2/arm64-v8a/CMakeFiles/worklets.dir/./
C/C++:   has 227 characters.  The maximum full path to an object file is 250
C/C++:   characters (see CMAKE_OBJECT_PATH_MAX).  Object file
C/C++:     C_/Users/flood/hiconnect/higo-platform/node_modules/.pnpm/react-native-worklets@0.8.3_0c963d7fe504361936d05065f4a6a04d/node_modules/react-native-worklets/Common/cpp/worklets/AnimationFrameQueue/AnimationFrameBatchinator.cpp.o
C/C++:   cannot be safely placed under this directory.  The build may not work
C/C++:   correctly.

> Task :expo-dev-menu-interface:mergeReleaseResources

> Task :react-native-screens:buildCMakeRelWithDebInfo[arm64-v8a]
C/C++: CMake Warning in CMakeLists.txt:
C/C++:   The object file directory
C/C++:     C:/Users/flood/hiconnect/higo-platform/node_modules/.pnpm/react-native-screens@4.25.2_2ff10e5e35d62e75ef3e80445743cd5d/node_modules/react-native-screens/android/.cxx/RelWithDebInfo/606e585m/arm64-v8a/CMakeFiles/rnscreens.dir/./
C/C++:   has 227 characters.  The maximum full path to an object file is 250
C/C++:   characters (see CMAKE_OBJECT_PATH_MAX).  Object file
C/C++:     C_/Users/flood/hiconnect/higo-platform/node_modules/.pnpm/react-native-screens@4.25.2_2ff10e5e35d62e75ef3e80445743cd5d/node_modules/react-native-screens/cpp/RNSScreenRemovalListener.cpp.o
C/C++:   cannot be safely placed under this directory.  The build may not work
C/C++:   correctly.
C/C++: CMake Warning in CMakeLists.txt:
C/C++:   The object file directory
C/C++:     C:/Users/flood/hiconnect/higo-platform/node_modules/.pnpm/react-native-screens@4.25.2_2ff10e5e35d62e75ef3e80445743cd5d/node_modules/react-native-screens/android/.cxx/RelWithDebInfo/606e585m/arm64-v8a/CMakeFiles/rnscreens.dir/./
C/C++:   has 227 characters.  The maximum full path to an object file is 250
C/C++:   characters (see CMAKE_OBJECT_PATH_MAX).  Object file
C/C++:     C_/Users/flood/hiconnect/higo-platform/node_modules/.pnpm/react-native-screens@4.25.2_2ff10e5e35d62e75ef3e80445743cd5d/node_modules/react-native-screens/cpp/RNSScreenRemovalListener.cpp.o
C/C++:   cannot be safely placed under this directory.  The build may not work
C/C++:   correctly.
C/C++: CMake Warning in CMakeLists.txt:
C/C++:   The object file directory
C/C++:     C:/Users/flood/hiconnect/higo-platform/node_modules/.pnpm/react-native-screens@4.25.2_2ff10e5e35d62e75ef3e80445743cd5d/node_modules/react-native-screens/android/.cxx/RelWithDebInfo/606e585m/arm64-v8a/CMakeFiles/rnscreens.dir/./
C/C++:   has 227 characters.  The maximum full path to an object file is 250
C/C++:   characters (see CMAKE_OBJECT_PATH_MAX).  Object file
C/C++:     src/main/cpp/OnLoad.cpp.o
C/C++:   cannot be safely placed under this directory.  The build may not work
C/C++:   correctly.
C/C++: CMake Warning in CMakeLists.txt:
C/C++:   The object file directory
C/C++:     C:/Users/flood/hiconnect/higo-platform/node_modules/.pnpm/react-native-screens@4.25.2_2ff10e5e35d62e75ef3e80445743cd5d/node_modules/react-native-screens/android/.cxx/RelWithDebInfo/606e585m/arm64-v8a/CMakeFiles/rnscreens.dir/./
C/C++:   has 227 characters.  The maximum full path to an object file is 250
C/C++:   characters (see CMAKE_OBJECT_PATH_MAX).  Object file
C/C++:     C_/Users/flood/hiconnect/higo-platform/node_modules/.pnpm/react-native-screens@4.25.2_2ff10e5e35d62e75ef3e80445743cd5d/node_modules/react-native-screens/cpp/RNSScreenRemovalListener.cpp.o
C/C++:   cannot be safely placed under this directory.  The build may not work
C/C++:   correctly.
C/C++: CMake Warning in CMakeLists.txt:
C/C++:   The object file directory
C/C++:     C:/Users/flood/hiconnect/higo-platform/node_modules/.pnpm/react-native-screens@4.25.2_2ff10e5e35d62e75ef3e80445743cd5d/node_modules/react-native-screens/android/.cxx/RelWithDebInfo/606e585m/arm64-v8a/CMakeFiles/rnscreens.dir/./
C/C++:   has 227 characters.  The maximum full path to an object file is 250
C/C++:   characters (see CMAKE_OBJECT_PATH_MAX).  Object file
C/C++:     src/main/cpp/jni-adapter.cpp.o
C/C++:   cannot be safely placed under this directory.  The build may not work
C/C++:   correctly.
C/C++: CMake Warning in CMakeLists.txt:
C/C++:   The object file directory
C/C++:     C:/Users/flood/hiconnect/higo-platform/node_modules/.pnpm/react-native-screens@4.25.2_2ff10e5e35d62e75ef3e80445743cd5d/node_modules/react-native-screens/android/.cxx/RelWithDebInfo/606e585m/arm64-v8a/CMakeFiles/rnscreens.dir/./
C/C++:   has 227 characters.  The maximum full path to an object file is 250
C/C++:   characters (see CMAKE_OBJECT_PATH_MAX).  Object file
C/C++:     C_/Users/flood/hiconnect/higo-platform/node_modules/.pnpm/react-native-screens@4.25.2_2ff10e5e35d62e75ef3e80445743cd5d/node_modules/react-native-screens/cpp/RNScreensTurboModule.cpp.o
C/C++:   cannot be safely placed under this directory.  The build may not work
C/C++:   correctly.
C/C++: CMake Warning in CMakeLists.txt:
C/C++:   The object file directory
C/C++:     C:/Users/flood/hiconnect/higo-platform/node_modules/.pnpm/react-native-screens@4.25.2_2ff10e5e35d62e75ef3e80445743cd5d/node_modules/react-native-screens/android/.cxx/RelWithDebInfo/606e585m/arm64-v8a/CMakeFiles/rnscreens.dir/./
C/C++:   has 227 characters.  The maximum full path to an object file is 250
C/C++:   characters (see CMAKE_OBJECT_PATH_MAX).  Object file
C/C++:     src/main/cpp/NativeProxy.cpp.o
C/C++:   cannot be safely placed under this directory.  The build may not work
C/C++:   correctly.
C/C++: CMake Warning in CMakeLists.txt:
C/C++:   The object file directory
C/C++:     C:/Users/flood/hiconnect/higo-platform/node_modules/.pnpm/react-native-screens@4.25.2_2ff10e5e35d62e75ef3e80445743cd5d/node_modules/react-native-screens/android/.cxx/RelWithDebInfo/606e585m/arm64-v8a/CMakeFiles/rnscreens.dir/./
C/C++:   has 227 characters.  The maximum full path to an object file is 250
C/C++:   characters (see CMAKE_OBJECT_PATH_MAX).  Object file
C/C++:     src/main/cpp/jni-adapter.cpp.o
C/C++:   cannot be safely placed under this directory.  The build may not work
C/C++:   correctly.
C/C++: CMake Warning in CMakeLists.txt:
C/C++:   The object file directory
C/C++:     C:/Users/flood/hiconnect/higo-platform/node_modules/.pnpm/react-native-screens@4.25.2_2ff10e5e35d62e75ef3e80445743cd5d/node_modules/react-native-screens/android/.cxx/RelWithDebInfo/606e585m/arm64-v8a/CMakeFiles/rnscreens.dir/./
C/C++:   has 227 characters.  The maximum full path to an object file is 250
C/C++:   characters (see CMAKE_OBJECT_PATH_MAX).  Object file
C/C++:     C_/Users/flood/hiconnect/higo-platform/node_modules/.pnpm/react-native-screens@4.25.2_2ff10e5e35d62e75ef3e80445743cd5d/node_modules/react-native-screens/cpp/RNScreensTurboModule.cpp.o
C/C++:   cannot be safely placed under this directory.  The build may not work
C/C++:   correctly.
C/C++: CMake Warning in CMakeLists.txt:
C/C++:   The object file directory
C/C++:     C:/Users/flood/hiconnect/higo-platform/node_modules/.pnpm/react-native-screens@4.25.2_2ff10e5e35d62e75ef3e80445743cd5d/node_modules/react-native-screens/android/.cxx/RelWithDebInfo/606e585m/arm64-v8a/CMakeFiles/rnscreens.dir/./
C/C++:   has 227 characters.  The maximum full path to an object file is 250
C/C++:   characters (see CMAKE_OBJECT_PATH_MAX).  Object file
C/C++:     C_/Users/flood/hiconnect/higo-platform/node_modules/.pnpm/react-native-screens@4.25.2_2ff10e5e35d62e75ef3e80445743cd5d/node_modules/react-native-screens/cpp/RNSScreenRemovalListener.cpp.o
C/C++:   cannot be safely placed under this directory.  The build may not work
C/C++:   correctly.
C/C++: CMake Warning in CMakeLists.txt:
C/C++:   The object file directory
C/C++:     C:/Users/flood/hiconnect/higo-platform/node_modules/.pnpm/react-native-screens@4.25.2_2ff10e5e35d62e75ef3e80445743cd5d/node_modules/react-native-screens/android/.cxx/RelWithDebInfo/606e585m/arm64-v8a/CMakeFiles/rnscreens.dir/./
C/C++:   has 227 characters.  The maximum full path to an object file is 250
C/C++:   characters (see CMAKE_OBJECT_PATH_MAX).  Object file
C/C++:     C_/Users/flood/hiconnect/higo-platform/node_modules/.pnpm/react-native-screens@4.25.2_2ff10e5e35d62e75ef3e80445743cd5d/node_modules/react-native-screens/cpp/RNSScreenRemovalListener.cpp.o
C/C++:   cannot be safely placed under this directory.  The build may not work
C/C++:   correctly.
C/C++: CMake Warning in CMakeLists.txt:
C/C++:   The object file directory
C/C++:     C:/Users/flood/hiconnect/higo-platform/node_modules/.pnpm/react-native-screens@4.25.2_2ff10e5e35d62e75ef3e80445743cd5d/node_modules/react-native-screens/android/.cxx/RelWithDebInfo/606e585m/arm64-v8a/CMakeFiles/rnscreens.dir/./
C/C++:   has 227 characters.  The maximum full path to an object file is 250
C/C++:   characters (see CMAKE_OBJECT_PATH_MAX).  Object file
C/C++:     C_/Users/flood/hiconnect/higo-platform/node_modules/.pnpm/react-native-screens@4.25.2_2ff10e5e35d62e75ef3e80445743cd5d/node_modules/react-native-screens/cpp/RNScreensTurboModule.cpp.o
C/C++:   cannot be safely placed under this directory.  The build may not work
C/C++:   correctly.
C/C++: CMake Warning in CMakeLists.txt:
C/C++:   The object file directory
C/C++:     C:/Users/flood/hiconnect/higo-platform/node_modules/.pnpm/react-native-screens@4.25.2_2ff10e5e35d62e75ef3e80445743cd5d/node_modules/react-native-screens/android/.cxx/RelWithDebInfo/606e585m/arm64-v8a/CMakeFiles/rnscreens.dir/./
C/C++:   has 227 characters.  The maximum full path to an object file is 250
C/C++:   characters (see CMAKE_OBJECT_PATH_MAX).  Object file
C/C++:     C_/Users/flood/hiconnect/higo-platform/node_modules/.pnpm/react-native-screens@4.25.2_2ff10e5e35d62e75ef3e80445743cd5d/node_modules/react-native-screens/cpp/RNSScreenRemovalListener.cpp.o
C/C++:   cannot be safely placed under this directory.  The build may not work
C/C++:   correctly.
C/C++: CMake Warning in CMakeLists.txt:
C/C++:   The object file directory
C/C++:     C:/Users/flood/hiconnect/higo-platform/node_modules/.pnpm/react-native-screens@4.25.2_2ff10e5e35d62e75ef3e80445743cd5d/node_modules/react-native-screens/android/.cxx/RelWithDebInfo/606e585m/arm64-v8a/CMakeFiles/rnscreens.dir/./
C/C++:   has 227 characters.  The maximum full path to an object file is 250
C/C++:   characters (see CMAKE_OBJECT_PATH_MAX).  Object file
C/C++:     src/main/cpp/OnLoad.cpp.o
C/C++:   cannot be safely placed under this directory.  The build may not work
C/C++:   correctly.
C/C++: CMake Warning in CMakeLists.txt:
C/C++:   The object file directory
C/C++:     C:/Users/flood/hiconnect/higo-platform/node_modules/.pnpm/react-native-screens@4.25.2_2ff10e5e35d62e75ef3e80445743cd5d/node_modules/react-native-screens/android/.cxx/RelWithDebInfo/606e585m/arm64-v8a/CMakeFiles/rnscreens.dir/./
C/C++:   has 227 characters.  The maximum full path to an object file is 250
C/C++:   characters (see CMAKE_OBJECT_PATH_MAX).  Object file
C/C++:     src/main/cpp/NativeProxy.cpp.o
C/C++:   cannot be safely placed under this directory.  The build may not work
C/C++:   correctly.

> Task :react-native-worklets:buildCMakeRelWithDebInfo[arm64-v8a][worklets]
C/C++: CMake Warning in CMakeLists.txt:
C/C++:   The object file directory
C/C++:     C:/Users/flood/hiconnect/higo-platform/node_modules/.pnpm/react-native-worklets@0.8.3_0c963d7fe504361936d05065f4a6a04d/node_modules/react-native-worklets/android/.cxx/RelWithDebInfo/3o5nu4n2/arm64-v8a/CMakeFiles/worklets.dir/./
C/C++:   has 227 characters.  The maximum full path to an object file is 250
C/C++:   characters (see CMAKE_OBJECT_PATH_MAX).  Object file
C/C++:     C_/Users/flood/hiconnect/higo-platform/node_modules/.pnpm/react-native-worklets@0.8.3_0c963d7fe504361936d05065f4a6a04d/node_modules/react-native-worklets/Common/cpp/worklets/NativeModules/JSIWorkletsModuleProxy.cpp.o
C/C++:   cannot be safely placed under this directory.  The build may not work
C/C++:   correctly.
C/C++: CMake Warning in CMakeLists.txt:
C/C++:   The object file directory
C/C++:     C:/Users/flood/hiconnect/higo-platform/node_modules/.pnpm/react-native-worklets@0.8.3_0c963d7fe504361936d05065f4a6a04d/node_modules/react-native-worklets/android/.cxx/RelWithDebInfo/3o5nu4n2/arm64-v8a/CMakeFiles/worklets.dir/./
C/C++:   has 227 characters.  The maximum full path to an object file is 250
C/C++:   characters (see CMAKE_OBJECT_PATH_MAX).  Object file
C/C++:     C_/Users/flood/hiconnect/higo-platform/node_modules/.pnpm/react-native-worklets@0.8.3_0c963d7fe504361936d05065f4a6a04d/node_modules/react-native-worklets/Common/cpp/worklets/NativeModules/WorkletsModuleProxy.cpp.o
C/C++:   cannot be safely placed under this directory.  The build may not work
C/C++:   correctly.
C/C++: CMake Warning in CMakeLists.txt:
C/C++:   The object file directory
C/C++:     C:/Users/flood/hiconnect/higo-platform/node_modules/.pnpm/react-native-worklets@0.8.3_0c963d7fe504361936d05065f4a6a04d/node_modules/react-native-worklets/android/.cxx/RelWithDebInfo/3o5nu4n2/arm64-v8a/CMakeFiles/worklets.dir/./
C/C++:   has 227 characters.  The maximum full path to an object file is 250
C/C++:   characters (see CMAKE_OBJECT_PATH_MAX).  Object file
C/C++:     C_/Users/flood/hiconnect/higo-platform/node_modules/.pnpm/react-native-worklets@0.8.3_0c963d7fe504361936d05065f4a6a04d/node_modules/react-native-worklets/Common/cpp/worklets/Compat/StableApi.cpp.o
C/C++:   cannot be safely placed under this directory.  The build may not work
C/C++:   correctly.
C/C++: CMake Warning in CMakeLists.txt:
C/C++:   The object file directory
C/C++:     C:/Users/flood/hiconnect/higo-platform/node_modules/.pnpm/react-native-worklets@0.8.3_0c963d7fe504361936d05065f4a6a04d/node_modules/react-native-worklets/android/.cxx/RelWithDebInfo/3o5nu4n2/arm64-v8a/CMakeFiles/worklets.dir/./
C/C++:   has 227 characters.  The maximum full path to an object file is 250
C/C++:   characters (see CMAKE_OBJECT_PATH_MAX).  Object file
C/C++:     C_/Users/flood/hiconnect/higo-platform/node_modules/.pnpm/react-native-worklets@0.8.3_0c963d7fe504361936d05065f4a6a04d/node_modules/react-native-worklets/Common/cpp/worklets/NativeModules/WorkletsModuleProxy.cpp.o
C/C++:   cannot be safely placed under this directory.  The build may not work
C/C++:   correctly.
C/C++: CMake Warning in CMakeLists.txt:
C/C++:   The object file directory
C/C++:     C:/Users/flood/hiconnect/higo-platform/node_modules/.pnpm/react-native-worklets@0.8.3_0c963d7fe504361936d05065f4a6a04d/node_modules/react-native-worklets/android/.cxx/RelWithDebInfo/3o5nu4n2/arm64-v8a/CMakeFiles/worklets.dir/./
C/C++:   has 227 characters.  The maximum full path to an object file is 250
C/C++:   characters (see CMAKE_OBJECT_PATH_MAX).  Object file
C/C++:     C_/Users/flood/hiconnect/higo-platform/node_modules/.pnpm/react-native-worklets@0.8.3_0c963d7fe504361936d05065f4a6a04d/node_modules/react-native-worklets/Common/cpp/worklets/NativeModules/WorkletsModuleProxy.cpp.o
C/C++:   cannot be safely placed under this directory.  The build may not work
C/C++:   correctly.

> Task :expo-dev-menu-interface:verifyReleaseResources

> Task :react-native-screens:buildCMakeRelWithDebInfo[arm64-v8a]
C/C++: CMake Warning in CMakeLists.txt:
C/C++:   The object file directory
C/C++:     C:/Users/flood/hiconnect/higo-platform/node_modules/.pnpm/react-native-screens@4.25.2_2ff10e5e35d62e75ef3e80445743cd5d/node_modules/react-native-screens/android/.cxx/RelWithDebInfo/606e585m/arm64-v8a/CMakeFiles/rnscreens.dir/./
C/C++:   has 227 characters.  The maximum full path to an object file is 250
C/C++:   characters (see CMAKE_OBJECT_PATH_MAX).  Object file
C/C++:     src/main/cpp/NativeProxy.cpp.o
C/C++:   cannot be safely placed under this directory.  The build may not work
C/C++:   correctly.
C/C++: CMake Warning in CMakeLists.txt:
C/C++:   The object file directory
C/C++:     C:/Users/flood/hiconnect/higo-platform/node_modules/.pnpm/react-native-screens@4.25.2_2ff10e5e35d62e75ef3e80445743cd5d/node_modules/react-native-screens/android/.cxx/RelWithDebInfo/606e585m/arm64-v8a/CMakeFiles/rnscreens.dir/./
C/C++:   has 227 characters.  The maximum full path to an object file is 250
C/C++:   characters (see CMAKE_OBJECT_PATH_MAX).  Object file
C/C++:     src/main/cpp/NativeProxy.cpp.o
C/C++:   cannot be safely placed under this directory.  The build may not work
C/C++:   correctly.
C/C++: CMake Warning in CMakeLists.txt:
C/C++:   The object file directory
C/C++:     C:/Users/flood/hiconnect/higo-platform/node_modules/.pnpm/react-native-screens@4.25.2_2ff10e5e35d62e75ef3e80445743cd5d/node_modules/react-native-screens/android/.cxx/RelWithDebInfo/606e585m/arm64-v8a/CMakeFiles/rnscreens.dir/./
C/C++:   has 227 characters.  The maximum full path to an object file is 250
C/C++:   characters (see CMAKE_OBJECT_PATH_MAX).  Object file
C/C++:     src/main/cpp/jni-adapter.cpp.o
C/C++:   cannot be safely placed under this directory.  The build may not work
C/C++:   correctly.
C/C++: CMake Warning in CMakeLists.txt:
C/C++:   The object file directory
C/C++:     C:/Users/flood/hiconnect/higo-platform/node_modules/.pnpm/react-native-screens@4.25.2_2ff10e5e35d62e75ef3e80445743cd5d/node_modules/react-native-screens/android/.cxx/RelWithDebInfo/606e585m/arm64-v8a/CMakeFiles/rnscreens.dir/./
C/C++:   has 227 characters.  The maximum full path to an object file is 250
C/C++:   characters (see CMAKE_OBJECT_PATH_MAX).  Object file
C/C++:     C_/Users/flood/hiconnect/higo-platform/node_modules/.pnpm/react-native-screens@4.25.2_2ff10e5e35d62e75ef3e80445743cd5d/node_modules/react-native-screens/cpp/RNSScreenRemovalListener.cpp.o
C/C++:   cannot be safely placed under this directory.  The build may not work
C/C++:   correctly.
C/C++: CMake Warning in CMakeLists.txt:
C/C++:   The object file directory
C/C++:     C:/Users/flood/hiconnect/higo-platform/node_modules/.pnpm/react-native-screens@4.25.2_2ff10e5e35d62e75ef3e80445743cd5d/node_modules/react-native-screens/android/.cxx/RelWithDebInfo/606e585m/arm64-v8a/CMakeFiles/rnscreens.dir/./
C/C++:   has 227 characters.  The maximum full path to an object file is 250
C/C++:   characters (see CMAKE_OBJECT_PATH_MAX).  Object file
C/C++:     C_/Users/flood/hiconnect/higo-platform/node_modules/.pnpm/react-native-screens@4.25.2_2ff10e5e35d62e75ef3e80445743cd5d/node_modules/react-native-screens/cpp/RNSScreenRemovalListener.cpp.o
C/C++:   cannot be safely placed under this directory.  The build may not work
C/C++:   correctly.
C/C++: CMake Warning in CMakeLists.txt:
C/C++:   The object file directory
C/C++:     C:/Users/flood/hiconnect/higo-platform/node_modules/.pnpm/react-native-screens@4.25.2_2ff10e5e35d62e75ef3e80445743cd5d/node_modules/react-native-screens/android/.cxx/RelWithDebInfo/606e585m/arm64-v8a/CMakeFiles/rnscreens.dir/./
C/C++:   has 227 characters.  The maximum full path to an object file is 250
C/C++:   characters (see CMAKE_OBJECT_PATH_MAX).  Object file
C/C++:     C_/Users/flood/hiconnect/higo-platform/node_modules/.pnpm/react-native-screens@4.25.2_2ff10e5e35d62e75ef3e80445743cd5d/node_modules/react-native-screens/cpp/RNScreensTurboModule.cpp.o
C/C++:   cannot be safely placed under this directory.  The build may not work
C/C++:   correctly.
C/C++: CMake Warning in CMakeLists.txt:
C/C++:   The object file directory
C/C++:     C:/Users/flood/hiconnect/higo-platform/node_modules/.pnpm/react-native-screens@4.25.2_2ff10e5e35d62e75ef3e80445743cd5d/node_modules/react-native-screens/android/.cxx/RelWithDebInfo/606e585m/arm64-v8a/CMakeFiles/rnscreens.dir/./
C/C++:   has 227 characters.  The maximum full path to an object file is 250
C/C++:   characters (see CMAKE_OBJECT_PATH_MAX).  Object file
C/C++:     C_/Users/flood/hiconnect/higo-platform/node_modules/.pnpm/react-native-screens@4.25.2_2ff10e5e35d62e75ef3e80445743cd5d/node_modules/react-native-screens/cpp/RNSScreenRemovalListener.cpp.o
C/C++:   cannot be safely placed under this directory.  The build may not work
C/C++:   correctly.

> Task :react-native-worklets:buildCMakeRelWithDebInfo[arm64-v8a][worklets]
C/C++: CMake Warning in CMakeLists.txt:
C/C++:   The object file directory
C/C++:     C:/Users/flood/hiconnect/higo-platform/node_modules/.pnpm/react-native-worklets@0.8.3_0c963d7fe504361936d05065f4a6a04d/node_modules/react-native-worklets/android/.cxx/RelWithDebInfo/3o5nu4n2/arm64-v8a/CMakeFiles/worklets.dir/./
C/C++:   has 227 characters.  The maximum full path to an object file is 250
C/C++:   characters (see CMAKE_OBJECT_PATH_MAX).  Object file
C/C++:     C_/Users/flood/hiconnect/higo-platform/node_modules/.pnpm/react-native-worklets@0.8.3_0c963d7fe504361936d05065f4a6a04d/node_modules/react-native-worklets/Common/cpp/worklets/Registries/WorkletRuntimeRegistry.cpp.o
C/C++:   cannot be safely placed under this directory.  The build may not work
C/C++:   correctly.
C/C++: CMake Warning in CMakeLists.txt:
C/C++:   The object file directory
C/C++:     C:/Users/flood/hiconnect/higo-platform/node_modules/.pnpm/react-native-worklets@0.8.3_0c963d7fe504361936d05065f4a6a04d/node_modules/react-native-worklets/android/.cxx/RelWithDebInfo/3o5nu4n2/arm64-v8a/CMakeFiles/worklets.dir/./
C/C++:   has 227 characters.  The maximum full path to an object file is 250
C/C++:   characters (see CMAKE_OBJECT_PATH_MAX).  Object file
C/C++:     C_/Users/flood/hiconnect/higo-platform/node_modules/.pnpm/react-native-worklets@0.8.3_0c963d7fe504361936d05065f4a6a04d/node_modules/react-native-worklets/Common/cpp/worklets/Registries/EventHandlerRegistry.cpp.o
C/C++:   cannot be safely placed under this directory.  The build may not work
C/C++:   correctly.
C/C++: CMake Warning in CMakeLists.txt:
C/C++:   The object file directory
C/C++:     C:/Users/flood/hiconnect/higo-platform/node_modules/.pnpm/react-native-worklets@0.8.3_0c963d7fe504361936d05065f4a6a04d/node_modules/react-native-worklets/android/.cxx/RelWithDebInfo/3o5nu4n2/arm64-v8a/CMakeFiles/worklets.dir/./
C/C++:   has 227 characters.  The maximum full path to an object file is 250
C/C++:   characters (see CMAKE_OBJECT_PATH_MAX).  Object file
C/C++:     C_/Users/flood/hiconnect/higo-platform/node_modules/.pnpm/react-native-worklets@0.8.3_0c963d7fe504361936d05065f4a6a04d/node_modules/react-native-worklets/Common/cpp/worklets/NativeModules/WorkletsModuleProxy.cpp.o
C/C++:   cannot be safely placed under this directory.  The build may not work
C/C++:   correctly.
C/C++: CMake Warning in CMakeLists.txt:
C/C++:   The object file directory
C/C++:     C:/Users/flood/hiconnect/higo-platform/node_modules/.pnpm/react-native-worklets@0.8.3_0c963d7fe504361936d05065f4a6a04d/node_modules/react-native-worklets/android/.cxx/RelWithDebInfo/3o5nu4n2/arm64-v8a/CMakeFiles/worklets.dir/./
C/C++:   has 227 characters.  The maximum full path to an object file is 250
C/C++:   characters (see CMAKE_OBJECT_PATH_MAX).  Object file
C/C++:     C_/Users/flood/hiconnect/higo-platform/node_modules/.pnpm/react-native-worklets@0.8.3_0c963d7fe504361936d05065f4a6a04d/node_modules/react-native-worklets/Common/cpp/worklets/Compat/StableApi.cpp.o
C/C++:   cannot be safely placed under this directory.  The build may not work
C/C++:   correctly.
C/C++: CMake Warning in CMakeLists.txt:
C/C++:   The object file directory
C/C++:     C:/Users/flood/hiconnect/higo-platform/node_modules/.pnpm/react-native-worklets@0.8.3_0c963d7fe504361936d05065f4a6a04d/node_modules/react-native-worklets/android/.cxx/RelWithDebInfo/3o5nu4n2/arm64-v8a/CMakeFiles/worklets.dir/./
C/C++:   has 227 characters.  The maximum full path to an object file is 250
C/C++:   characters (see CMAKE_OBJECT_PATH_MAX).  Object file
C/C++:     C_/Users/flood/hiconnect/higo-platform/node_modules/.pnpm/react-native-worklets@0.8.3_0c963d7fe504361936d05065f4a6a04d/node_modules/react-native-worklets/Common/cpp/worklets/AnimationFrameQueue/AnimationFrameBatchinator.cpp.o
C/C++:   cannot be safely placed under this directory.  The build may not work
C/C++:   correctly.

> Task :expo-json-utils:mapReleaseSourceSetPaths

> Task :react-native-screens:buildCMakeRelWithDebInfo[arm64-v8a]
C/C++: CMake Warning in CMakeLists.txt:
C/C++:   The object file directory
C/C++:     C:/Users/flood/hiconnect/higo-platform/node_modules/.pnpm/react-native-screens@4.25.2_2ff10e5e35d62e75ef3e80445743cd5d/node_modules/react-native-screens/android/.cxx/RelWithDebInfo/606e585m/arm64-v8a/CMakeFiles/rnscreens.dir/./
C/C++:   has 227 characters.  The maximum full path to an object file is 250
C/C++:   characters (see CMAKE_OBJECT_PATH_MAX).  Object file
C/C++:     C_/Users/flood/hiconnect/higo-platform/node_modules/.pnpm/react-native-screens@4.25.2_2ff10e5e35d62e75ef3e80445743cd5d/node_modules/react-native-screens/cpp/RNSScreenRemovalListener.cpp.o
C/C++:   cannot be safely placed under this directory.  The build may not work
C/C++:   correctly.

> Task :expo-json-utils:mergeReleaseResources

> Task :react-native-screens:buildCMakeRelWithDebInfo[arm64-v8a]
C/C++: CMake Warning in CMakeLists.txt:
C/C++:   The object file directory
C/C++:     C:/Users/flood/hiconnect/higo-platform/node_modules/.pnpm/react-native-screens@4.25.2_2ff10e5e35d62e75ef3e80445743cd5d/node_modules/react-native-screens/android/.cxx/RelWithDebInfo/606e585m/arm64-v8a/CMakeFiles/rnscreens.dir/./
C/C++:   has 227 characters.  The maximum full path to an object file is 250
C/C++:   characters (see CMAKE_OBJECT_PATH_MAX).  Object file
C/C++:     C_/Users/flood/hiconnect/higo-platform/node_modules/.pnpm/react-native-screens@4.25.2_2ff10e5e35d62e75ef3e80445743cd5d/node_modules/react-native-screens/cpp/RNScreensTurboModule.cpp.o
C/C++:   cannot be safely placed under this directory.  The build may not work
C/C++:   correctly.

> Task :expo-json-utils:verifyReleaseResources

> Task :react-native-worklets:buildCMakeRelWithDebInfo[arm64-v8a][worklets]
C/C++: CMake Warning in CMakeLists.txt:
C/C++:   The object file directory
C/C++:     C:/Users/flood/hiconnect/higo-platform/node_modules/.pnpm/react-native-worklets@0.8.3_0c963d7fe504361936d05065f4a6a04d/node_modules/react-native-worklets/android/.cxx/RelWithDebInfo/3o5nu4n2/arm64-v8a/CMakeFiles/worklets.dir/./
C/C++:   has 227 characters.  The maximum full path to an object file is 250
C/C++:   characters (see CMAKE_OBJECT_PATH_MAX).  Object file
C/C++:     C_/Users/flood/hiconnect/higo-platform/node_modules/.pnpm/react-native-worklets@0.8.3_0c963d7fe504361936d05065f4a6a04d/node_modules/react-native-worklets/Common/cpp/worklets/Compat/StableApi.cpp.o
C/C++:   cannot be safely placed under this directory.  The build may not work
C/C++:   correctly.
C/C++: CMake Warning in CMakeLists.txt:
C/C++:   The object file directory
C/C++:     C:/Users/flood/hiconnect/higo-platform/node_modules/.pnpm/react-native-worklets@0.8.3_0c963d7fe504361936d05065f4a6a04d/node_modules/react-native-worklets/android/.cxx/RelWithDebInfo/3o5nu4n2/arm64-v8a/CMakeFiles/worklets.dir/./
C/C++:   has 227 characters.  The maximum full path to an object file is 250
C/C++:   characters (see CMAKE_OBJECT_PATH_MAX).  Object file
C/C++:     C_/Users/flood/hiconnect/higo-platform/node_modules/.pnpm/react-native-worklets@0.8.3_0c963d7fe504361936d05065f4a6a04d/node_modules/react-native-worklets/Common/cpp/worklets/Compat/StableApi.cpp.o
C/C++:   cannot be safely placed under this directory.  The build may not work
C/C++:   correctly.

> Task :expo-log-box:mapReleaseSourceSetPaths

> Task :react-native-screens:buildCMakeRelWithDebInfo[arm64-v8a]
C/C++: CMake Warning in CMakeLists.txt:
C/C++:   The object file directory
C/C++:     C:/Users/flood/hiconnect/higo-platform/node_modules/.pnpm/react-native-screens@4.25.2_2ff10e5e35d62e75ef3e80445743cd5d/node_modules/react-native-screens/android/.cxx/RelWithDebInfo/606e585m/arm64-v8a/CMakeFiles/rnscreens.dir/./
C/C++:   has 227 characters.  The maximum full path to an object file is 250
C/C++:   characters (see CMAKE_OBJECT_PATH_MAX).  Object file
C/C++:     C_/Users/flood/hiconnect/higo-platform/node_modules/.pnpm/react-native-screens@4.25.2_2ff10e5e35d62e75ef3e80445743cd5d/node_modules/react-native-screens/cpp/RNSScreenRemovalListener.cpp.o
C/C++:   cannot be safely placed under this directory.  The build may not work
C/C++:   correctly.
C/C++: CMake Warning in CMakeLists.txt:
C/C++:   The object file directory
C/C++:     C:/Users/flood/hiconnect/higo-platform/node_modules/.pnpm/react-native-screens@4.25.2_2ff10e5e35d62e75ef3e80445743cd5d/node_modules/react-native-screens/android/.cxx/RelWithDebInfo/606e585m/arm64-v8a/CMakeFiles/rnscreens.dir/./
C/C++:   has 227 characters.  The maximum full path to an object file is 250
C/C++:   characters (see CMAKE_OBJECT_PATH_MAX).  Object file
C/C++:     src/main/cpp/jni-adapter.cpp.o
C/C++:   cannot be safely placed under this directory.  The build may not work
C/C++:   correctly.
C/C++: CMake Warning in CMakeLists.txt:
C/C++:   The object file directory
C/C++:     C:/Users/flood/hiconnect/higo-platform/node_modules/.pnpm/react-native-screens@4.25.2_2ff10e5e35d62e75ef3e80445743cd5d/node_modules/react-native-screens/android/.cxx/RelWithDebInfo/606e585m/arm64-v8a/CMakeFiles/rnscreens.dir/./
C/C++:   has 227 characters.  The maximum full path to an object file is 250
C/C++:   characters (see CMAKE_OBJECT_PATH_MAX).  Object file
C/C++:     C_/Users/flood/hiconnect/higo-platform/node_modules/.pnpm/react-native-screens@4.25.2_2ff10e5e35d62e75ef3e80445743cd5d/node_modules/react-native-screens/cpp/RNSScreenRemovalListener.cpp.o
C/C++:   cannot be safely placed under this directory.  The build may not work
C/C++:   correctly.
C/C++: CMake Warning in CMakeLists.txt:
C/C++:   The object file directory
C/C++:     C:/Users/flood/hiconnect/higo-platform/node_modules/.pnpm/react-native-screens@4.25.2_2ff10e5e35d62e75ef3e80445743cd5d/node_modules/react-native-screens/android/.cxx/RelWithDebInfo/606e585m/arm64-v8a/CMakeFiles/rnscreens.dir/./
C/C++:   has 227 characters.  The maximum full path to an object file is 250
C/C++:   characters (see CMAKE_OBJECT_PATH_MAX).  Object file
C/C++:     src/main/cpp/jni-adapter.cpp.o
C/C++:   cannot be safely placed under this directory.  The build may not work
C/C++:   correctly.
C/C++: CMake Warning in CMakeLists.txt:
C/C++:   The object file directory
C/C++:     C:/Users/flood/hiconnect/higo-platform/node_modules/.pnpm/react-native-screens@4.25.2_2ff10e5e35d62e75ef3e80445743cd5d/node_modules/react-native-screens/android/.cxx/RelWithDebInfo/606e585m/arm64-v8a/CMakeFiles/rnscreens.dir/./
C/C++:   has 227 characters.  The maximum full path to an object file is 250
C/C++:   characters (see CMAKE_OBJECT_PATH_MAX).  Object file
C/C++:     src/main/cpp/jni-adapter.cpp.o
C/C++:   cannot be safely placed under this directory.  The build may not work
C/C++:   correctly.
C/C++: CMake Warning in CMakeLists.txt:
C/C++:   The object file directory
C/C++:     C:/Users/flood/hiconnect/higo-platform/node_modules/.pnpm/react-native-screens@4.25.2_2ff10e5e35d62e75ef3e80445743cd5d/node_modules/react-native-screens/android/.cxx/RelWithDebInfo/606e585m/arm64-v8a/CMakeFiles/rnscreens.dir/./
C/C++:   has 227 characters.  The maximum full path to an object file is 250
C/C++:   characters (see CMAKE_OBJECT_PATH_MAX).  Object file
C/C++:     C_/Users/flood/hiconnect/higo-platform/node_modules/.pnpm/react-native-screens@4.25.2_2ff10e5e35d62e75ef3e80445743cd5d/node_modules/react-native-screens/cpp/RNScreensTurboModule.cpp.o
C/C++:   cannot be safely placed under this directory.  The build may not work
C/C++:   correctly.
C/C++: CMake Warning in CMakeLists.txt:
C/C++:   The object file directory
C/C++:     C:/Users/flood/hiconnect/higo-platform/node_modules/.pnpm/react-native-screens@4.25.2_2ff10e5e35d62e75ef3e80445743cd5d/node_modules/react-native-screens/android/.cxx/RelWithDebInfo/606e585m/arm64-v8a/CMakeFiles/rnscreens.dir/./
C/C++:   has 227 characters.  The maximum full path to an object file is 250
C/C++:   characters (see CMAKE_OBJECT_PATH_MAX).  Object file
C/C++:     src/main/cpp/jni-adapter.cpp.o
C/C++:   cannot be safely placed under this directory.  The build may not work
C/C++:   correctly.
C/C++: CMake Warning in CMakeLists.txt:
C/C++:   The object file directory
C/C++:     C:/Users/flood/hiconnect/higo-platform/node_modules/.pnpm/react-native-screens@4.25.2_2ff10e5e35d62e75ef3e80445743cd5d/node_modules/react-native-screens/android/.cxx/RelWithDebInfo/606e585m/arm64-v8a/CMakeFiles/rnscreens.dir/./
C/C++:   has 227 characters.  The maximum full path to an object file is 250
C/C++:   characters (see CMAKE_OBJECT_PATH_MAX).  Object file
C/C++:     C_/Users/flood/hiconnect/higo-platform/node_modules/.pnpm/react-native-screens@4.25.2_2ff10e5e35d62e75ef3e80445743cd5d/node_modules/react-native-screens/cpp/RNScreensTurboModule.cpp.o
C/C++:   cannot be safely placed under this directory.  The build may not work
C/C++:   correctly.
C/C++: CMake Warning in CMakeLists.txt:
C/C++:   The object file directory
C/C++:     C:/Users/flood/hiconnect/higo-platform/node_modules/.pnpm/react-native-screens@4.25.2_2ff10e5e35d62e75ef3e80445743cd5d/node_modules/react-native-screens/android/.cxx/RelWithDebInfo/606e585m/arm64-v8a/CMakeFiles/rnscreens.dir/./
C/C++:   has 227 characters.  The maximum full path to an object file is 250
C/C++:   characters (see CMAKE_OBJECT_PATH_MAX).  Object file
C/C++:     src/main/cpp/jni-adapter.cpp.o
C/C++:   cannot be safely placed under this directory.  The build may not work
C/C++:   correctly.
C/C++: CMake Warning in CMakeLists.txt:
C/C++:   The object file directory
C/C++:     C:/Users/flood/hiconnect/higo-platform/node_modules/.pnpm/react-native-screens@4.25.2_2ff10e5e35d62e75ef3e80445743cd5d/node_modules/react-native-screens/android/.cxx/RelWithDebInfo/606e585m/arm64-v8a/CMakeFiles/rnscreens.dir/./
C/C++:   has 227 characters.  The maximum full path to an object file is 250
C/C++:   characters (see CMAKE_OBJECT_PATH_MAX).  Object file
C/C++:     C_/Users/flood/hiconnect/higo-platform/node_modules/.pnpm/react-native-screens@4.25.2_2ff10e5e35d62e75ef3e80445743cd5d/node_modules/react-native-screens/cpp/RNSScreenRemovalListener.cpp.o
C/C++:   cannot be safely placed under this directory.  The build may not work
C/C++:   correctly.
C/C++: CMake Warning in CMakeLists.txt:
C/C++:   The object file directory
C/C++:     C:/Users/flood/hiconnect/higo-platform/node_modules/.pnpm/react-native-screens@4.25.2_2ff10e5e35d62e75ef3e80445743cd5d/node_modules/react-native-screens/android/.cxx/RelWithDebInfo/606e585m/arm64-v8a/CMakeFiles/rnscreens.dir/./
C/C++:   has 227 characters.  The maximum full path to an object file is 250
C/C++:   characters (see CMAKE_OBJECT_PATH_MAX).  Object file
C/C++:     src/main/cpp/OnLoad.cpp.o
C/C++:   cannot be safely placed under this directory.  The build may not work
C/C++:   correctly.
C/C++: CMake Warning in CMakeLists.txt:
C/C++:   The object file directory
C/C++:     C:/Users/flood/hiconnect/higo-platform/node_modules/.pnpm/react-native-screens@4.25.2_2ff10e5e35d62e75ef3e80445743cd5d/node_modules/react-native-screens/android/.cxx/RelWithDebInfo/606e585m/arm64-v8a/CMakeFiles/rnscreens.dir/./
C/C++:   has 227 characters.  The maximum full path to an object file is 250
C/C++:   characters (see CMAKE_OBJECT_PATH_MAX).  Object file
C/C++:     src/main/cpp/jni-adapter.cpp.o
C/C++:   cannot be safely placed under this directory.  The build may not work
C/C++:   correctly.
C/C++: CMake Warning in CMakeLists.txt:
C/C++:   The object file directory
C/C++:     C:/Users/flood/hiconnect/higo-platform/node_modules/.pnpm/react-native-screens@4.25.2_2ff10e5e35d62e75ef3e80445743cd5d/node_modules/react-native-screens/android/.cxx/RelWithDebInfo/606e585m/arm64-v8a/CMakeFiles/rnscreens.dir/./
C/C++:   has 227 characters.  The maximum full path to an object file is 250
C/C++:   characters (see CMAKE_OBJECT_PATH_MAX).  Object file
C/C++:     src/main/cpp/NativeProxy.cpp.o
C/C++:   cannot be safely placed under this directory.  The build may not work
C/C++:   correctly.
C/C++: CMake Warning in CMakeLists.txt:
C/C++:   The object file directory
C/C++:     C:/Users/flood/hiconnect/higo-platform/node_modules/.pnpm/react-native-screens@4.25.2_2ff10e5e35d62e75ef3e80445743cd5d/node_modules/react-native-screens/android/.cxx/RelWithDebInfo/606e585m/arm64-v8a/CMakeFiles/rnscreens.dir/./
C/C++:   has 227 characters.  The maximum full path to an object file is 250
C/C++:   characters (see CMAKE_OBJECT_PATH_MAX).  Object file
C/C++:     C_/Users/flood/hiconnect/higo-platform/node_modules/.pnpm/react-native-screens@4.25.2_2ff10e5e35d62e75ef3e80445743cd5d/node_modules/react-native-screens/cpp/RNScreensTurboModule.cpp.o
C/C++:   cannot be safely placed under this directory.  The build may not work
C/C++:   correctly.

> Task :expo-log-box:mergeReleaseResources

> Task :react-native-worklets:buildCMakeRelWithDebInfo[arm64-v8a][worklets]
C/C++: CMake Warning in CMakeLists.txt:
C/C++:   The object file directory
C/C++:     C:/Users/flood/hiconnect/higo-platform/node_modules/.pnpm/react-native-worklets@0.8.3_0c963d7fe504361936d05065f4a6a04d/node_modules/react-native-worklets/android/.cxx/RelWithDebInfo/3o5nu4n2/arm64-v8a/CMakeFiles/worklets.dir/./
C/C++:   has 227 characters.  The maximum full path to an object file is 250
C/C++:   characters (see CMAKE_OBJECT_PATH_MAX).  Object file
C/C++:     C_/Users/flood/hiconnect/higo-platform/node_modules/.pnpm/react-native-worklets@0.8.3_0c963d7fe504361936d05065f4a6a04d/node_modules/react-native-worklets/Common/cpp/worklets/Compat/StableApi.cpp.o
C/C++:   cannot be safely placed under this directory.  The build may not work
C/C++:   correctly.
C/C++: CMake Warning in CMakeLists.txt:
C/C++:   The object file directory
C/C++:     C:/Users/flood/hiconnect/higo-platform/node_modules/.pnpm/react-native-worklets@0.8.3_0c963d7fe504361936d05065f4a6a04d/node_modules/react-native-worklets/android/.cxx/RelWithDebInfo/3o5nu4n2/arm64-v8a/CMakeFiles/worklets.dir/./
C/C++:   has 227 characters.  The maximum full path to an object file is 250
C/C++:   characters (see CMAKE_OBJECT_PATH_MAX).  Object file
C/C++:     C_/Users/flood/hiconnect/higo-platform/node_modules/.pnpm/react-native-worklets@0.8.3_0c963d7fe504361936d05065f4a6a04d/node_modules/react-native-worklets/Common/cpp/worklets/NativeModules/JSIWorkletsModuleProxy.cpp.o
C/C++:   cannot be safely placed under this directory.  The build may not work
C/C++:   correctly.
C/C++: CMake Warning in CMakeLists.txt:
C/C++:   The object file directory
C/C++:     C:/Users/flood/hiconnect/higo-platform/node_modules/.pnpm/react-native-worklets@0.8.3_0c963d7fe504361936d05065f4a6a04d/node_modules/react-native-worklets/android/.cxx/RelWithDebInfo/3o5nu4n2/arm64-v8a/CMakeFiles/worklets.dir/./
C/C++:   has 227 characters.  The maximum full path to an object file is 250
C/C++:   characters (see CMAKE_OBJECT_PATH_MAX).  Object file
C/C++:     C_/Users/flood/hiconnect/higo-platform/node_modules/.pnpm/react-native-worklets@0.8.3_0c963d7fe504361936d05065f4a6a04d/node_modules/react-native-worklets/Common/cpp/worklets/NativeModules/WorkletsModuleProxy.cpp.o
C/C++:   cannot be safely placed under this directory.  The build may not work
C/C++:   correctly.
C/C++: CMake Warning in CMakeLists.txt:
C/C++:   The object file directory
C/C++:     C:/Users/flood/hiconnect/higo-platform/node_modules/.pnpm/react-native-worklets@0.8.3_0c963d7fe504361936d05065f4a6a04d/node_modules/react-native-worklets/android/.cxx/RelWithDebInfo/3o5nu4n2/arm64-v8a/CMakeFiles/worklets.dir/./
C/C++:   has 227 characters.  The maximum full path to an object file is 250
C/C++:   characters (see CMAKE_OBJECT_PATH_MAX).  Object file
C/C++:     C_/Users/flood/hiconnect/higo-platform/node_modules/.pnpm/react-native-worklets@0.8.3_0c963d7fe504361936d05065f4a6a04d/node_modules/react-native-worklets/Common/cpp/worklets/Compat/StableApi.cpp.o
C/C++:   cannot be safely placed under this directory.  The build may not work
C/C++:   correctly.
C/C++: CMake Warning in CMakeLists.txt:
C/C++:   The object file directory
C/C++:     C:/Users/flood/hiconnect/higo-platform/node_modules/.pnpm/react-native-worklets@0.8.3_0c963d7fe504361936d05065f4a6a04d/node_modules/react-native-worklets/android/.cxx/RelWithDebInfo/3o5nu4n2/arm64-v8a/CMakeFiles/worklets.dir/./
C/C++:   has 227 characters.  The maximum full path to an object file is 250
C/C++:   characters (see CMAKE_OBJECT_PATH_MAX).  Object file
C/C++:     C_/Users/flood/hiconnect/higo-platform/node_modules/.pnpm/react-native-worklets@0.8.3_0c963d7fe504361936d05065f4a6a04d/node_modules/react-native-worklets/Common/cpp/worklets/Registries/EventHandlerRegistry.cpp.o
C/C++:   cannot be safely placed under this directory.  The build may not work
C/C++:   correctly.
C/C++: CMake Warning in CMakeLists.txt:
C/C++:   The object file directory
C/C++:     C:/Users/flood/hiconnect/higo-platform/node_modules/.pnpm/react-native-worklets@0.8.3_0c963d7fe504361936d05065f4a6a04d/node_modules/react-native-worklets/android/.cxx/RelWithDebInfo/3o5nu4n2/arm64-v8a/CMakeFiles/worklets.dir/./
C/C++:   has 227 characters.  The maximum full path to an object file is 250
C/C++:   characters (see CMAKE_OBJECT_PATH_MAX).  Object file
C/C++:     C_/Users/flood/hiconnect/higo-platform/node_modules/.pnpm/react-native-worklets@0.8.3_0c963d7fe504361936d05065f4a6a04d/node_modules/react-native-worklets/Common/cpp/worklets/NativeModules/JSIWorkletsModuleProxy.cpp.o
C/C++:   cannot be safely placed under this directory.  The build may not work
C/C++:   correctly.
C/C++: CMake Warning in CMakeLists.txt:
C/C++:   The object file directory
C/C++:     C:/Users/flood/hiconnect/higo-platform/node_modules/.pnpm/react-native-worklets@0.8.3_0c963d7fe504361936d05065f4a6a04d/node_modules/react-native-worklets/android/.cxx/RelWithDebInfo/3o5nu4n2/arm64-v8a/CMakeFiles/worklets.dir/./
C/C++:   has 227 characters.  The maximum full path to an object file is 250
C/C++:   characters (see CMAKE_OBJECT_PATH_MAX).  Object file
C/C++:     C_/Users/flood/hiconnect/higo-platform/node_modules/.pnpm/react-native-worklets@0.8.3_0c963d7fe504361936d05065f4a6a04d/node_modules/react-native-worklets/Common/cpp/worklets/AnimationFrameQueue/AnimationFrameBatchinator.cpp.o
C/C++:   cannot be safely placed under this directory.  The build may not work
C/C++:   correctly.
C/C++: CMake Warning in CMakeLists.txt:
C/C++:   The object file directory
C/C++:     C:/Users/flood/hiconnect/higo-platform/node_modules/.pnpm/react-native-worklets@0.8.3_0c963d7fe504361936d05065f4a6a04d/node_modules/react-native-worklets/android/.cxx/RelWithDebInfo/3o5nu4n2/arm64-v8a/CMakeFiles/worklets.dir/./
C/C++:   has 227 characters.  The maximum full path to an object file is 250
C/C++:   characters (see CMAKE_OBJECT_PATH_MAX).  Object file
C/C++:     C_/Users/flood/hiconnect/higo-platform/node_modules/.pnpm/react-native-worklets@0.8.3_0c963d7fe504361936d05065f4a6a04d/node_modules/react-native-worklets/Common/cpp/worklets/Registries/WorkletRuntimeRegistry.cpp.o
C/C++:   cannot be safely placed under this directory.  The build may not work
C/C++:   correctly.
C/C++: CMake Warning in CMakeLists.txt:
C/C++:   The object file directory
C/C++:     C:/Users/flood/hiconnect/higo-platform/node_modules/.pnpm/react-native-worklets@0.8.3_0c963d7fe504361936d05065f4a6a04d/node_modules/react-native-worklets/android/.cxx/RelWithDebInfo/3o5nu4n2/arm64-v8a/CMakeFiles/worklets.dir/./
C/C++:   has 227 characters.  The maximum full path to an object file is 250
C/C++:   characters (see CMAKE_OBJECT_PATH_MAX).  Object file
C/C++:     C_/Users/flood/hiconnect/higo-platform/node_modules/.pnpm/react-native-worklets@0.8.3_0c963d7fe504361936d05065f4a6a04d/node_modules/react-native-worklets/Common/cpp/worklets/Compat/StableApi.cpp.o
C/C++:   cannot be safely placed under this directory.  The build may not work
C/C++:   correctly.
C/C++: CMake Warning in CMakeLists.txt:
C/C++:   The object file directory
C/C++:     C:/Users/flood/hiconnect/higo-platform/node_modules/.pnpm/react-native-worklets@0.8.3_0c963d7fe504361936d05065f4a6a04d/node_modules/react-native-worklets/android/.cxx/RelWithDebInfo/3o5nu4n2/arm64-v8a/CMakeFiles/worklets.dir/./
C/C++:   has 227 characters.  The maximum full path to an object file is 250
C/C++:   characters (see CMAKE_OBJECT_PATH_MAX).  Object file
C/C++:     C_/Users/flood/hiconnect/higo-platform/node_modules/.pnpm/react-native-worklets@0.8.3_0c963d7fe504361936d05065f4a6a04d/node_modules/react-native-worklets/Common/cpp/worklets/NativeModules/WorkletsModuleProxy.cpp.o
C/C++:   cannot be safely placed under this directory.  The build may not work
C/C++:   correctly.
C/C++: CMake Warning in CMakeLists.txt:
C/C++:   The object file directory
C/C++:     C:/Users/flood/hiconnect/higo-platform/node_modules/.pnpm/react-native-worklets@0.8.3_0c963d7fe504361936d05065f4a6a04d/node_modules/react-native-worklets/android/.cxx/RelWithDebInfo/3o5nu4n2/arm64-v8a/CMakeFiles/worklets.dir/./
C/C++:   has 227 characters.  The maximum full path to an object file is 250
C/C++:   characters (see CMAKE_OBJECT_PATH_MAX).  Object file
C/C++:     C_/Users/flood/hiconnect/higo-platform/node_modules/.pnpm/react-native-worklets@0.8.3_0c963d7fe504361936d05065f4a6a04d/node_modules/react-native-worklets/Common/cpp/worklets/Registries/EventHandlerRegistry.cpp.o
C/C++:   cannot be safely placed under this directory.  The build may not work
C/C++:   correctly.

> Task :app:createBundleReleaseJsAndAssets
Android Bundled 131309ms apps\driver-app\src\main.tsx (1201 modules)
Writing bundle output to: ..\..\..\..\..\..\b\HiGO Driver\app\generated\assets\react\release\index.android.bundle
Writing sourcemap output to: ..\..\..\..\..\..\b\HiGO Driver\app\intermediates\sourcemaps\react\release\index.android.bundle.packager.map
Done writing bundle output
Done writing sourcemap output

> Task :react-native-screens:buildCMakeRelWithDebInfo[arm64-v8a]
C/C++: CMake Warning in CMakeLists.txt:
C/C++:   The object file directory
C/C++:     C:/Users/flood/hiconnect/higo-platform/node_modules/.pnpm/react-native-screens@4.25.2_2ff10e5e35d62e75ef3e80445743cd5d/node_modules/react-native-screens/android/.cxx/RelWithDebInfo/606e585m/arm64-v8a/CMakeFiles/rnscreens.dir/./
C/C++:   has 227 characters.  The maximum full path to an object file is 250
C/C++:   characters (see CMAKE_OBJECT_PATH_MAX).  Object file
C/C++:     C_/Users/flood/hiconnect/higo-platform/node_modules/.pnpm/react-native-screens@4.25.2_2ff10e5e35d62e75ef3e80445743cd5d/node_modules/react-native-screens/cpp/RNScreensTurboModule.cpp.o
C/C++:   cannot be safely placed under this directory.  The build may not work
C/C++:   correctly.
C/C++: CMake Warning in CMakeLists.txt:
C/C++:   The object file directory
C/C++:     C:/Users/flood/hiconnect/higo-platform/node_modules/.pnpm/react-native-screens@4.25.2_2ff10e5e35d62e75ef3e80445743cd5d/node_modules/react-native-screens/android/.cxx/RelWithDebInfo/606e585m/arm64-v8a/CMakeFiles/rnscreens.dir/./
C/C++:   has 227 characters.  The maximum full path to an object file is 250
C/C++:   characters (see CMAKE_OBJECT_PATH_MAX).  Object file
C/C++:     C_/Users/flood/hiconnect/higo-platform/node_modules/.pnpm/react-native-screens@4.25.2_2ff10e5e35d62e75ef3e80445743cd5d/node_modules/react-native-screens/cpp/RNScreensTurboModule.cpp.o
C/C++:   cannot be safely placed under this directory.  The build may not work
C/C++:   correctly.
C/C++: CMake Warning in CMakeLists.txt:
C/C++:   The object file directory
C/C++:     C:/Users/flood/hiconnect/higo-platform/node_modules/.pnpm/react-native-screens@4.25.2_2ff10e5e35d62e75ef3e80445743cd5d/node_modules/react-native-screens/android/.cxx/RelWithDebInfo/606e585m/arm64-v8a/CMakeFiles/rnscreens.dir/./
C/C++:   has 227 characters.  The maximum full path to an object file is 250
C/C++:   characters (see CMAKE_OBJECT_PATH_MAX).  Object file
C/C++:     C_/Users/flood/hiconnect/higo-platform/node_modules/.pnpm/react-native-screens@4.25.2_2ff10e5e35d62e75ef3e80445743cd5d/node_modules/react-native-screens/cpp/RNSScreenRemovalListener.cpp.o
C/C++:   cannot be safely placed under this directory.  The build may not work
C/C++:   correctly.
C/C++: CMake Warning in CMakeLists.txt:
C/C++:   The object file directory
C/C++:     C:/Users/flood/hiconnect/higo-platform/node_modules/.pnpm/react-native-screens@4.25.2_2ff10e5e35d62e75ef3e80445743cd5d/node_modules/react-native-screens/android/.cxx/RelWithDebInfo/606e585m/arm64-v8a/CMakeFiles/rnscreens.dir/./
C/C++:   has 227 characters.  The maximum full path to an object file is 250
C/C++:   characters (see CMAKE_OBJECT_PATH_MAX).  Object file
C/C++:     C_/Users/flood/hiconnect/higo-platform/node_modules/.pnpm/react-native-screens@4.25.2_2ff10e5e35d62e75ef3e80445743cd5d/node_modules/react-native-screens/cpp/RNSScreenRemovalListener.cpp.o
C/C++:   cannot be safely placed under this directory.  The build may not work
C/C++:   correctly.
C/C++: CMake Warning in CMakeLists.txt:
C/C++:   The object file directory
C/C++:     C:/Users/flood/hiconnect/higo-platform/node_modules/.pnpm/react-native-screens@4.25.2_2ff10e5e35d62e75ef3e80445743cd5d/node_modules/react-native-screens/android/.cxx/RelWithDebInfo/606e585m/arm64-v8a/CMakeFiles/rnscreens.dir/./
C/C++:   has 227 characters.  The maximum full path to an object file is 250
C/C++:   characters (see CMAKE_OBJECT_PATH_MAX).  Object file
C/C++:     src/main/cpp/jni-adapter.cpp.o
C/C++:   cannot be safely placed under this directory.  The build may not work
C/C++:   correctly.
C/C++: CMake Warning in CMakeLists.txt:
C/C++:   The object file directory
C/C++:     C:/Users/flood/hiconnect/higo-platform/node_modules/.pnpm/react-native-screens@4.25.2_2ff10e5e35d62e75ef3e80445743cd5d/node_modules/react-native-screens/android/.cxx/RelWithDebInfo/606e585m/arm64-v8a/CMakeFiles/rnscreens.dir/./
C/C++:   has 227 characters.  The maximum full path to an object file is 250
C/C++:   characters (see CMAKE_OBJECT_PATH_MAX).  Object file
C/C++:     src/main/cpp/OnLoad.cpp.o
C/C++:   cannot be safely placed under this directory.  The build may not work
C/C++:   correctly.
C/C++: CMake Warning in CMakeLists.txt:
C/C++:   The object file directory
C/C++:     C:/Users/flood/hiconnect/higo-platform/node_modules/.pnpm/react-native-screens@4.25.2_2ff10e5e35d62e75ef3e80445743cd5d/node_modules/react-native-screens/android/.cxx/RelWithDebInfo/606e585m/arm64-v8a/CMakeFiles/rnscreens.dir/./
C/C++:   has 227 characters.  The maximum full path to an object file is 250
C/C++:   characters (see CMAKE_OBJECT_PATH_MAX).  Object file
C/C++:     src/main/cpp/NativeProxy.cpp.o
C/C++:   cannot be safely placed under this directory.  The build may not work
C/C++:   correctly.
C/C++: CMake Warning in CMakeLists.txt:
C/C++:   The object file directory
C/C++:     C:/Users/flood/hiconnect/higo-platform/node_modules/.pnpm/react-native-screens@4.25.2_2ff10e5e35d62e75ef3e80445743cd5d/node_modules/react-native-screens/android/.cxx/RelWithDebInfo/606e585m/arm64-v8a/CMakeFiles/rnscreens.dir/./
C/C++:   has 227 characters.  The maximum full path to an object file is 250
C/C++:   characters (see CMAKE_OBJECT_PATH_MAX).  Object file
C/C++:     src/main/cpp/OnLoad.cpp.o
C/C++:   cannot be safely placed under this directory.  The build may not work
C/C++:   correctly.
C/C++: CMake Warning in CMakeLists.txt:
C/C++:   The object file directory
C/C++:     C:/Users/flood/hiconnect/higo-platform/node_modules/.pnpm/react-native-screens@4.25.2_2ff10e5e35d62e75ef3e80445743cd5d/node_modules/react-native-screens/android/.cxx/RelWithDebInfo/606e585m/arm64-v8a/CMakeFiles/rnscreens.dir/./
C/C++:   has 227 characters.  The maximum full path to an object file is 250
C/C++:   characters (see CMAKE_OBJECT_PATH_MAX).  Object file
C/C++:     C_/Users/flood/hiconnect/higo-platform/node_modules/.pnpm/react-native-screens@4.25.2_2ff10e5e35d62e75ef3e80445743cd5d/node_modules/react-native-screens/cpp/RNScreensTurboModule.cpp.o
C/C++:   cannot be safely placed under this directory.  The build may not work
C/C++:   correctly.
C/C++: CMake Warning in CMakeLists.txt:
C/C++:   The object file directory
C/C++:     C:/Users/flood/hiconnect/higo-platform/node_modules/.pnpm/react-native-screens@4.25.2_2ff10e5e35d62e75ef3e80445743cd5d/node_modules/react-native-screens/android/.cxx/RelWithDebInfo/606e585m/arm64-v8a/CMakeFiles/rnscreens.dir/./
C/C++:   has 227 characters.  The maximum full path to an object file is 250
C/C++:   characters (see CMAKE_OBJECT_PATH_MAX).  Object file
C/C++:     C_/Users/flood/hiconnect/higo-platform/node_modules/.pnpm/react-native-screens@4.25.2_2ff10e5e35d62e75ef3e80445743cd5d/node_modules/react-native-screens/cpp/RNScreensTurboModule.cpp.o
C/C++:   cannot be safely placed under this directory.  The build may not work
C/C++:   correctly.
C/C++: CMake Warning in CMakeLists.txt:
C/C++:   The object file directory
C/C++:     C:/Users/flood/hiconnect/higo-platform/node_modules/.pnpm/react-native-screens@4.25.2_2ff10e5e35d62e75ef3e80445743cd5d/node_modules/react-native-screens/android/.cxx/RelWithDebInfo/606e585m/arm64-v8a/CMakeFiles/rnscreens.dir/./
C/C++:   has 227 characters.  The maximum full path to an object file is 250
C/C++:   characters (see CMAKE_OBJECT_PATH_MAX).  Object file
C/C++:     C_/Users/flood/hiconnect/higo-platform/node_modules/.pnpm/react-native-screens@4.25.2_2ff10e5e35d62e75ef3e80445743cd5d/node_modules/react-native-screens/cpp/RNScreensTurboModule.cpp.o
C/C++:   cannot be safely placed under this directory.  The build may not work
C/C++:   correctly.
C/C++: CMake Warning in CMakeLists.txt:
C/C++:   The object file directory
C/C++:     C:/Users/flood/hiconnect/higo-platform/node_modules/.pnpm/react-native-screens@4.25.2_2ff10e5e35d62e75ef3e80445743cd5d/node_modules/react-native-screens/android/.cxx/RelWithDebInfo/606e585m/arm64-v8a/CMakeFiles/rnscreens.dir/./
C/C++:   has 227 characters.  The maximum full path to an object file is 250
C/C++:   characters (see CMAKE_OBJECT_PATH_MAX).  Object file
C/C++:     src/main/cpp/jni-adapter.cpp.o
C/C++:   cannot be safely placed under this directory.  The build may not work
C/C++:   correctly.
C/C++: CMake Warning in CMakeLists.txt:
C/C++:   The object file directory
C/C++:     C:/Users/flood/hiconnect/higo-platform/node_modules/.pnpm/react-native-screens@4.25.2_2ff10e5e35d62e75ef3e80445743cd5d/node_modules/react-native-screens/android/.cxx/RelWithDebInfo/606e585m/arm64-v8a/CMakeFiles/rnscreens.dir/./
C/C++:   has 227 characters.  The maximum full path to an object file is 250
C/C++:   characters (see CMAKE_OBJECT_PATH_MAX).  Object file
C/C++:     src/main/cpp/jni-adapter.cpp.o
C/C++:   cannot be safely placed under this directory.  The build may not work
C/C++:   correctly.
C/C++: CMake Warning in CMakeLists.txt:
C/C++:   The object file directory
C/C++:     C:/Users/flood/hiconnect/higo-platform/node_modules/.pnpm/react-native-screens@4.25.2_2ff10e5e35d62e75ef3e80445743cd5d/node_modules/react-native-screens/android/.cxx/RelWithDebInfo/606e585m/arm64-v8a/CMakeFiles/rnscreens.dir/./
C/C++:   has 227 characters.  The maximum full path to an object file is 250
C/C++:   characters (see CMAKE_OBJECT_PATH_MAX).  Object file
C/C++:     src/main/cpp/OnLoad.cpp.o
C/C++:   cannot be safely placed under this directory.  The build may not work
C/C++:   correctly.
C/C++: CMake Warning in CMakeLists.txt:
C/C++:   The object file directory
C/C++:     C:/Users/flood/hiconnect/higo-platform/node_modules/.pnpm/react-native-screens@4.25.2_2ff10e5e35d62e75ef3e80445743cd5d/node_modules/react-native-screens/android/.cxx/RelWithDebInfo/606e585m/arm64-v8a/CMakeFiles/rnscreens.dir/./
C/C++:   has 227 characters.  The maximum full path to an object file is 250
C/C++:   characters (see CMAKE_OBJECT_PATH_MAX).  Object file
C/C++:     C_/Users/flood/hiconnect/higo-platform/node_modules/.pnpm/react-native-screens@4.25.2_2ff10e5e35d62e75ef3e80445743cd5d/node_modules/react-native-screens/cpp/RNSScreenRemovalListener.cpp.o
C/C++:   cannot be safely placed under this directory.  The build may not work
C/C++:   correctly.
C/C++: CMake Warning in CMakeLists.txt:
C/C++:   The object file directory
C/C++:     C:/Users/flood/hiconnect/higo-platform/node_modules/.pnpm/react-native-screens@4.25.2_2ff10e5e35d62e75ef3e80445743cd5d/node_modules/react-native-screens/android/.cxx/RelWithDebInfo/606e585m/arm64-v8a/CMakeFiles/rnscreens.dir/./
C/C++:   has 227 characters.  The maximum full path to an object file is 250
C/C++:   characters (see CMAKE_OBJECT_PATH_MAX).  Object file
C/C++:     src/main/cpp/jni-adapter.cpp.o
C/C++:   cannot be safely placed under this directory.  The build may not work
C/C++:   correctly.
C/C++: CMake Warning in CMakeLists.txt:
C/C++:   The object file directory
C/C++:     C:/Users/flood/hiconnect/higo-platform/node_modules/.pnpm/react-native-screens@4.25.2_2ff10e5e35d62e75ef3e80445743cd5d/node_modules/react-native-screens/android/.cxx/RelWithDebInfo/606e585m/arm64-v8a/CMakeFiles/rnscreens.dir/./
C/C++:   has 227 characters.  The maximum full path to an object file is 250
C/C++:   characters (see CMAKE_OBJECT_PATH_MAX).  Object file
C/C++:     src/main/cpp/jni-adapter.cpp.o
C/C++:   cannot be safely placed under this directory.  The build may not work
C/C++:   correctly.
C/C++: CMake Warning in CMakeLists.txt:
C/C++:   The object file directory
C/C++:     C:/Users/flood/hiconnect/higo-platform/node_modules/.pnpm/react-native-screens@4.25.2_2ff10e5e35d62e75ef3e80445743cd5d/node_modules/react-native-screens/android/.cxx/RelWithDebInfo/606e585m/arm64-v8a/CMakeFiles/rnscreens.dir/./
C/C++:   has 227 characters.  The maximum full path to an object file is 250
C/C++:   characters (see CMAKE_OBJECT_PATH_MAX).  Object file
C/C++:     src/main/cpp/jni-adapter.cpp.o
C/C++:   cannot be safely placed under this directory.  The build may not work
C/C++:   correctly.
C/C++: CMake Warning in CMakeLists.txt:
C/C++:   The object file directory
C/C++:     C:/Users/flood/hiconnect/higo-platform/node_modules/.pnpm/react-native-screens@4.25.2_2ff10e5e35d62e75ef3e80445743cd5d/node_modules/react-native-screens/android/.cxx/RelWithDebInfo/606e585m/arm64-v8a/CMakeFiles/rnscreens.dir/./
C/C++:   has 227 characters.  The maximum full path to an object file is 250
C/C++:   characters (see CMAKE_OBJECT_PATH_MAX).  Object file
C/C++:     src/main/cpp/jni-adapter.cpp.o
C/C++:   cannot be safely placed under this directory.  The build may not work
C/C++:   correctly.
C/C++: CMake Warning in CMakeLists.txt:
C/C++:   The object file directory
C/C++:     C:/Users/flood/hiconnect/higo-platform/node_modules/.pnpm/react-native-screens@4.25.2_2ff10e5e35d62e75ef3e80445743cd5d/node_modules/react-native-screens/android/.cxx/RelWithDebInfo/606e585m/arm64-v8a/CMakeFiles/rnscreens.dir/./
C/C++:   has 227 characters.  The maximum full path to an object file is 250
C/C++:   characters (see CMAKE_OBJECT_PATH_MAX).  Object file
C/C++:     src/main/cpp/OnLoad.cpp.o
C/C++:   cannot be safely placed under this directory.  The build may not work
C/C++:   correctly.

> Task :expo-log-box:verifyReleaseResources

> Task :react-native-worklets:buildCMakeRelWithDebInfo[arm64-v8a][worklets]
C/C++: CMake Warning in CMakeLists.txt:
C/C++:   The object file directory
C/C++:     C:/Users/flood/hiconnect/higo-platform/node_modules/.pnpm/react-native-worklets@0.8.3_0c963d7fe504361936d05065f4a6a04d/node_modules/react-native-worklets/android/.cxx/RelWithDebInfo/3o5nu4n2/arm64-v8a/CMakeFiles/worklets.dir/./
C/C++:   has 227 characters.  The maximum full path to an object file is 250
C/C++:   characters (see CMAKE_OBJECT_PATH_MAX).  Object file
C/C++:     C_/Users/flood/hiconnect/higo-platform/node_modules/.pnpm/react-native-worklets@0.8.3_0c963d7fe504361936d05065f4a6a04d/node_modules/react-native-worklets/Common/cpp/worklets/AnimationFrameQueue/AnimationFrameBatchinator.cpp.o
C/C++:   cannot be safely placed under this directory.  The build may not work
C/C++:   correctly.
C/C++: CMake Warning in CMakeLists.txt:
C/C++:   The object file directory
C/C++:     C:/Users/flood/hiconnect/higo-platform/node_modules/.pnpm/react-native-worklets@0.8.3_0c963d7fe504361936d05065f4a6a04d/node_modules/react-native-worklets/android/.cxx/RelWithDebInfo/3o5nu4n2/arm64-v8a/CMakeFiles/worklets.dir/./
C/C++:   has 227 characters.  The maximum full path to an object file is 250
C/C++:   characters (see CMAKE_OBJECT_PATH_MAX).  Object file
C/C++:     C_/Users/flood/hiconnect/higo-platform/node_modules/.pnpm/react-native-worklets@0.8.3_0c963d7fe504361936d05065f4a6a04d/node_modules/react-native-worklets/Common/cpp/worklets/AnimationFrameQueue/AnimationFrameBatchinator.cpp.o
C/C++:   cannot be safely placed under this directory.  The build may not work
C/C++:   correctly.
C/C++: CMake Warning in CMakeLists.txt:
C/C++:   The object file directory
C/C++:     C:/Users/flood/hiconnect/higo-platform/node_modules/.pnpm/react-native-worklets@0.8.3_0c963d7fe504361936d05065f4a6a04d/node_modules/react-native-worklets/android/.cxx/RelWithDebInfo/3o5nu4n2/arm64-v8a/CMakeFiles/worklets.dir/./
C/C++:   has 227 characters.  The maximum full path to an object file is 250
C/C++:   characters (see CMAKE_OBJECT_PATH_MAX).  Object file
C/C++:     src/main/cpp/worklets/android/WorkletsOnLoad.cpp.o
C/C++:   cannot be safely placed under this directory.  The build may not work
C/C++:   correctly.
C/C++: CMake Warning in CMakeLists.txt:
C/C++:   The object file directory
C/C++:     C:/Users/flood/hiconnect/higo-platform/node_modules/.pnpm/react-native-worklets@0.8.3_0c963d7fe504361936d05065f4a6a04d/node_modules/react-native-worklets/android/.cxx/RelWithDebInfo/3o5nu4n2/arm64-v8a/CMakeFiles/worklets.dir/./
C/C++:   has 227 characters.  The maximum full path to an object file is 250
C/C++:   characters (see CMAKE_OBJECT_PATH_MAX).  Object file
C/C++:     C_/Users/flood/hiconnect/higo-platform/node_modules/.pnpm/react-native-worklets@0.8.3_0c963d7fe504361936d05065f4a6a04d/node_modules/react-native-worklets/Common/cpp/worklets/Resources/ShareableGuestUnpacker.cpp.o
C/C++:   cannot be safely placed under this directory.  The build may not work
C/C++:   correctly.
C/C++: CMake Warning in CMakeLists.txt:
C/C++:   The object file directory
C/C++:     C:/Users/flood/hiconnect/higo-platform/node_modules/.pnpm/react-native-worklets@0.8.3_0c963d7fe504361936d05065f4a6a04d/node_modules/react-native-worklets/android/.cxx/RelWithDebInfo/3o5nu4n2/arm64-v8a/CMakeFiles/worklets.dir/./
C/C++:   has 227 characters.  The maximum full path to an object file is 250
C/C++:   characters (see CMAKE_OBJECT_PATH_MAX).  Object file
C/C++:     C_/Users/flood/hiconnect/higo-platform/node_modules/.pnpm/react-native-worklets@0.8.3_0c963d7fe504361936d05065f4a6a04d/node_modules/react-native-worklets/Common/cpp/worklets/NativeModules/JSIWorkletsModuleProxy.cpp.o
C/C++:   cannot be safely placed under this directory.  The build may not work
C/C++:   correctly.
C/C++: CMake Warning in CMakeLists.txt:
C/C++:   The object file directory
C/C++:     C:/Users/flood/hiconnect/higo-platform/node_modules/.pnpm/react-native-worklets@0.8.3_0c963d7fe504361936d05065f4a6a04d/node_modules/react-native-worklets/android/.cxx/RelWithDebInfo/3o5nu4n2/arm64-v8a/CMakeFiles/worklets.dir/./
C/C++:   has 227 characters.  The maximum full path to an object file is 250
C/C++:   characters (see CMAKE_OBJECT_PATH_MAX).  Object file
C/C++:     C_/Users/flood/hiconnect/higo-platform/node_modules/.pnpm/react-native-worklets@0.8.3_0c963d7fe504361936d05065f4a6a04d/node_modules/react-native-worklets/Common/cpp/worklets/NativeModules/JSIWorkletsModuleProxy.cpp.o
C/C++:   cannot be safely placed under this directory.  The build may not work
C/C++:   correctly.
C/C++: CMake Warning in CMakeLists.txt:
C/C++:   The object file directory
C/C++:     C:/Users/flood/hiconnect/higo-platform/node_modules/.pnpm/react-native-worklets@0.8.3_0c963d7fe504361936d05065f4a6a04d/node_modules/react-native-worklets/android/.cxx/RelWithDebInfo/3o5nu4n2/arm64-v8a/CMakeFiles/worklets.dir/./
C/C++:   has 227 characters.  The maximum full path to an object file is 250
C/C++:   characters (see CMAKE_OBJECT_PATH_MAX).  Object file
C/C++:     C_/Users/flood/hiconnect/higo-platform/node_modules/.pnpm/react-native-worklets@0.8.3_0c963d7fe504361936d05065f4a6a04d/node_modules/react-native-worklets/Common/cpp/worklets/Compat/StableApi.cpp.o
C/C++:   cannot be safely placed under this directory.  The build may not work
C/C++:   correctly.
C/C++: CMake Warning in CMakeLists.txt:
C/C++:   The object file directory
C/C++:     C:/Users/flood/hiconnect/higo-platform/node_modules/.pnpm/react-native-worklets@0.8.3_0c963d7fe504361936d05065f4a6a04d/node_modules/react-native-worklets/android/.cxx/RelWithDebInfo/3o5nu4n2/arm64-v8a/CMakeFiles/worklets.dir/./
C/C++:   has 227 characters.  The maximum full path to an object file is 250
C/C++:   characters (see CMAKE_OBJECT_PATH_MAX).  Object file
C/C++:     C_/Users/flood/hiconnect/higo-platform/node_modules/.pnpm/react-native-worklets@0.8.3_0c963d7fe504361936d05065f4a6a04d/node_modules/react-native-worklets/Common/cpp/worklets/Compat/StableApi.cpp.o
C/C++:   cannot be safely placed under this directory.  The build may not work
C/C++:   correctly.
C/C++: CMake Warning in CMakeLists.txt:
C/C++:   The object file directory
C/C++:     C:/Users/flood/hiconnect/higo-platform/node_modules/.pnpm/react-native-worklets@0.8.3_0c963d7fe504361936d05065f4a6a04d/node_modules/react-native-worklets/android/.cxx/RelWithDebInfo/3o5nu4n2/arm64-v8a/CMakeFiles/worklets.dir/./
C/C++:   has 227 characters.  The maximum full path to an object file is 250
C/C++:   characters (see CMAKE_OBJECT_PATH_MAX).  Object file
C/C++:     C_/Users/flood/hiconnect/higo-platform/node_modules/.pnpm/react-native-worklets@0.8.3_0c963d7fe504361936d05065f4a6a04d/node_modules/react-native-worklets/Common/cpp/worklets/Compat/StableApi.cpp.o
C/C++:   cannot be safely placed under this directory.  The build may not work
C/C++:   correctly.
C/C++: CMake Warning in CMakeLists.txt:
C/C++:   The object file directory
C/C++:     C:/Users/flood/hiconnect/higo-platform/node_modules/.pnpm/react-native-worklets@0.8.3_0c963d7fe504361936d05065f4a6a04d/node_modules/react-native-worklets/android/.cxx/RelWithDebInfo/3o5nu4n2/arm64-v8a/CMakeFiles/worklets.dir/./
C/C++:   has 227 characters.  The maximum full path to an object file is 250
C/C++:   characters (see CMAKE_OBJECT_PATH_MAX).  Object file
C/C++:     C_/Users/flood/hiconnect/higo-platform/node_modules/.pnpm/react-native-worklets@0.8.3_0c963d7fe504361936d05065f4a6a04d/node_modules/react-native-worklets/Common/cpp/worklets/NativeModules/JSIWorkletsModuleProxy.cpp.o
C/C++:   cannot be safely placed under this directory.  The build may not work
C/C++:   correctly.
C/C++: CMake Warning in CMakeLists.txt:
C/C++:   The object file directory
C/C++:     C:/Users/flood/hiconnect/higo-platform/node_modules/.pnpm/react-native-worklets@0.8.3_0c963d7fe504361936d05065f4a6a04d/node_modules/react-native-worklets/android/.cxx/RelWithDebInfo/3o5nu4n2/arm64-v8a/CMakeFiles/worklets.dir/./
C/C++:   has 227 characters.  The maximum full path to an object file is 250
C/C++:   characters (see CMAKE_OBJECT_PATH_MAX).  Object file
C/C++:     C_/Users/flood/hiconnect/higo-platform/node_modules/.pnpm/react-native-worklets@0.8.3_0c963d7fe504361936d05065f4a6a04d/node_modules/react-native-worklets/Common/cpp/worklets/NativeModules/WorkletsModuleProxy.cpp.o
C/C++:   cannot be safely placed under this directory.  The build may not work
C/C++:   correctly.
C/C++: CMake Warning in CMakeLists.txt:
C/C++:   The object file directory
C/C++:     C:/Users/flood/hiconnect/higo-platform/node_modules/.pnpm/react-native-worklets@0.8.3_0c963d7fe504361936d05065f4a6a04d/node_modules/react-native-worklets/android/.cxx/RelWithDebInfo/3o5nu4n2/arm64-v8a/CMakeFiles/worklets.dir/./
C/C++:   has 227 characters.  The maximum full path to an object file is 250
C/C++:   characters (see CMAKE_OBJECT_PATH_MAX).  Object file
C/C++:     C_/Users/flood/hiconnect/higo-platform/node_modules/.pnpm/react-native-worklets@0.8.3_0c963d7fe504361936d05065f4a6a04d/node_modules/react-native-worklets/Common/cpp/worklets/Registries/WorkletRuntimeRegistry.cpp.o
C/C++:   cannot be safely placed under this directory.  The build may not work
C/C++:   correctly.
C/C++: CMake Warning in CMakeLists.txt:
C/C++:   The object file directory
C/C++:     C:/Users/flood/hiconnect/higo-platform/node_modules/.pnpm/react-native-worklets@0.8.3_0c963d7fe504361936d05065f4a6a04d/node_modules/react-native-worklets/android/.cxx/RelWithDebInfo/3o5nu4n2/arm64-v8a/CMakeFiles/worklets.dir/./
C/C++:   has 227 characters.  The maximum full path to an object file is 250
C/C++:   characters (see CMAKE_OBJECT_PATH_MAX).  Object file
C/C++:     C_/Users/flood/hiconnect/higo-platform/node_modules/.pnpm/react-native-worklets@0.8.3_0c963d7fe504361936d05065f4a6a04d/node_modules/react-native-worklets/Common/cpp/worklets/Compat/StableApi.cpp.o
C/C++:   cannot be safely placed under this directory.  The build may not work
C/C++:   correctly.
C/C++: CMake Warning in CMakeLists.txt:
C/C++:   The object file directory
C/C++:     C:/Users/flood/hiconnect/higo-platform/node_modules/.pnpm/react-native-worklets@0.8.3_0c963d7fe504361936d05065f4a6a04d/node_modules/react-native-worklets/android/.cxx/RelWithDebInfo/3o5nu4n2/arm64-v8a/CMakeFiles/worklets.dir/./
C/C++:   has 227 characters.  The maximum full path to an object file is 250
C/C++:   characters (see CMAKE_OBJECT_PATH_MAX).  Object file
C/C++:     C_/Users/flood/hiconnect/higo-platform/node_modules/.pnpm/react-native-worklets@0.8.3_0c963d7fe504361936d05065f4a6a04d/node_modules/react-native-worklets/Common/cpp/worklets/AnimationFrameQueue/AnimationFrameBatchinator.cpp.o
C/C++:   cannot be safely placed under this directory.  The build may not work
C/C++:   correctly.
C/C++: CMake Warning in CMakeLists.txt:
C/C++:   The object file directory
C/C++:     C:/Users/flood/hiconnect/higo-platform/node_modules/.pnpm/react-native-worklets@0.8.3_0c963d7fe504361936d05065f4a6a04d/node_modules/react-native-worklets/android/.cxx/RelWithDebInfo/3o5nu4n2/arm64-v8a/CMakeFiles/worklets.dir/./
C/C++:   has 227 characters.  The maximum full path to an object file is 250
C/C++:   characters (see CMAKE_OBJECT_PATH_MAX).  Object file
C/C++:     C_/Users/flood/hiconnect/higo-platform/node_modules/.pnpm/react-native-worklets@0.8.3_0c963d7fe504361936d05065f4a6a04d/node_modules/react-native-worklets/Common/cpp/worklets/NativeModules/WorkletsModuleProxy.cpp.o
C/C++:   cannot be safely placed under this directory.  The build may not work
C/C++:   correctly.
C/C++: CMake Warning in CMakeLists.txt:
C/C++:   The object file directory
C/C++:     C:/Users/flood/hiconnect/higo-platform/node_modules/.pnpm/react-native-worklets@0.8.3_0c963d7fe504361936d05065f4a6a04d/node_modules/react-native-worklets/android/.cxx/RelWithDebInfo/3o5nu4n2/arm64-v8a/CMakeFiles/worklets.dir/./
C/C++:   has 227 characters.  The maximum full path to an object file is 250
C/C++:   characters (see CMAKE_OBJECT_PATH_MAX).  Object file
C/C++:     C_/Users/flood/hiconnect/higo-platform/node_modules/.pnpm/react-native-worklets@0.8.3_0c963d7fe504361936d05065f4a6a04d/node_modules/react-native-worklets/Common/cpp/worklets/AnimationFrameQueue/AnimationFrameBatchinator.cpp.o
C/C++:   cannot be safely placed under this directory.  The build may not work
C/C++:   correctly.
C/C++: CMake Warning in CMakeLists.txt:
C/C++:   The object file directory
C/C++:     C:/Users/flood/hiconnect/higo-platform/node_modules/.pnpm/react-native-worklets@0.8.3_0c963d7fe504361936d05065f4a6a04d/node_modules/react-native-worklets/android/.cxx/RelWithDebInfo/3o5nu4n2/arm64-v8a/CMakeFiles/worklets.dir/./
C/C++:   has 227 characters.  The maximum full path to an object file is 250
C/C++:   characters (see CMAKE_OBJECT_PATH_MAX).  Object file
C/C++:     C_/Users/flood/hiconnect/higo-platform/node_modules/.pnpm/react-native-worklets@0.8.3_0c963d7fe504361936d05065f4a6a04d/node_modules/react-native-worklets/Common/cpp/worklets/AnimationFrameQueue/AnimationFrameBatchinator.cpp.o
C/C++:   cannot be safely placed under this directory.  The build may not work
C/C++:   correctly.

> Task :react-native-screens:buildCMakeRelWithDebInfo[arm64-v8a]
C/C++: CMake Warning in CMakeLists.txt:
C/C++:   The object file directory
C/C++:     C:/Users/flood/hiconnect/higo-platform/node_modules/.pnpm/react-native-screens@4.25.2_2ff10e5e35d62e75ef3e80445743cd5d/node_modules/react-native-screens/android/.cxx/RelWithDebInfo/606e585m/arm64-v8a/CMakeFiles/rnscreens.dir/./
C/C++:   has 227 characters.  The maximum full path to an object file is 250
C/C++:   characters (see CMAKE_OBJECT_PATH_MAX).  Object file
C/C++:     src/main/cpp/OnLoad.cpp.o
C/C++:   cannot be safely placed under this directory.  The build may not work
C/C++:   correctly.
C/C++: CMake Warning in CMakeLists.txt:
C/C++:   The object file directory
C/C++:     C:/Users/flood/hiconnect/higo-platform/node_modules/.pnpm/react-native-screens@4.25.2_2ff10e5e35d62e75ef3e80445743cd5d/node_modules/react-native-screens/android/.cxx/RelWithDebInfo/606e585m/arm64-v8a/CMakeFiles/rnscreens.dir/./
C/C++:   has 227 characters.  The maximum full path to an object file is 250
C/C++:   characters (see CMAKE_OBJECT_PATH_MAX).  Object file
C/C++:     C_/Users/flood/hiconnect/higo-platform/node_modules/.pnpm/react-native-screens@4.25.2_2ff10e5e35d62e75ef3e80445743cd5d/node_modules/react-native-screens/cpp/RNSScreenRemovalListener.cpp.o
C/C++:   cannot be safely placed under this directory.  The build may not work
C/C++:   correctly.
C/C++: CMake Warning in CMakeLists.txt:
C/C++:   The object file directory
C/C++:     C:/Users/flood/hiconnect/higo-platform/node_modules/.pnpm/react-native-screens@4.25.2_2ff10e5e35d62e75ef3e80445743cd5d/node_modules/react-native-screens/android/.cxx/RelWithDebInfo/606e585m/arm64-v8a/CMakeFiles/rnscreens.dir/./
C/C++:   has 227 characters.  The maximum full path to an object file is 250
C/C++:   characters (see CMAKE_OBJECT_PATH_MAX).  Object file
C/C++:     src/main/cpp/jni-adapter.cpp.o
C/C++:   cannot be safely placed under this directory.  The build may not work
C/C++:   correctly.
C/C++: CMake Warning in CMakeLists.txt:
C/C++:   The object file directory
C/C++:     C:/Users/flood/hiconnect/higo-platform/node_modules/.pnpm/react-native-screens@4.25.2_2ff10e5e35d62e75ef3e80445743cd5d/node_modules/react-native-screens/android/.cxx/RelWithDebInfo/606e585m/arm64-v8a/CMakeFiles/rnscreens.dir/./
C/C++:   has 227 characters.  The maximum full path to an object file is 250
C/C++:   characters (see CMAKE_OBJECT_PATH_MAX).  Object file
C/C++:     C_/Users/flood/hiconnect/higo-platform/node_modules/.pnpm/react-native-screens@4.25.2_2ff10e5e35d62e75ef3e80445743cd5d/node_modules/react-native-screens/cpp/RNSScreenRemovalListener.cpp.o
C/C++:   cannot be safely placed under this directory.  The build may not work
C/C++:   correctly.
C/C++: CMake Warning in CMakeLists.txt:
C/C++:   The object file directory
C/C++:     C:/Users/flood/hiconnect/higo-platform/node_modules/.pnpm/react-native-screens@4.25.2_2ff10e5e35d62e75ef3e80445743cd5d/node_modules/react-native-screens/android/.cxx/RelWithDebInfo/606e585m/arm64-v8a/CMakeFiles/rnscreens.dir/./
C/C++:   has 227 characters.  The maximum full path to an object file is 250
C/C++:   characters (see CMAKE_OBJECT_PATH_MAX).  Object file
C/C++:     C_/Users/flood/hiconnect/higo-platform/node_modules/.pnpm/react-native-screens@4.25.2_2ff10e5e35d62e75ef3e80445743cd5d/node_modules/react-native-screens/cpp/RNSScreenRemovalListener.cpp.o
C/C++:   cannot be safely placed under this directory.  The build may not work
C/C++:   correctly.
C/C++: CMake Warning in CMakeLists.txt:
C/C++:   The object file directory
C/C++:     C:/Users/flood/hiconnect/higo-platform/node_modules/.pnpm/react-native-screens@4.25.2_2ff10e5e35d62e75ef3e80445743cd5d/node_modules/react-native-screens/android/.cxx/RelWithDebInfo/606e585m/arm64-v8a/CMakeFiles/rnscreens.dir/./
C/C++:   has 227 characters.  The maximum full path to an object file is 250
C/C++:   characters (see CMAKE_OBJECT_PATH_MAX).  Object file
C/C++:     src/main/cpp/jni-adapter.cpp.o
C/C++:   cannot be safely placed under this directory.  The build may not work
C/C++:   correctly.
C/C++: CMake Warning in CMakeLists.txt:
C/C++:   The object file directory
C/C++:     C:/Users/flood/hiconnect/higo-platform/node_modules/.pnpm/react-native-screens@4.25.2_2ff10e5e35d62e75ef3e80445743cd5d/node_modules/react-native-screens/android/.cxx/RelWithDebInfo/606e585m/arm64-v8a/CMakeFiles/rnscreens.dir/./
C/C++:   has 227 characters.  The maximum full path to an object file is 250
C/C++:   characters (see CMAKE_OBJECT_PATH_MAX).  Object file
C/C++:     C_/Users/flood/hiconnect/higo-platform/node_modules/.pnpm/react-native-screens@4.25.2_2ff10e5e35d62e75ef3e80445743cd5d/node_modules/react-native-screens/cpp/RNScreensTurboModule.cpp.o
C/C++:   cannot be safely placed under this directory.  The build may not work
C/C++:   correctly.
C/C++: CMake Warning in CMakeLists.txt:
C/C++:   The object file directory
C/C++:     C:/Users/flood/hiconnect/higo-platform/node_modules/.pnpm/react-native-screens@4.25.2_2ff10e5e35d62e75ef3e80445743cd5d/node_modules/react-native-screens/android/.cxx/RelWithDebInfo/606e585m/arm64-v8a/CMakeFiles/rnscreens.dir/./
C/C++:   has 227 characters.  The maximum full path to an object file is 250
C/C++:   characters (see CMAKE_OBJECT_PATH_MAX).  Object file
C/C++:     src/main/cpp/jni-adapter.cpp.o
C/C++:   cannot be safely placed under this directory.  The build may not work
C/C++:   correctly.
C/C++: CMake Warning in CMakeLists.txt:
C/C++:   The object file directory
C/C++:     C:/Users/flood/hiconnect/higo-platform/node_modules/.pnpm/react-native-screens@4.25.2_2ff10e5e35d62e75ef3e80445743cd5d/node_modules/react-native-screens/android/.cxx/RelWithDebInfo/606e585m/arm64-v8a/CMakeFiles/rnscreens.dir/./
C/C++:   has 227 characters.  The maximum full path to an object file is 250
C/C++:   characters (see CMAKE_OBJECT_PATH_MAX).  Object file
C/C++:     C_/Users/flood/hiconnect/higo-platform/node_modules/.pnpm/react-native-screens@4.25.2_2ff10e5e35d62e75ef3e80445743cd5d/node_modules/react-native-screens/cpp/RNSScreenRemovalListener.cpp.o
C/C++:   cannot be safely placed under this directory.  The build may not work
C/C++:   correctly.
C/C++: CMake Warning in CMakeLists.txt:
C/C++:   The object file directory
C/C++:     C:/Users/flood/hiconnect/higo-platform/node_modules/.pnpm/react-native-screens@4.25.2_2ff10e5e35d62e75ef3e80445743cd5d/node_modules/react-native-screens/android/.cxx/RelWithDebInfo/606e585m/arm64-v8a/CMakeFiles/rnscreens.dir/./
C/C++:   has 227 characters.  The maximum full path to an object file is 250
C/C++:   characters (see CMAKE_OBJECT_PATH_MAX).  Object file
C/C++:     C_/Users/flood/hiconnect/higo-platform/node_modules/.pnpm/react-native-screens@4.25.2_2ff10e5e35d62e75ef3e80445743cd5d/node_modules/react-native-screens/cpp/RNSScreenRemovalListener.cpp.o
C/C++:   cannot be safely placed under this directory.  The build may not work
C/C++:   correctly.
C/C++: CMake Warning in CMakeLists.txt:
C/C++:   The object file directory
C/C++:     C:/Users/flood/hiconnect/higo-platform/node_modules/.pnpm/react-native-screens@4.25.2_2ff10e5e35d62e75ef3e80445743cd5d/node_modules/react-native-screens/android/.cxx/RelWithDebInfo/606e585m/arm64-v8a/CMakeFiles/rnscreens.dir/./
C/C++:   has 227 characters.  The maximum full path to an object file is 250
C/C++:   characters (see CMAKE_OBJECT_PATH_MAX).  Object file
C/C++:     src/main/cpp/jni-adapter.cpp.o
C/C++:   cannot be safely placed under this directory.  The build may not work
C/C++:   correctly.
C/C++: CMake Warning in CMakeLists.txt:
C/C++:   The object file directory
C/C++:     C:/Users/flood/hiconnect/higo-platform/node_modules/.pnpm/react-native-screens@4.25.2_2ff10e5e35d62e75ef3e80445743cd5d/node_modules/react-native-screens/android/.cxx/RelWithDebInfo/606e585m/arm64-v8a/CMakeFiles/rnscreens.dir/./
C/C++:   has 227 characters.  The maximum full path to an object file is 250
C/C++:   characters (see CMAKE_OBJECT_PATH_MAX).  Object file
C/C++:     src/main/cpp/jni-adapter.cpp.o
C/C++:   cannot be safely placed under this directory.  The build may not work
C/C++:   correctly.
C/C++: CMake Warning in CMakeLists.txt:
C/C++:   The object file directory
C/C++:     C:/Users/flood/hiconnect/higo-platform/node_modules/.pnpm/react-native-screens@4.25.2_2ff10e5e35d62e75ef3e80445743cd5d/node_modules/react-native-screens/android/.cxx/RelWithDebInfo/606e585m/arm64-v8a/CMakeFiles/rnscreens.dir/./
C/C++:   has 227 characters.  The maximum full path to an object file is 250
C/C++:   characters (see CMAKE_OBJECT_PATH_MAX).  Object file
C/C++:     C_/Users/flood/hiconnect/higo-platform/node_modules/.pnpm/react-native-screens@4.25.2_2ff10e5e35d62e75ef3e80445743cd5d/node_modules/react-native-screens/cpp/RNSScreenRemovalListener.cpp.o
C/C++:   cannot be safely placed under this directory.  The build may not work
C/C++:   correctly.
C/C++: CMake Warning in CMakeLists.txt:
C/C++:   The object file directory
C/C++:     C:/Users/flood/hiconnect/higo-platform/node_modules/.pnpm/react-native-screens@4.25.2_2ff10e5e35d62e75ef3e80445743cd5d/node_modules/react-native-screens/android/.cxx/RelWithDebInfo/606e585m/arm64-v8a/CMakeFiles/rnscreens.dir/./
C/C++:   has 227 characters.  The maximum full path to an object file is 250
C/C++:   characters (see CMAKE_OBJECT_PATH_MAX).  Object file
C/C++:     src/main/cpp/jni-adapter.cpp.o
C/C++:   cannot be safely placed under this directory.  The build may not work
C/C++:   correctly.
C/C++: CMake Warning in CMakeLists.txt:
C/C++:   The object file directory
C/C++:     C:/Users/flood/hiconnect/higo-platform/node_modules/.pnpm/react-native-screens@4.25.2_2ff10e5e35d62e75ef3e80445743cd5d/node_modules/react-native-screens/android/.cxx/RelWithDebInfo/606e585m/arm64-v8a/CMakeFiles/rnscreens.dir/./
C/C++:   has 227 characters.  The maximum full path to an object file is 250
C/C++:   characters (see CMAKE_OBJECT_PATH_MAX).  Object file
C/C++:     C_/Users/flood/hiconnect/higo-platform/node_modules/.pnpm/react-native-screens@4.25.2_2ff10e5e35d62e75ef3e80445743cd5d/node_modules/react-native-screens/cpp/RNScreensTurboModule.cpp.o
C/C++:   cannot be safely placed under this directory.  The build may not work
C/C++:   correctly.
C/C++: CMake Warning in CMakeLists.txt:
C/C++:   The object file directory
C/C++:     C:/Users/flood/hiconnect/higo-platform/node_modules/.pnpm/react-native-screens@4.25.2_2ff10e5e35d62e75ef3e80445743cd5d/node_modules/react-native-screens/android/.cxx/RelWithDebInfo/606e585m/arm64-v8a/CMakeFiles/rnscreens.dir/./
C/C++:   has 227 characters.  The maximum full path to an object file is 250
C/C++:   characters (see CMAKE_OBJECT_PATH_MAX).  Object file
C/C++:     C_/Users/flood/hiconnect/higo-platform/node_modules/.pnpm/react-native-screens@4.25.2_2ff10e5e35d62e75ef3e80445743cd5d/node_modules/react-native-screens/cpp/RNSScreenRemovalListener.cpp.o
C/C++:   cannot be safely placed under this directory.  The build may not work
C/C++:   correctly.

> Task :app:createBundleReleaseJsAndAssets_SentryUpload_com.hiconnectgo.driver@1.0.0+12_12 FAILED
Copy `debugId` from packager source map to Hermes source map...
Done.
Check generated source map for Debug ID: 4aeb5004-ff0f-4ff2-8948-fd8cd5e9ba06

Sentry Source Maps upload will include the release name and dist.
Sentry-CLI arguments: [C:\Users\flood\hiconnect\higo-platform\apps\driver-app\node_modules\@sentry\cli\bin\sentry-cli, react-native, gradle, --bundle, C:\b\HiGO Driver\app\generated\assets\react\release\index.android.bundle, --sourcemap, C:\b\HiGO Driver\app\generated\sourcemaps\react\release\index.android.bundle.map, --release, com.hiconnectgo.driver@1.0.0+12, --dist, 12]
node:internal/modules/cjs/loader:1404
  throw err;
  ^

Error: Cannot find module 'C:\Users\flood\hiconnect\higo-platform\apps\driver-app\node_modules\@sentry\cli\bin\sentry-cli'
    at Function._resolveFilename (node:internal/modules/cjs/loader:1401:15)
    at defaultResolveImpl (node:internal/modules/cjs/loader:1057:19)
    at resolveForCJSWithHooks (node:internal/modules/cjs/loader:1062:22)
    at Function._load (node:internal/modules/cjs/loader:1211:37)
    at TracingChannel.traceSync (node:diagnostics_channel:322:14)
    at wrapModuleLoad (node:internal/modules/cjs/loader:235:24)
    at Function.executeUserEntryPoint [as runMain] (node:internal/modules/run_main:171:5)
    at node:internal/main/run_main_module:36:49 {
  code: 'MODULE_NOT_FOUND',
  requireStack: []
}

Node.js v22.17.1

> Task :app:generateReleaseResValues UP-TO-DATE

> Task :react-native-worklets:buildCMakeRelWithDebInfo[arm64-v8a][worklets]
C/C++: CMake Warning in CMakeLists.txt:
C/C++:   The object file directory
C/C++:     C:/Users/flood/hiconnect/higo-platform/node_modules/.pnpm/react-native-worklets@0.8.3_0c963d7fe504361936d05065f4a6a04d/node_modules/react-native-worklets/android/.cxx/RelWithDebInfo/3o5nu4n2/arm64-v8a/CMakeFiles/worklets.dir/./
C/C++:   has 227 characters.  The maximum full path to an object file is 250
C/C++:   characters (see CMAKE_OBJECT_PATH_MAX).  Object file
C/C++:     C_/Users/flood/hiconnect/higo-platform/node_modules/.pnpm/react-native-worklets@0.8.3_0c963d7fe504361936d05065f4a6a04d/node_modules/react-native-worklets/Common/cpp/worklets/NativeModules/JSIWorkletsModuleProxy.cpp.o
C/C++:   cannot be safely placed under this directory.  The build may not work
C/C++:   correctly.
C/C++: CMake Warning in CMakeLists.txt:
C/C++:   The object file directory
C/C++:     C:/Users/flood/hiconnect/higo-platform/node_modules/.pnpm/react-native-worklets@0.8.3_0c963d7fe504361936d05065f4a6a04d/node_modules/react-native-worklets/android/.cxx/RelWithDebInfo/3o5nu4n2/arm64-v8a/CMakeFiles/worklets.dir/./
C/C++:   has 227 characters.  The maximum full path to an object file is 250
C/C++:   characters (see CMAKE_OBJECT_PATH_MAX).  Object file
C/C++:     C_/Users/flood/hiconnect/higo-platform/node_modules/.pnpm/react-native-worklets@0.8.3_0c963d7fe504361936d05065f4a6a04d/node_modules/react-native-worklets/Common/cpp/worklets/NativeModules/WorkletsModuleProxy.cpp.o
C/C++:   cannot be safely placed under this directory.  The build may not work
C/C++:   correctly.
C/C++: CMake Warning in CMakeLists.txt:
C/C++:   The object file directory
C/C++:     C:/Users/flood/hiconnect/higo-platform/node_modules/.pnpm/react-native-worklets@0.8.3_0c963d7fe504361936d05065f4a6a04d/node_modules/react-native-worklets/android/.cxx/RelWithDebInfo/3o5nu4n2/arm64-v8a/CMakeFiles/worklets.dir/./
C/C++:   has 227 characters.  The maximum full path to an object file is 250
C/C++:   characters (see CMAKE_OBJECT_PATH_MAX).  Object file
C/C++:     C_/Users/flood/hiconnect/higo-platform/node_modules/.pnpm/react-native-worklets@0.8.3_0c963d7fe504361936d05065f4a6a04d/node_modules/react-native-worklets/Common/cpp/worklets/AnimationFrameQueue/AnimationFrameBatchinator.cpp.o
C/C++:   cannot be safely placed under this directory.  The build may not work
C/C++:   correctly.
C/C++: CMake Warning in CMakeLists.txt:
C/C++:   The object file directory
C/C++:     C:/Users/flood/hiconnect/higo-platform/node_modules/.pnpm/react-native-worklets@0.8.3_0c963d7fe504361936d05065f4a6a04d/node_modules/react-native-worklets/android/.cxx/RelWithDebInfo/3o5nu4n2/arm64-v8a/CMakeFiles/worklets.dir/./
C/C++:   has 227 characters.  The maximum full path to an object file is 250
C/C++:   characters (see CMAKE_OBJECT_PATH_MAX).  Object file
C/C++:     C_/Users/flood/hiconnect/higo-platform/node_modules/.pnpm/react-native-worklets@0.8.3_0c963d7fe504361936d05065f4a6a04d/node_modules/react-native-worklets/Common/cpp/worklets/Tools/FeatureFlags.cpp.o
C/C++:   cannot be safely placed under this directory.  The build may not work
C/C++:   correctly.

> Task :app:injectCrashlyticsMappingFileIdRelease UP-TO-DATE
> Task :app:extractReleaseVersionControlInfo UP-TO-DATE
> Task :app:injectCrashlyticsVersionControlInfoRelease UP-TO-DATE
> Task :app:processReleaseGoogleServices UP-TO-DATE
> Task :app:generateReleaseResources UP-TO-DATE
> Task :app:packageReleaseResources UP-TO-DATE
> Task :app:parseReleaseLocalResources UP-TO-DATE
> Task :app:createReleaseCompatibleScreenManifests UP-TO-DATE
> Task :app:extractDeepLinksRelease UP-TO-DATE
> Task :app:javaPreCompileRelease UP-TO-DATE
> Task :app:desugarReleaseFileDependencies UP-TO-DATE

> Task :react-native-worklets:buildCMakeRelWithDebInfo[arm64-v8a][worklets]
C/C++: CMake Warning in CMakeLists.txt:
C/C++:   The object file directory
C/C++:     C:/Users/flood/hiconnect/higo-platform/node_modules/.pnpm/react-native-worklets@0.8.3_0c963d7fe504361936d05065f4a6a04d/node_modules/react-native-worklets/android/.cxx/RelWithDebInfo/3o5nu4n2/arm64-v8a/CMakeFiles/worklets.dir/./
C/C++:   has 227 characters.  The maximum full path to an object file is 250
C/C++:   characters (see CMAKE_OBJECT_PATH_MAX).  Object file
C/C++:     C_/Users/flood/hiconnect/higo-platform/node_modules/.pnpm/react-native-worklets@0.8.3_0c963d7fe504361936d05065f4a6a04d/node_modules/react-native-worklets/Common/cpp/worklets/AnimationFrameQueue/AnimationFrameBatchinator.cpp.o
C/C++:   cannot be safely placed under this directory.  The build may not work
C/C++:   correctly.
C/C++: CMake Warning in CMakeLists.txt:
C/C++:   The object file directory
C/C++:     C:/Users/flood/hiconnect/higo-platform/node_modules/.pnpm/react-native-worklets@0.8.3_0c963d7fe504361936d05065f4a6a04d/node_modules/react-native-worklets/android/.cxx/RelWithDebInfo/3o5nu4n2/arm64-v8a/CMakeFiles/worklets.dir/./
C/C++:   has 227 characters.  The maximum full path to an object file is 250
C/C++:   characters (see CMAKE_OBJECT_PATH_MAX).  Object file
C/C++:     C_/Users/flood/hiconnect/higo-platform/node_modules/.pnpm/react-native-worklets@0.8.3_0c963d7fe504361936d05065f4a6a04d/node_modules/react-native-worklets/Common/cpp/worklets/Compat/StableApi.cpp.o
C/C++:   cannot be safely placed under this directory.  The build may not work
C/C++:   correctly.
C/C++: CMake Warning in CMakeLists.txt:
C/C++:   The object file directory
C/C++:     C:/Users/flood/hiconnect/higo-platform/node_modules/.pnpm/react-native-worklets@0.8.3_0c963d7fe504361936d05065f4a6a04d/node_modules/react-native-worklets/android/.cxx/RelWithDebInfo/3o5nu4n2/arm64-v8a/CMakeFiles/worklets.dir/./
C/C++:   has 227 characters.  The maximum full path to an object file is 250
C/C++:   characters (see CMAKE_OBJECT_PATH_MAX).  Object file
C/C++:     C_/Users/flood/hiconnect/higo-platform/node_modules/.pnpm/react-native-worklets@0.8.3_0c963d7fe504361936d05065f4a6a04d/node_modules/react-native-worklets/Common/cpp/worklets/Compat/StableApi.cpp.o
C/C++:   cannot be safely placed under this directory.  The build may not work
C/C++:   correctly.

> Task :react-native-screens:buildCMakeRelWithDebInfo[arm64-v8a] FAILED
C/C++: CMake Warning in CMakeLists.txt:
C/C++:   The object file directory
C/C++:     C:/Users/flood/hiconnect/higo-platform/node_modules/.pnpm/react-native-screens@4.25.2_2ff10e5e35d62e75ef3e80445743cd5d/node_modules/react-native-screens/android/.cxx/RelWithDebInfo/606e585m/arm64-v8a/CMakeFiles/rnscreens.dir/./
C/C++:   has 227 characters.  The maximum full path to an object file is 250
C/C++:   characters (see CMAKE_OBJECT_PATH_MAX).  Object file
C/C++:     C_/Users/flood/hiconnect/higo-platform/node_modules/.pnpm/react-native-screens@4.25.2_2ff10e5e35d62e75ef3e80445743cd5d/node_modules/react-native-screens/cpp/RNScreensTurboModule.cpp.o
C/C++:   cannot be safely placed under this directory.  The build may not work
C/C++:   correctly.
C/C++: CMake Warning in CMakeLists.txt:
C/C++:   The object file directory
C/C++:     C:/Users/flood/hiconnect/higo-platform/node_modules/.pnpm/react-native-screens@4.25.2_2ff10e5e35d62e75ef3e80445743cd5d/node_modules/react-native-screens/android/.cxx/RelWithDebInfo/606e585m/arm64-v8a/CMakeFiles/rnscreens.dir/./
C/C++:   has 227 characters.  The maximum full path to an object file is 250
C/C++:   characters (see CMAKE_OBJECT_PATH_MAX).  Object file
C/C++:     C_/Users/flood/hiconnect/higo-platform/node_modules/.pnpm/react-native-screens@4.25.2_2ff10e5e35d62e75ef3e80445743cd5d/node_modules/react-native-screens/cpp/RNScreensTurboModule.cpp.o
C/C++:   cannot be safely placed under this directory.  The build may not work
C/C++:   correctly.
C/C++: CMake Warning in CMakeLists.txt:
C/C++:   The object file directory
C/C++:     C:/Users/flood/hiconnect/higo-platform/node_modules/.pnpm/react-native-screens@4.25.2_2ff10e5e35d62e75ef3e80445743cd5d/node_modules/react-native-screens/android/.cxx/RelWithDebInfo/606e585m/arm64-v8a/CMakeFiles/rnscreens.dir/./
C/C++:   has 227 characters.  The maximum full path to an object file is 250
C/C++:   characters (see CMAKE_OBJECT_PATH_MAX).  Object file
C/C++:     src/main/cpp/NativeProxy.cpp.o
C/C++:   cannot be safely placed under this directory.  The build may not work
C/C++:   correctly.
C/C++: CMake Warning in CMakeLists.txt:
C/C++:   The object file directory
C/C++:     C:/Users/flood/hiconnect/higo-platform/node_modules/.pnpm/react-native-screens@4.25.2_2ff10e5e35d62e75ef3e80445743cd5d/node_modules/react-native-screens/android/.cxx/RelWithDebInfo/606e585m/arm64-v8a/CMakeFiles/rnscreens.dir/./
C/C++:   has 227 characters.  The maximum full path to an object file is 250
C/C++:   characters (see CMAKE_OBJECT_PATH_MAX).  Object file
C/C++:     C_/Users/flood/hiconnect/higo-platform/node_modules/.pnpm/react-native-screens@4.25.2_2ff10e5e35d62e75ef3e80445743cd5d/node_modules/react-native-screens/cpp/RNScreensTurboModule.cpp.o
C/C++:   cannot be safely placed under this directory.  The build may not work
C/C++:   correctly.
C/C++: ninja: error: manifest 'build.ninja' still dirty after 100 tries

> Task :react-native-worklets:buildCMakeRelWithDebInfo[arm64-v8a][worklets]
C/C++: CMake Warning in CMakeLists.txt:
C/C++:   The object file directory
C/C++:     C:/Users/flood/hiconnect/higo-platform/node_modules/.pnpm/react-native-worklets@0.8.3_0c963d7fe504361936d05065f4a6a04d/node_modules/react-native-worklets/android/.cxx/RelWithDebInfo/3o5nu4n2/arm64-v8a/CMakeFiles/worklets.dir/./
C/C++:   has 227 characters.  The maximum full path to an object file is 250
C/C++:   characters (see CMAKE_OBJECT_PATH_MAX).  Object file
C/C++:     C_/Users/flood/hiconnect/higo-platform/node_modules/.pnpm/react-native-worklets@0.8.3_0c963d7fe504361936d05065f4a6a04d/node_modules/react-native-worklets/Common/cpp/worklets/AnimationFrameQueue/AnimationFrameBatchinator.cpp.o
C/C++:   cannot be safely placed under this directory.  The build may not work
C/C++:   correctly.
C/C++: CMake Warning in CMakeLists.txt:
C/C++:   The object file directory
C/C++:     C:/Users/flood/hiconnect/higo-platform/node_modules/.pnpm/react-native-worklets@0.8.3_0c963d7fe504361936d05065f4a6a04d/node_modules/react-native-worklets/android/.cxx/RelWithDebInfo/3o5nu4n2/arm64-v8a/CMakeFiles/worklets.dir/./
C/C++:   has 227 characters.  The maximum full path to an object file is 250
C/C++:   characters (see CMAKE_OBJECT_PATH_MAX).  Object file
C/C++:     C_/Users/flood/hiconnect/higo-platform/node_modules/.pnpm/react-native-worklets@0.8.3_0c963d7fe504361936d05065f4a6a04d/node_modules/react-native-worklets/Common/cpp/worklets/NativeModules/JSIWorkletsModuleProxy.cpp.o
C/C++:   cannot be safely placed under this directory.  The build may not work
C/C++:   correctly.
C/C++: CMake Warning in CMakeLists.txt:
C/C++:   The object file directory
C/C++:     C:/Users/flood/hiconnect/higo-platform/node_modules/.pnpm/react-native-worklets@0.8.3_0c963d7fe504361936d05065f4a6a04d/node_modules/react-native-worklets/android/.cxx/RelWithDebInfo/3o5nu4n2/arm64-v8a/CMakeFiles/worklets.dir/./
C/C++:   has 227 characters.  The maximum full path to an object file is 250
C/C++:   characters (see CMAKE_OBJECT_PATH_MAX).  Object file
C/C++:     C_/Users/flood/hiconnect/higo-platform/node_modules/.pnpm/react-native-worklets@0.8.3_0c963d7fe504361936d05065f4a6a04d/node_modules/react-native-worklets/Common/cpp/worklets/NativeModules/JSIWorkletsModuleProxy.cpp.o
C/C++:   cannot be safely placed under this directory.  The build may not work
C/C++:   correctly.

> Task :react-native-screens:configureCMakeRelWithDebInfo[armeabi-v7a]
C/C++: CMake Warning in CMakeLists.txt:
C/C++:   The object file directory
C/C++:     C:/Users/flood/hiconnect/higo-platform/node_modules/.pnpm/react-native-screens@4.25.2_2ff10e5e35d62e75ef3e80445743cd5d/node_modules/react-native-screens/android/.cxx/RelWithDebInfo/606e585m/armeabi-v7a/CMakeFiles/rnscreens.dir/./
C/C++:   has 229 characters.  The maximum full path to an object file is 250
C/C++:   characters (see CMAKE_OBJECT_PATH_MAX).  Object file
C/C++:     C_/Users/flood/hiconnect/higo-platform/node_modules/.pnpm/react-native-screens@4.25.2_2ff10e5e35d62e75ef3e80445743cd5d/node_modules/react-native-screens/cpp/RNSScreenRemovalListener.cpp.o
C/C++:   cannot be safely placed under this directory.  The build may not work
C/C++:   correctly.

> Task :react-native-worklets:buildCMakeRelWithDebInfo[arm64-v8a][worklets]
C/C++: CMake Warning in CMakeLists.txt:
C/C++:   The object file directory
C/C++:     C:/Users/flood/hiconnect/higo-platform/node_modules/.pnpm/react-native-worklets@0.8.3_0c963d7fe504361936d05065f4a6a04d/node_modules/react-native-worklets/android/.cxx/RelWithDebInfo/3o5nu4n2/arm64-v8a/CMakeFiles/worklets.dir/./
C/C++:   has 227 characters.  The maximum full path to an object file is 250
C/C++:   characters (see CMAKE_OBJECT_PATH_MAX).  Object file
C/C++:     C_/Users/flood/hiconnect/higo-platform/node_modules/.pnpm/react-native-worklets@0.8.3_0c963d7fe504361936d05065f4a6a04d/node_modules/react-native-worklets/Common/cpp/worklets/SharedItems/MemoryManager.cpp.o
C/C++:   cannot be safely placed under this directory.  The build may not work
C/C++:   correctly.

> Task :app:mergeReleaseStartupProfile UP-TO-DATE
> Task :expo-manifests:mapReleaseSourceSetPaths
> Task :expo-manifests:mergeReleaseResources

> Task :react-native-screens:buildCMakeRelWithDebInfo[armeabi-v7a]
C/C++: CMake Warning in CMakeLists.txt:
C/C++:   The object file directory
C/C++:     C:/Users/flood/hiconnect/higo-platform/node_modules/.pnpm/react-native-screens@4.25.2_2ff10e5e35d62e75ef3e80445743cd5d/node_modules/react-native-screens/android/.cxx/RelWithDebInfo/606e585m/armeabi-v7a/CMakeFiles/rnscreens.dir/./
C/C++:   has 229 characters.  The maximum full path to an object file is 250
C/C++:   characters (see CMAKE_OBJECT_PATH_MAX).  Object file
C/C++:     src/main/cpp/OnLoad.cpp.o
C/C++:   cannot be safely placed under this directory.  The build may not work
C/C++:   correctly.
C/C++: CMake Warning in CMakeLists.txt:
C/C++:   The object file directory
C/C++:     C:/Users/flood/hiconnect/higo-platform/node_modules/.pnpm/react-native-screens@4.25.2_2ff10e5e35d62e75ef3e80445743cd5d/node_modules/react-native-screens/android/.cxx/RelWithDebInfo/606e585m/armeabi-v7a/CMakeFiles/rnscreens.dir/./
C/C++:   has 229 characters.  The maximum full path to an object file is 250
C/C++:   characters (see CMAKE_OBJECT_PATH_MAX).  Object file
C/C++:     src/main/cpp/NativeProxy.cpp.o
C/C++:   cannot be safely placed under this directory.  The build may not work
C/C++:   correctly.
C/C++: CMake Warning in CMakeLists.txt:
C/C++:   The object file directory
C/C++:     C:/Users/flood/hiconnect/higo-platform/node_modules/.pnpm/react-native-screens@4.25.2_2ff10e5e35d62e75ef3e80445743cd5d/node_modules/react-native-screens/android/.cxx/RelWithDebInfo/606e585m/armeabi-v7a/CMakeFiles/rnscreens.dir/./
C/C++:   has 229 characters.  The maximum full path to an object file is 250
C/C++:   characters (see CMAKE_OBJECT_PATH_MAX).  Object file
C/C++:     src/main/cpp/OnLoad.cpp.o
C/C++:   cannot be safely placed under this directory.  The build may not work
C/C++:   correctly.
C/C++: CMake Warning in CMakeLists.txt:
C/C++:   The object file directory
C/C++:     C:/Users/flood/hiconnect/higo-platform/node_modules/.pnpm/react-native-screens@4.25.2_2ff10e5e35d62e75ef3e80445743cd5d/node_modules/react-native-screens/android/.cxx/RelWithDebInfo/606e585m/armeabi-v7a/CMakeFiles/rnscreens.dir/./
C/C++:   has 229 characters.  The maximum full path to an object file is 250
C/C++:   characters (see CMAKE_OBJECT_PATH_MAX).  Object file
C/C++:     C_/Users/flood/hiconnect/higo-platform/node_modules/.pnpm/react-native-screens@4.25.2_2ff10e5e35d62e75ef3e80445743cd5d/node_modules/react-native-screens/cpp/RNSScreenRemovalListener.cpp.o
C/C++:   cannot be safely placed under this directory.  The build may not work
C/C++:   correctly.
C/C++: CMake Warning in CMakeLists.txt:
C/C++:   The object file directory
C/C++:     C:/Users/flood/hiconnect/higo-platform/node_modules/.pnpm/react-native-screens@4.25.2_2ff10e5e35d62e75ef3e80445743cd5d/node_modules/react-native-screens/android/.cxx/RelWithDebInfo/606e585m/armeabi-v7a/CMakeFiles/rnscreens.dir/./
C/C++:   has 229 characters.  The maximum full path to an object file is 250
C/C++:   characters (see CMAKE_OBJECT_PATH_MAX).  Object file
C/C++:     src/main/cpp/jni-adapter.cpp.o
C/C++:   cannot be safely placed under this directory.  The build may not work
C/C++:   correctly.
C/C++: CMake Warning in CMakeLists.txt:
C/C++:   The object file directory
C/C++:     C:/Users/flood/hiconnect/higo-platform/node_modules/.pnpm/react-native-screens@4.25.2_2ff10e5e35d62e75ef3e80445743cd5d/node_modules/react-native-screens/android/.cxx/RelWithDebInfo/606e585m/armeabi-v7a/CMakeFiles/rnscreens.dir/./
C/C++:   has 229 characters.  The maximum full path to an object file is 250
C/C++:   characters (see CMAKE_OBJECT_PATH_MAX).  Object file
C/C++:     C_/Users/flood/hiconnect/higo-platform/node_modules/.pnpm/react-native-screens@4.25.2_2ff10e5e35d62e75ef3e80445743cd5d/node_modules/react-native-screens/cpp/RNSScreenRemovalListener.cpp.o
C/C++:   cannot be safely placed under this directory.  The build may not work
C/C++:   correctly.

> Task :app:mergeExtDexRelease UP-TO-DATE
> Task :app:mergeReleaseShaders UP-TO-DATE
> Task :app:compileReleaseShaders NO-SOURCE
> Task :app:generateReleaseAssets UP-TO-DATE

> Task :react-native-worklets:buildCMakeRelWithDebInfo[arm64-v8a][worklets]
C/C++: CMake Warning in CMakeLists.txt:
C/C++:   The object file directory
C/C++:     C:/Users/flood/hiconnect/higo-platform/node_modules/.pnpm/react-native-worklets@0.8.3_0c963d7fe504361936d05065f4a6a04d/node_modules/react-native-worklets/android/.cxx/RelWithDebInfo/3o5nu4n2/arm64-v8a/CMakeFiles/worklets.dir/./
C/C++:   has 227 characters.  The maximum full path to an object file is 250
C/C++:   characters (see CMAKE_OBJECT_PATH_MAX).  Object file
C/C++:     C_/Users/flood/hiconnect/higo-platform/node_modules/.pnpm/react-native-worklets@0.8.3_0c963d7fe504361936d05065f4a6a04d/node_modules/react-native-worklets/Common/cpp/worklets/Compat/StableApi.cpp.o
C/C++:   cannot be safely placed under this directory.  The build may not work
C/C++:   correctly.
C/C++: CMake Warning in CMakeLists.txt:
C/C++:   The object file directory
C/C++:     C:/Users/flood/hiconnect/higo-platform/node_modules/.pnpm/react-native-worklets@0.8.3_0c963d7fe504361936d05065f4a6a04d/node_modules/react-native-worklets/android/.cxx/RelWithDebInfo/3o5nu4n2/arm64-v8a/CMakeFiles/worklets.dir/./
C/C++:   has 227 characters.  The maximum full path to an object file is 250
C/C++:   characters (see CMAKE_OBJECT_PATH_MAX).  Object file
C/C++:     C_/Users/flood/hiconnect/higo-platform/node_modules/.pnpm/react-native-worklets@0.8.3_0c963d7fe504361936d05065f4a6a04d/node_modules/react-native-worklets/Common/cpp/worklets/Resources/CustomSerializableUnpacker.cpp.o
C/C++:   cannot be safely placed under this directory.  The build may not work
C/C++:   correctly.
C/C++: CMake Warning in CMakeLists.txt:
C/C++:   The object file directory
C/C++:     C:/Users/flood/hiconnect/higo-platform/node_modules/.pnpm/react-native-worklets@0.8.3_0c963d7fe504361936d05065f4a6a04d/node_modules/react-native-worklets/android/.cxx/RelWithDebInfo/3o5nu4n2/arm64-v8a/CMakeFiles/worklets.dir/./
C/C++:   has 227 characters.  The maximum full path to an object file is 250
C/C++:   characters (see CMAKE_OBJECT_PATH_MAX).  Object file
C/C++:     C_/Users/flood/hiconnect/higo-platform/node_modules/.pnpm/react-native-worklets@0.8.3_0c963d7fe504361936d05065f4a6a04d/node_modules/react-native-worklets/Common/cpp/worklets/Compat/StableApi.cpp.o
C/C++:   cannot be safely placed under this directory.  The build may not work
C/C++:   correctly.

> Task :expo-manifests:verifyReleaseResources
> Task :expo-updates-interface:mapReleaseSourceSetPaths
> Task :expo-updates-interface:mergeReleaseResources
> Task :expo-updates-interface:verifyReleaseResources

> Task :react-native-screens:buildCMakeRelWithDebInfo[armeabi-v7a]
C/C++: CMake Warning in CMakeLists.txt:
C/C++:   The object file directory
C/C++:     C:/Users/flood/hiconnect/higo-platform/node_modules/.pnpm/react-native-screens@4.25.2_2ff10e5e35d62e75ef3e80445743cd5d/node_modules/react-native-screens/android/.cxx/RelWithDebInfo/606e585m/armeabi-v7a/CMakeFiles/rnscreens.dir/./
C/C++:   has 229 characters.  The maximum full path to an object file is 250
C/C++:   characters (see CMAKE_OBJECT_PATH_MAX).  Object file
C/C++:     C_/Users/flood/hiconnect/higo-platform/node_modules/.pnpm/react-native-screens@4.25.2_2ff10e5e35d62e75ef3e80445743cd5d/node_modules/react-native-screens/cpp/RNSScreenRemovalListener.cpp.o
C/C++:   cannot be safely placed under this directory.  The build may not work
C/C++:   correctly.
C/C++: CMake Warning in CMakeLists.txt:
C/C++:   The object file directory
C/C++:     C:/Users/flood/hiconnect/higo-platform/node_modules/.pnpm/react-native-screens@4.25.2_2ff10e5e35d62e75ef3e80445743cd5d/node_modules/react-native-screens/android/.cxx/RelWithDebInfo/606e585m/armeabi-v7a/CMakeFiles/rnscreens.dir/./
C/C++:   has 229 characters.  The maximum full path to an object file is 250
C/C++:   characters (see CMAKE_OBJECT_PATH_MAX).  Object file
C/C++:     C_/Users/flood/hiconnect/higo-platform/node_modules/.pnpm/react-native-screens@4.25.2_2ff10e5e35d62e75ef3e80445743cd5d/node_modules/react-native-screens/cpp/RNScreensTurboModule.cpp.o
C/C++:   cannot be safely placed under this directory.  The build may not work
C/C++:   correctly.

> Task :react-native-async-storage_async-storage:bundleReleaseAar
> Task :react-native-async-storage_async-storage:mapReleaseSourceSetPaths

> Task :react-native-worklets:buildCMakeRelWithDebInfo[arm64-v8a][worklets]
C/C++: CMake Warning in CMakeLists.txt:
C/C++:   The object file directory
C/C++:     C:/Users/flood/hiconnect/higo-platform/node_modules/.pnpm/react-native-worklets@0.8.3_0c963d7fe504361936d05065f4a6a04d/node_modules/react-native-worklets/android/.cxx/RelWithDebInfo/3o5nu4n2/arm64-v8a/CMakeFiles/worklets.dir/./
C/C++:   has 227 characters.  The maximum full path to an object file is 250
C/C++:   characters (see CMAKE_OBJECT_PATH_MAX).  Object file
C/C++:     C_/Users/flood/hiconnect/higo-platform/node_modules/.pnpm/react-native-worklets@0.8.3_0c963d7fe504361936d05065f4a6a04d/node_modules/react-native-worklets/Common/cpp/worklets/Compat/StableApi.cpp.o
C/C++:   cannot be safely placed under this directory.  The build may not work
C/C++:   correctly.

> Task :app:createBundleReleaseJsAndAssets_SentryCollectModules_com.hiconnectgo.driver@1.0.0+12_12
Sentry Logger [log]: Reading source map from C:\b\HiGO Driver\app\generated\sourcemaps\react\release\index.android.bundle.map
Sentry Logger [log]: Saving modules to C:\Users\flood\hiconnect\higo-platform\apps\driver-app/android/app/src/main/assets/modules.json
Sentry Logger [log]: Resolving modules from paths C:\Users\flood\hiconnect\higo-platform\apps\driver-app/node_modules
Sentry Logger [log]: Modules collected and saved to: C:\Users\flood\hiconnect\higo-platform\apps\driver-app/android/app/src/main/assets/modules.json

> Task :app:extractProguardFiles UP-TO-DATE
> Task :app:collectReleaseDependencies UP-TO-DATE
> Task :app:sdkReleaseDependencyData UP-TO-DATE
> Task :app:validateSigningRelease UP-TO-DATE
> Task :app:writeReleaseAppMetadata UP-TO-DATE
> Task :app:writeReleaseSigningConfigVersions UP-TO-DATE
> Task :react-native-firebase_app:bundleReleaseAar
> Task :react-native-firebase_app:mapReleaseSourceSetPaths

> Task :react-native-screens:buildCMakeRelWithDebInfo[armeabi-v7a]
C/C++: CMake Warning in CMakeLists.txt:
C/C++:   The object file directory
C/C++:     C:/Users/flood/hiconnect/higo-platform/node_modules/.pnpm/react-native-screens@4.25.2_2ff10e5e35d62e75ef3e80445743cd5d/node_modules/react-native-screens/android/.cxx/RelWithDebInfo/606e585m/armeabi-v7a/CMakeFiles/rnscreens.dir/./
C/C++:   has 229 characters.  The maximum full path to an object file is 250
C/C++:   characters (see CMAKE_OBJECT_PATH_MAX).  Object file
C/C++:     C_/Users/flood/hiconnect/higo-platform/node_modules/.pnpm/react-native-screens@4.25.2_2ff10e5e35d62e75ef3e80445743cd5d/node_modules/react-native-screens/cpp/RNSScreenRemovalListener.cpp.o
C/C++:   cannot be safely placed under this directory.  The build may not work
C/C++:   correctly.
C/C++: CMake Warning in CMakeLists.txt:
C/C++:   The object file directory
C/C++:     C:/Users/flood/hiconnect/higo-platform/node_modules/.pnpm/react-native-screens@4.25.2_2ff10e5e35d62e75ef3e80445743cd5d/node_modules/react-native-screens/android/.cxx/RelWithDebInfo/606e585m/armeabi-v7a/CMakeFiles/rnscreens.dir/./
C/C++:   has 229 characters.  The maximum full path to an object file is 250
C/C++:   characters (see CMAKE_OBJECT_PATH_MAX).  Object file
C/C++:     src/main/cpp/jni-adapter.cpp.o
C/C++:   cannot be safely placed under this directory.  The build may not work
C/C++:   correctly.
C/C++: CMake Warning in CMakeLists.txt:
C/C++:   The object file directory
C/C++:     C:/Users/flood/hiconnect/higo-platform/node_modules/.pnpm/react-native-screens@4.25.2_2ff10e5e35d62e75ef3e80445743cd5d/node_modules/react-native-screens/android/.cxx/RelWithDebInfo/606e585m/armeabi-v7a/CMakeFiles/rnscreens.dir/./
C/C++:   has 229 characters.  The maximum full path to an object file is 250
C/C++:   characters (see CMAKE_OBJECT_PATH_MAX).  Object file
C/C++:     C_/Users/flood/hiconnect/higo-platform/node_modules/.pnpm/react-native-screens@4.25.2_2ff10e5e35d62e75ef3e80445743cd5d/node_modules/react-native-screens/cpp/RNScreensTurboModule.cpp.o
C/C++:   cannot be safely placed under this directory.  The build may not work
C/C++:   correctly.
C/C++: CMake Warning in CMakeLists.txt:
C/C++:   The object file directory
C/C++:     C:/Users/flood/hiconnect/higo-platform/node_modules/.pnpm/react-native-screens@4.25.2_2ff10e5e35d62e75ef3e80445743cd5d/node_modules/react-native-screens/android/.cxx/RelWithDebInfo/606e585m/armeabi-v7a/CMakeFiles/rnscreens.dir/./
C/C++:   has 229 characters.  The maximum full path to an object file is 250
C/C++:   characters (see CMAKE_OBJECT_PATH_MAX).  Object file
C/C++:     src/main/cpp/NativeProxy.cpp.o
C/C++:   cannot be safely placed under this directory.  The build may not work
C/C++:   correctly.
C/C++: CMake Warning in CMakeLists.txt:
C/C++:   The object file directory
C/C++:     C:/Users/flood/hiconnect/higo-platform/node_modules/.pnpm/react-native-screens@4.25.2_2ff10e5e35d62e75ef3e80445743cd5d/node_modules/react-native-screens/android/.cxx/RelWithDebInfo/606e585m/armeabi-v7a/CMakeFiles/rnscreens.dir/./
C/C++:   has 229 characters.  The maximum full path to an object file is 250
C/C++:   characters (see CMAKE_OBJECT_PATH_MAX).  Object file
C/C++:     src/main/cpp/jni-adapter.cpp.o
C/C++:   cannot be safely placed under this directory.  The build may not work
C/C++:   correctly.
C/C++: CMake Warning in CMakeLists.txt:
C/C++:   The object file directory
C/C++:     C:/Users/flood/hiconnect/higo-platform/node_modules/.pnpm/react-native-screens@4.25.2_2ff10e5e35d62e75ef3e80445743cd5d/node_modules/react-native-screens/android/.cxx/RelWithDebInfo/606e585m/armeabi-v7a/CMakeFiles/rnscreens.dir/./
C/C++:   has 229 characters.  The maximum full path to an object file is 250
C/C++:   characters (see CMAKE_OBJECT_PATH_MAX).  Object file
C/C++:     src/main/cpp/jni-adapter.cpp.o
C/C++:   cannot be safely placed under this directory.  The build may not work
C/C++:   correctly.

> Task :react-native-async-storage_async-storage:mergeReleaseResources

> Task :react-native-worklets:buildCMakeRelWithDebInfo[arm64-v8a][worklets]
C/C++: CMake Warning in CMakeLists.txt:
C/C++:   The object file directory
C/C++:     C:/Users/flood/hiconnect/higo-platform/node_modules/.pnpm/react-native-worklets@0.8.3_0c963d7fe504361936d05065f4a6a04d/node_modules/react-native-worklets/android/.cxx/RelWithDebInfo/3o5nu4n2/arm64-v8a/CMakeFiles/worklets.dir/./
C/C++:   has 227 characters.  The maximum full path to an object file is 250
C/C++:   characters (see CMAKE_OBJECT_PATH_MAX).  Object file
C/C++:     C_/Users/flood/hiconnect/higo-platform/node_modules/.pnpm/react-native-worklets@0.8.3_0c963d7fe504361936d05065f4a6a04d/node_modules/react-native-worklets/Common/cpp/worklets/Resources/ShareableGuestUnpacker.cpp.o
C/C++:   cannot be safely placed under this directory.  The build may not work
C/C++:   correctly.
C/C++: CMake Warning in CMakeLists.txt:
C/C++:   The object file directory
C/C++:     C:/Users/flood/hiconnect/higo-platform/node_modules/.pnpm/react-native-worklets@0.8.3_0c963d7fe504361936d05065f4a6a04d/node_modules/react-native-worklets/android/.cxx/RelWithDebInfo/3o5nu4n2/arm64-v8a/CMakeFiles/worklets.dir/./
C/C++:   has 227 characters.  The maximum full path to an object file is 250
C/C++:   characters (see CMAKE_OBJECT_PATH_MAX).  Object file
C/C++:     C_/Users/flood/hiconnect/higo-platform/node_modules/.pnpm/react-native-worklets@0.8.3_0c963d7fe504361936d05065f4a6a04d/node_modules/react-native-worklets/Common/cpp/worklets/AnimationFrameQueue/AnimationFrameBatchinator.cpp.o
C/C++:   cannot be safely placed under this directory.  The build may not work
C/C++:   correctly.
C/C++: CMake Warning in CMakeLists.txt:
C/C++:   The object file directory
C/C++:     C:/Users/flood/hiconnect/higo-platform/node_modules/.pnpm/react-native-worklets@0.8.3_0c963d7fe504361936d05065f4a6a04d/node_modules/react-native-worklets/android/.cxx/RelWithDebInfo/3o5nu4n2/arm64-v8a/CMakeFiles/worklets.dir/./
C/C++:   has 227 characters.  The maximum full path to an object file is 250
C/C++:   characters (see CMAKE_OBJECT_PATH_MAX).  Object file
C/C++:     C_/Users/flood/hiconnect/higo-platform/node_modules/.pnpm/react-native-worklets@0.8.3_0c963d7fe504361936d05065f4a6a04d/node_modules/react-native-worklets/Common/cpp/worklets/Registries/WorkletRuntimeRegistry.cpp.o
C/C++:   cannot be safely placed under this directory.  The build may not work
C/C++:   correctly.
C/C++: CMake Warning in CMakeLists.txt:
C/C++:   The object file directory
C/C++:     C:/Users/flood/hiconnect/higo-platform/node_modules/.pnpm/react-native-worklets@0.8.3_0c963d7fe504361936d05065f4a6a04d/node_modules/react-native-worklets/android/.cxx/RelWithDebInfo/3o5nu4n2/arm64-v8a/CMakeFiles/worklets.dir/./
C/C++:   has 227 characters.  The maximum full path to an object file is 250
C/C++:   characters (see CMAKE_OBJECT_PATH_MAX).  Object file
C/C++:     C_/Users/flood/hiconnect/higo-platform/node_modules/.pnpm/react-native-worklets@0.8.3_0c963d7fe504361936d05065f4a6a04d/node_modules/react-native-worklets/Common/cpp/worklets/Compat/StableApi.cpp.o
C/C++:   cannot be safely placed under this directory.  The build may not work
C/C++:   correctly.

> Task :react-native-firebase_app:mergeReleaseResources

> Task :react-native-worklets:buildCMakeRelWithDebInfo[arm64-v8a][worklets]
C/C++: CMake Warning in CMakeLists.txt:
C/C++:   The object file directory
C/C++:     C:/Users/flood/hiconnect/higo-platform/node_modules/.pnpm/react-native-worklets@0.8.3_0c963d7fe504361936d05065f4a6a04d/node_modules/react-native-worklets/android/.cxx/RelWithDebInfo/3o5nu4n2/arm64-v8a/CMakeFiles/worklets.dir/./
C/C++:   has 227 characters.  The maximum full path to an object file is 250
C/C++:   characters (see CMAKE_OBJECT_PATH_MAX).  Object file
C/C++:     C_/Users/flood/hiconnect/higo-platform/node_modules/.pnpm/react-native-worklets@0.8.3_0c963d7fe504361936d05065f4a6a04d/node_modules/react-native-worklets/Common/cpp/worklets/NativeModules/WorkletsModuleProxy.cpp.o
C/C++:   cannot be safely placed under this directory.  The build may not work
C/C++:   correctly.
C/C++: CMake Warning in CMakeLists.txt:
C/C++:   The object file directory
C/C++:     C:/Users/flood/hiconnect/higo-platform/node_modules/.pnpm/react-native-worklets@0.8.3_0c963d7fe504361936d05065f4a6a04d/node_modules/react-native-worklets/android/.cxx/RelWithDebInfo/3o5nu4n2/arm64-v8a/CMakeFiles/worklets.dir/./
C/C++:   has 227 characters.  The maximum full path to an object file is 250
C/C++:   characters (see CMAKE_OBJECT_PATH_MAX).  Object file
C/C++:     C_/Users/flood/hiconnect/higo-platform/node_modules/.pnpm/react-native-worklets@0.8.3_0c963d7fe504361936d05065f4a6a04d/node_modules/react-native-worklets/Common/cpp/worklets/Resources/ShareableHostUnpacker.cpp.o
C/C++:   cannot be safely placed under this directory.  The build may not work
C/C++:   correctly.
C/C++: CMake Warning in CMakeLists.txt:
C/C++:   The object file directory
C/C++:     C:/Users/flood/hiconnect/higo-platform/node_modules/.pnpm/react-native-worklets@0.8.3_0c963d7fe504361936d05065f4a6a04d/node_modules/react-native-worklets/android/.cxx/RelWithDebInfo/3o5nu4n2/arm64-v8a/CMakeFiles/worklets.dir/./
C/C++:   has 227 characters.  The maximum full path to an object file is 250
C/C++:   characters (see CMAKE_OBJECT_PATH_MAX).  Object file
C/C++:     C_/Users/flood/hiconnect/higo-platform/node_modules/.pnpm/react-native-worklets@0.8.3_0c963d7fe504361936d05065f4a6a04d/node_modules/react-native-worklets/Common/cpp/worklets/Compat/StableApi.cpp.o
C/C++:   cannot be safely placed under this directory.  The build may not work
C/C++:   correctly.
C/C++: CMake Warning in CMakeLists.txt:
C/C++:   The object file directory
C/C++:     C:/Users/flood/hiconnect/higo-platform/node_modules/.pnpm/react-native-worklets@0.8.3_0c963d7fe504361936d05065f4a6a04d/node_modules/react-native-worklets/android/.cxx/RelWithDebInfo/3o5nu4n2/arm64-v8a/CMakeFiles/worklets.dir/./
C/C++:   has 227 characters.  The maximum full path to an object file is 250
C/C++:   characters (see CMAKE_OBJECT_PATH_MAX).  Object file
C/C++:     C_/Users/flood/hiconnect/higo-platform/node_modules/.pnpm/react-native-worklets@0.8.3_0c963d7fe504361936d05065f4a6a04d/node_modules/react-native-worklets/Common/cpp/worklets/NativeModules/JSIWorkletsModuleProxy.cpp.o
C/C++:   cannot be safely placed under this directory.  The build may not work
C/C++:   correctly.
C/C++: CMake Warning in CMakeLists.txt:
C/C++:   The object file directory
C/C++:     C:/Users/flood/hiconnect/higo-platform/node_modules/.pnpm/react-native-worklets@0.8.3_0c963d7fe504361936d05065f4a6a04d/node_modules/react-native-worklets/android/.cxx/RelWithDebInfo/3o5nu4n2/arm64-v8a/CMakeFiles/worklets.dir/./
C/C++:   has 227 characters.  The maximum full path to an object file is 250
C/C++:   characters (see CMAKE_OBJECT_PATH_MAX).  Object file
C/C++:     C_/Users/flood/hiconnect/higo-platform/node_modules/.pnpm/react-native-worklets@0.8.3_0c963d7fe504361936d05065f4a6a04d/node_modules/react-native-worklets/Common/cpp/worklets/Registries/WorkletRuntimeRegistry.cpp.o
C/C++:   cannot be safely placed under this directory.  The build may not work
C/C++:   correctly.
C/C++: CMake Warning in CMakeLists.txt:
C/C++:   The object file directory
C/C++:     C:/Users/flood/hiconnect/higo-platform/node_modules/.pnpm/react-native-worklets@0.8.3_0c963d7fe504361936d05065f4a6a04d/node_modules/react-native-worklets/android/.cxx/RelWithDebInfo/3o5nu4n2/arm64-v8a/CMakeFiles/worklets.dir/./
C/C++:   has 227 characters.  The maximum full path to an object file is 250
C/C++:   characters (see CMAKE_OBJECT_PATH_MAX).  Object file
C/C++:     C_/Users/flood/hiconnect/higo-platform/node_modules/.pnpm/react-native-worklets@0.8.3_0c963d7fe504361936d05065f4a6a04d/node_modules/react-native-worklets/Common/cpp/worklets/Compat/StableApi.cpp.o
C/C++:   cannot be safely placed under this directory.  The build may not work
C/C++:   correctly.
C/C++: CMake Warning in CMakeLists.txt:
C/C++:   The object file directory
C/C++:     C:/Users/flood/hiconnect/higo-platform/node_modules/.pnpm/react-native-worklets@0.8.3_0c963d7fe504361936d05065f4a6a04d/node_modules/react-native-worklets/android/.cxx/RelWithDebInfo/3o5nu4n2/arm64-v8a/CMakeFiles/worklets.dir/./
C/C++:   has 227 characters.  The maximum full path to an object file is 250
C/C++:   characters (see CMAKE_OBJECT_PATH_MAX).  Object file
C/C++:     C_/Users/flood/hiconnect/higo-platform/node_modules/.pnpm/react-native-worklets@0.8.3_0c963d7fe504361936d05065f4a6a04d/node_modules/react-native-worklets/Common/cpp/worklets/Registries/EventHandlerRegistry.cpp.o
C/C++:   cannot be safely placed under this directory.  The build may not work
C/C++:   correctly.
C/C++: CMake Warning in CMakeLists.txt:
C/C++:   The object file directory
C/C++:     C:/Users/flood/hiconnect/higo-platform/node_modules/.pnpm/react-native-worklets@0.8.3_0c963d7fe504361936d05065f4a6a04d/node_modules/react-native-worklets/android/.cxx/RelWithDebInfo/3o5nu4n2/arm64-v8a/CMakeFiles/worklets.dir/./
C/C++:   has 227 characters.  The maximum full path to an object file is 250
C/C++:   characters (see CMAKE_OBJECT_PATH_MAX).  Object file
C/C++:     C_/Users/flood/hiconnect/higo-platform/node_modules/.pnpm/react-native-worklets@0.8.3_0c963d7fe504361936d05065f4a6a04d/node_modules/react-native-worklets/Common/cpp/worklets/NativeModules/JSIWorkletsModuleProxy.cpp.o
C/C++:   cannot be safely placed under this directory.  The build may not work
C/C++:   correctly.
C/C++: CMake Warning in CMakeLists.txt:
C/C++:   The object file directory
C/C++:     C:/Users/flood/hiconnect/higo-platform/node_modules/.pnpm/react-native-worklets@0.8.3_0c963d7fe504361936d05065f4a6a04d/node_modules/react-native-worklets/android/.cxx/RelWithDebInfo/3o5nu4n2/arm64-v8a/CMakeFiles/worklets.dir/./
C/C++:   has 227 characters.  The maximum full path to an object file is 250
C/C++:   characters (see CMAKE_OBJECT_PATH_MAX).  Object file
C/C++:     C_/Users/flood/hiconnect/higo-platform/node_modules/.pnpm/react-native-worklets@0.8.3_0c963d7fe504361936d05065f4a6a04d/node_modules/react-native-worklets/Common/cpp/worklets/Resources/ShareableHostUnpacker.cpp.o
C/C++:   cannot be safely placed under this directory.  The build may not work
C/C++:   correctly.
C/C++: CMake Warning in CMakeLists.txt:
C/C++:   The object file directory
C/C++:     C:/Users/flood/hiconnect/higo-platform/node_modules/.pnpm/react-native-worklets@0.8.3_0c963d7fe504361936d05065f4a6a04d/node_modules/react-native-worklets/android/.cxx/RelWithDebInfo/3o5nu4n2/arm64-v8a/CMakeFiles/worklets.dir/./
C/C++:   has 227 characters.  The maximum full path to an object file is 250
C/C++:   characters (see CMAKE_OBJECT_PATH_MAX).  Object file
C/C++:     C_/Users/flood/hiconnect/higo-platform/node_modules/.pnpm/react-native-worklets@0.8.3_0c963d7fe504361936d05065f4a6a04d/node_modules/react-native-worklets/Common/cpp/worklets/AnimationFrameQueue/AnimationFrameBatchinator.cpp.o
C/C++:   cannot be safely placed under this directory.  The build may not work
C/C++:   correctly.
C/C++: CMake Warning in CMakeLists.txt:
C/C++:   The object file directory
C/C++:     C:/Users/flood/hiconnect/higo-platform/node_modules/.pnpm/react-native-worklets@0.8.3_0c963d7fe504361936d05065f4a6a04d/node_modules/react-native-worklets/android/.cxx/RelWithDebInfo/3o5nu4n2/arm64-v8a/CMakeFiles/worklets.dir/./
C/C++:   has 227 characters.  The maximum full path to an object file is 250
C/C++:   characters (see CMAKE_OBJECT_PATH_MAX).  Object file
C/C++:     C_/Users/flood/hiconnect/higo-platform/node_modules/.pnpm/react-native-worklets@0.8.3_0c963d7fe504361936d05065f4a6a04d/node_modules/react-native-worklets/Common/cpp/worklets/Compat/StableApi.cpp.o
C/C++:   cannot be safely placed under this directory.  The build may not work
C/C++:   correctly.
C/C++: CMake Warning in CMakeLists.txt:
C/C++:   The object file directory
C/C++:     C:/Users/flood/hiconnect/higo-platform/node_modules/.pnpm/react-native-worklets@0.8.3_0c963d7fe504361936d05065f4a6a04d/node_modules/react-native-worklets/android/.cxx/RelWithDebInfo/3o5nu4n2/arm64-v8a/CMakeFiles/worklets.dir/./
C/C++:   has 227 characters.  The maximum full path to an object file is 250
C/C++:   characters (see CMAKE_OBJECT_PATH_MAX).  Object file
C/C++:     C_/Users/flood/hiconnect/higo-platform/node_modules/.pnpm/react-native-worklets@0.8.3_0c963d7fe504361936d05065f4a6a04d/node_modules/react-native-worklets/Common/cpp/worklets/NativeModules/JSIWorkletsModuleProxy.cpp.o
C/C++:   cannot be safely placed under this directory.  The build may not work
C/C++:   correctly.
C/C++: CMake Warning in CMakeLists.txt:
C/C++:   The object file directory
C/C++:     C:/Users/flood/hiconnect/higo-platform/node_modules/.pnpm/react-native-worklets@0.8.3_0c963d7fe504361936d05065f4a6a04d/node_modules/react-native-worklets/android/.cxx/RelWithDebInfo/3o5nu4n2/arm64-v8a/CMakeFiles/worklets.dir/./
C/C++:   has 227 characters.  The maximum full path to an object file is 250
C/C++:   characters (see CMAKE_OBJECT_PATH_MAX).  Object file
C/C++:     C_/Users/flood/hiconnect/higo-platform/node_modules/.pnpm/react-native-worklets@0.8.3_0c963d7fe504361936d05065f4a6a04d/node_modules/react-native-worklets/Common/cpp/worklets/Resources/CustomSerializableUnpacker.cpp.o
C/C++:   cannot be safely placed under this directory.  The build may not work
C/C++:   correctly.
C/C++: CMake Warning in CMakeLists.txt:
C/C++:   The object file directory
C/C++:     C:/Users/flood/hiconnect/higo-platform/node_modules/.pnpm/react-native-worklets@0.8.3_0c963d7fe504361936d05065f4a6a04d/node_modules/react-native-worklets/android/.cxx/RelWithDebInfo/3o5nu4n2/arm64-v8a/CMakeFiles/worklets.dir/./
C/C++:   has 227 characters.  The maximum full path to an object file is 250
C/C++:   characters (see CMAKE_OBJECT_PATH_MAX).  Object file
C/C++:     C_/Users/flood/hiconnect/higo-platform/node_modules/.pnpm/react-native-worklets@0.8.3_0c963d7fe504361936d05065f4a6a04d/node_modules/react-native-worklets/Common/cpp/worklets/Registries/WorkletRuntimeRegistry.cpp.o
C/C++:   cannot be safely placed under this directory.  The build may not work
C/C++:   correctly.
C/C++: CMake Warning in CMakeLists.txt:
C/C++:   The object file directory
C/C++:     C:/Users/flood/hiconnect/higo-platform/node_modules/.pnpm/react-native-worklets@0.8.3_0c963d7fe504361936d05065f4a6a04d/node_modules/react-native-worklets/android/.cxx/RelWithDebInfo/3o5nu4n2/arm64-v8a/CMakeFiles/worklets.dir/./
C/C++:   has 227 characters.  The maximum full path to an object file is 250
C/C++:   characters (see CMAKE_OBJECT_PATH_MAX).  Object file
C/C++:     C_/Users/flood/hiconnect/higo-platform/node_modules/.pnpm/react-native-worklets@0.8.3_0c963d7fe504361936d05065f4a6a04d/node_modules/react-native-worklets/Common/cpp/worklets/NativeModules/JSIWorkletsModuleProxy.cpp.o
C/C++:   cannot be safely placed under this directory.  The build may not work
C/C++:   correctly.
C/C++: CMake Warning in CMakeLists.txt:
C/C++:   The object file directory
C/C++:     C:/Users/flood/hiconnect/higo-platform/node_modules/.pnpm/react-native-worklets@0.8.3_0c963d7fe504361936d05065f4a6a04d/node_modules/react-native-worklets/android/.cxx/RelWithDebInfo/3o5nu4n2/arm64-v8a/CMakeFiles/worklets.dir/./
C/C++:   has 227 characters.  The maximum full path to an object file is 250
C/C++:   characters (see CMAKE_OBJECT_PATH_MAX).  Object file
C/C++:     C_/Users/flood/hiconnect/higo-platform/node_modules/.pnpm/react-native-worklets@0.8.3_0c963d7fe504361936d05065f4a6a04d/node_modules/react-native-worklets/Common/cpp/worklets/Compat/StableApi.cpp.o
C/C++:   cannot be safely placed under this directory.  The build may not work
C/C++:   correctly.
C/C++: CMake Warning in CMakeLists.txt:
C/C++:   The object file directory
C/C++:     C:/Users/flood/hiconnect/higo-platform/node_modules/.pnpm/react-native-worklets@0.8.3_0c963d7fe504361936d05065f4a6a04d/node_modules/react-native-worklets/android/.cxx/RelWithDebInfo/3o5nu4n2/arm64-v8a/CMakeFiles/worklets.dir/./
C/C++:   has 227 characters.  The maximum full path to an object file is 250
C/C++:   characters (see CMAKE_OBJECT_PATH_MAX).  Object file
C/C++:     C_/Users/flood/hiconnect/higo-platform/node_modules/.pnpm/react-native-worklets@0.8.3_0c963d7fe504361936d05065f4a6a04d/node_modules/react-native-worklets/Common/cpp/worklets/AnimationFrameQueue/AnimationFrameBatchinator.cpp.o
C/C++:   cannot be safely placed under this directory.  The build may not work
C/C++:   correctly.

> Task :react-native-screens:buildCMakeRelWithDebInfo[armeabi-v7a]
C/C++: CMake Warning in CMakeLists.txt:
C/C++:   The object file directory
C/C++:     C:/Users/flood/hiconnect/higo-platform/node_modules/.pnpm/react-native-screens@4.25.2_2ff10e5e35d62e75ef3e80445743cd5d/node_modules/react-native-screens/android/.cxx/RelWithDebInfo/606e585m/armeabi-v7a/CMakeFiles/rnscreens.dir/./
C/C++:   has 229 characters.  The maximum full path to an object file is 250
C/C++:   characters (see CMAKE_OBJECT_PATH_MAX).  Object file
C/C++:     src/main/cpp/jni-adapter.cpp.o
C/C++:   cannot be safely placed under this directory.  The build may not work
C/C++:   correctly.
C/C++: CMake Warning in CMakeLists.txt:
C/C++:   The object file directory
C/C++:     C:/Users/flood/hiconnect/higo-platform/node_modules/.pnpm/react-native-screens@4.25.2_2ff10e5e35d62e75ef3e80445743cd5d/node_modules/react-native-screens/android/.cxx/RelWithDebInfo/606e585m/armeabi-v7a/CMakeFiles/rnscreens.dir/./
C/C++:   has 229 characters.  The maximum full path to an object file is 250
C/C++:   characters (see CMAKE_OBJECT_PATH_MAX).  Object file
C/C++:     src/main/cpp/NativeProxy.cpp.o
C/C++:   cannot be safely placed under this directory.  The build may not work
C/C++:   correctly.
C/C++: CMake Warning in CMakeLists.txt:
C/C++:   The object file directory
C/C++:     C:/Users/flood/hiconnect/higo-platform/node_modules/.pnpm/react-native-screens@4.25.2_2ff10e5e35d62e75ef3e80445743cd5d/node_modules/react-native-screens/android/.cxx/RelWithDebInfo/606e585m/armeabi-v7a/CMakeFiles/rnscreens.dir/./
C/C++:   has 229 characters.  The maximum full path to an object file is 250
C/C++:   characters (see CMAKE_OBJECT_PATH_MAX).  Object file
C/C++:     src/main/cpp/jni-adapter.cpp.o
C/C++:   cannot be safely placed under this directory.  The build may not work
C/C++:   correctly.
C/C++: CMake Warning in CMakeLists.txt:
C/C++:   The object file directory
C/C++:     C:/Users/flood/hiconnect/higo-platform/node_modules/.pnpm/react-native-screens@4.25.2_2ff10e5e35d62e75ef3e80445743cd5d/node_modules/react-native-screens/android/.cxx/RelWithDebInfo/606e585m/armeabi-v7a/CMakeFiles/rnscreens.dir/./
C/C++:   has 229 characters.  The maximum full path to an object file is 250
C/C++:   characters (see CMAKE_OBJECT_PATH_MAX).  Object file
C/C++:     src/main/cpp/jni-adapter.cpp.o
C/C++:   cannot be safely placed under this directory.  The build may not work
C/C++:   correctly.
C/C++: CMake Warning in CMakeLists.txt:
C/C++:   The object file directory
C/C++:     C:/Users/flood/hiconnect/higo-platform/node_modules/.pnpm/react-native-screens@4.25.2_2ff10e5e35d62e75ef3e80445743cd5d/node_modules/react-native-screens/android/.cxx/RelWithDebInfo/606e585m/armeabi-v7a/CMakeFiles/rnscreens.dir/./
C/C++:   has 229 characters.  The maximum full path to an object file is 250
C/C++:   characters (see CMAKE_OBJECT_PATH_MAX).  Object file
C/C++:     src/main/cpp/OnLoad.cpp.o
C/C++:   cannot be safely placed under this directory.  The build may not work
C/C++:   correctly.
C/C++: CMake Warning in CMakeLists.txt:
C/C++:   The object file directory
C/C++:     C:/Users/flood/hiconnect/higo-platform/node_modules/.pnpm/react-native-screens@4.25.2_2ff10e5e35d62e75ef3e80445743cd5d/node_modules/react-native-screens/android/.cxx/RelWithDebInfo/606e585m/armeabi-v7a/CMakeFiles/rnscreens.dir/./
C/C++:   has 229 characters.  The maximum full path to an object file is 250
C/C++:   characters (see CMAKE_OBJECT_PATH_MAX).  Object file
C/C++:     src/main/cpp/NativeProxy.cpp.o
C/C++:   cannot be safely placed under this directory.  The build may not work
C/C++:   correctly.
C/C++: CMake Warning in CMakeLists.txt:
C/C++:   The object file directory
C/C++:     C:/Users/flood/hiconnect/higo-platform/node_modules/.pnpm/react-native-screens@4.25.2_2ff10e5e35d62e75ef3e80445743cd5d/node_modules/react-native-screens/android/.cxx/RelWithDebInfo/606e585m/armeabi-v7a/CMakeFiles/rnscreens.dir/./
C/C++:   has 229 characters.  The maximum full path to an object file is 250
C/C++:   characters (see CMAKE_OBJECT_PATH_MAX).  Object file
C/C++:     src/main/cpp/NativeProxy.cpp.o
C/C++:   cannot be safely placed under this directory.  The build may not work
C/C++:   correctly.
C/C++: CMake Warning in CMakeLists.txt:
C/C++:   The object file directory
C/C++:     C:/Users/flood/hiconnect/higo-platform/node_modules/.pnpm/react-native-screens@4.25.2_2ff10e5e35d62e75ef3e80445743cd5d/node_modules/react-native-screens/android/.cxx/RelWithDebInfo/606e585m/armeabi-v7a/CMakeFiles/rnscreens.dir/./
C/C++:   has 229 characters.  The maximum full path to an object file is 250
C/C++:   characters (see CMAKE_OBJECT_PATH_MAX).  Object file
C/C++:     src/main/cpp/OnLoad.cpp.o
C/C++:   cannot be safely placed under this directory.  The build may not work
C/C++:   correctly.
C/C++: CMake Warning in CMakeLists.txt:
C/C++:   The object file directory
C/C++:     C:/Users/flood/hiconnect/higo-platform/node_modules/.pnpm/react-native-screens@4.25.2_2ff10e5e35d62e75ef3e80445743cd5d/node_modules/react-native-screens/android/.cxx/RelWithDebInfo/606e585m/armeabi-v7a/CMakeFiles/rnscreens.dir/./
C/C++:   has 229 characters.  The maximum full path to an object file is 250
C/C++:   characters (see CMAKE_OBJECT_PATH_MAX).  Object file
C/C++:     C_/Users/flood/hiconnect/higo-platform/node_modules/.pnpm/react-native-screens@4.25.2_2ff10e5e35d62e75ef3e80445743cd5d/node_modules/react-native-screens/cpp/RNSScreenRemovalListener.cpp.o
C/C++:   cannot be safely placed under this directory.  The build may not work
C/C++:   correctly.
C/C++: CMake Warning in CMakeLists.txt:
C/C++:   The object file directory
C/C++:     C:/Users/flood/hiconnect/higo-platform/node_modules/.pnpm/react-native-screens@4.25.2_2ff10e5e35d62e75ef3e80445743cd5d/node_modules/react-native-screens/android/.cxx/RelWithDebInfo/606e585m/armeabi-v7a/CMakeFiles/rnscreens.dir/./
C/C++:   has 229 characters.  The maximum full path to an object file is 250
C/C++:   characters (see CMAKE_OBJECT_PATH_MAX).  Object file
C/C++:     src/main/cpp/NativeProxy.cpp.o
C/C++:   cannot be safely placed under this directory.  The build may not work
C/C++:   correctly.
C/C++: CMake Warning in CMakeLists.txt:
C/C++:   The object file directory
C/C++:     C:/Users/flood/hiconnect/higo-platform/node_modules/.pnpm/react-native-screens@4.25.2_2ff10e5e35d62e75ef3e80445743cd5d/node_modules/react-native-screens/android/.cxx/RelWithDebInfo/606e585m/armeabi-v7a/CMakeFiles/rnscreens.dir/./
C/C++:   has 229 characters.  The maximum full path to an object file is 250
C/C++:   characters (see CMAKE_OBJECT_PATH_MAX).  Object file
C/C++:     src/main/cpp/NativeProxy.cpp.o
C/C++:   cannot be safely placed under this directory.  The build may not work
C/C++:   correctly.
C/C++: CMake Warning in CMakeLists.txt:
C/C++:   The object file directory
C/C++:     C:/Users/flood/hiconnect/higo-platform/node_modules/.pnpm/react-native-screens@4.25.2_2ff10e5e35d62e75ef3e80445743cd5d/node_modules/react-native-screens/android/.cxx/RelWithDebInfo/606e585m/armeabi-v7a/CMakeFiles/rnscreens.dir/./
C/C++:   has 229 characters.  The maximum full path to an object file is 250
C/C++:   characters (see CMAKE_OBJECT_PATH_MAX).  Object file
C/C++:     src/main/cpp/jni-adapter.cpp.o
C/C++:   cannot be safely placed under this directory.  The build may not work
C/C++:   correctly.
C/C++: CMake Warning in CMakeLists.txt:
C/C++:   The object file directory
C/C++:     C:/Users/flood/hiconnect/higo-platform/node_modules/.pnpm/react-native-screens@4.25.2_2ff10e5e35d62e75ef3e80445743cd5d/node_modules/react-native-screens/android/.cxx/RelWithDebInfo/606e585m/armeabi-v7a/CMakeFiles/rnscreens.dir/./
C/C++:   has 229 characters.  The maximum full path to an object file is 250
C/C++:   characters (see CMAKE_OBJECT_PATH_MAX).  Object file
C/C++:     C_/Users/flood/hiconnect/higo-platform/node_modules/.pnpm/react-native-screens@4.25.2_2ff10e5e35d62e75ef3e80445743cd5d/node_modules/react-native-screens/cpp/RNScreensTurboModule.cpp.o
C/C++:   cannot be safely placed under this directory.  The build may not work
C/C++:   correctly.
C/C++: CMake Warning in CMakeLists.txt:
C/C++:   The object file directory
C/C++:     C:/Users/flood/hiconnect/higo-platform/node_modules/.pnpm/react-native-screens@4.25.2_2ff10e5e35d62e75ef3e80445743cd5d/node_modules/react-native-screens/android/.cxx/RelWithDebInfo/606e585m/armeabi-v7a/CMakeFiles/rnscreens.dir/./
C/C++:   has 229 characters.  The maximum full path to an object file is 250
C/C++:   characters (see CMAKE_OBJECT_PATH_MAX).  Object file
C/C++:     src/main/cpp/jni-adapter.cpp.o
C/C++:   cannot be safely placed under this directory.  The build may not work
C/C++:   correctly.
C/C++: CMake Warning in CMakeLists.txt:
C/C++:   The object file directory
C/C++:     C:/Users/flood/hiconnect/higo-platform/node_modules/.pnpm/react-native-screens@4.25.2_2ff10e5e35d62e75ef3e80445743cd5d/node_modules/react-native-screens/android/.cxx/RelWithDebInfo/606e585m/armeabi-v7a/CMakeFiles/rnscreens.dir/./
C/C++:   has 229 characters.  The maximum full path to an object file is 250
C/C++:   characters (see CMAKE_OBJECT_PATH_MAX).  Object file
C/C++:     C_/Users/flood/hiconnect/higo-platform/node_modules/.pnpm/react-native-screens@4.25.2_2ff10e5e35d62e75ef3e80445743cd5d/node_modules/react-native-screens/cpp/RNSScreenRemovalListener.cpp.o
C/C++:   cannot be safely placed under this directory.  The build may not work
C/C++:   correctly.
C/C++: CMake Warning in CMakeLists.txt:
C/C++:   The object file directory
C/C++:     C:/Users/flood/hiconnect/higo-platform/node_modules/.pnpm/react-native-screens@4.25.2_2ff10e5e35d62e75ef3e80445743cd5d/node_modules/react-native-screens/android/.cxx/RelWithDebInfo/606e585m/armeabi-v7a/CMakeFiles/rnscreens.dir/./
C/C++:   has 229 characters.  The maximum full path to an object file is 250
C/C++:   characters (see CMAKE_OBJECT_PATH_MAX).  Object file
C/C++:     C_/Users/flood/hiconnect/higo-platform/node_modules/.pnpm/react-native-screens@4.25.2_2ff10e5e35d62e75ef3e80445743cd5d/node_modules/react-native-screens/cpp/RNScreensTurboModule.cpp.o
C/C++:   cannot be safely placed under this directory.  The build may not work
C/C++:   correctly.
C/C++: CMake Warning in CMakeLists.txt:
C/C++:   The object file directory
C/C++:     C:/Users/flood/hiconnect/higo-platform/node_modules/.pnpm/react-native-screens@4.25.2_2ff10e5e35d62e75ef3e80445743cd5d/node_modules/react-native-screens/android/.cxx/RelWithDebInfo/606e585m/armeabi-v7a/CMakeFiles/rnscreens.dir/./
C/C++:   has 229 characters.  The maximum full path to an object file is 250
C/C++:   characters (see CMAKE_OBJECT_PATH_MAX).  Object file
C/C++:     src/main/cpp/NativeProxy.cpp.o
C/C++:   cannot be safely placed under this directory.  The build may not work
C/C++:   correctly.
C/C++: CMake Warning in CMakeLists.txt:
C/C++:   The object file directory
C/C++:     C:/Users/flood/hiconnect/higo-platform/node_modules/.pnpm/react-native-screens@4.25.2_2ff10e5e35d62e75ef3e80445743cd5d/node_modules/react-native-screens/android/.cxx/RelWithDebInfo/606e585m/armeabi-v7a/CMakeFiles/rnscreens.dir/./
C/C++:   has 229 characters.  The maximum full path to an object file is 250
C/C++:   characters (see CMAKE_OBJECT_PATH_MAX).  Object file
C/C++:     src/main/cpp/jni-adapter.cpp.o
C/C++:   cannot be safely placed under this directory.  The build may not work
C/C++:   correctly.
C/C++: CMake Warning in CMakeLists.txt:
C/C++:   The object file directory
C/C++:     C:/Users/flood/hiconnect/higo-platform/node_modules/.pnpm/react-native-screens@4.25.2_2ff10e5e35d62e75ef3e80445743cd5d/node_modules/react-native-screens/android/.cxx/RelWithDebInfo/606e585m/armeabi-v7a/CMakeFiles/rnscreens.dir/./
C/C++:   has 229 characters.  The maximum full path to an object file is 250
C/C++:   characters (see CMAKE_OBJECT_PATH_MAX).  Object file
C/C++:     C_/Users/flood/hiconnect/higo-platform/node_modules/.pnpm/react-native-screens@4.25.2_2ff10e5e35d62e75ef3e80445743cd5d/node_modules/react-native-screens/cpp/RNScreensTurboModule.cpp.o
C/C++:   cannot be safely placed under this directory.  The build may not work
C/C++:   correctly.
C/C++: CMake Warning in CMakeLists.txt:
C/C++:   The object file directory
C/C++:     C:/Users/flood/hiconnect/higo-platform/node_modules/.pnpm/react-native-screens@4.25.2_2ff10e5e35d62e75ef3e80445743cd5d/node_modules/react-native-screens/android/.cxx/RelWithDebInfo/606e585m/armeabi-v7a/CMakeFiles/rnscreens.dir/./
C/C++:   has 229 characters.  The maximum full path to an object file is 250
C/C++:   characters (see CMAKE_OBJECT_PATH_MAX).  Object file
C/C++:     C_/Users/flood/hiconnect/higo-platform/node_modules/.pnpm/react-native-screens@4.25.2_2ff10e5e35d62e75ef3e80445743cd5d/node_modules/react-native-screens/cpp/RNSScreenRemovalListener.cpp.o
C/C++:   cannot be safely placed under this directory.  The build may not work
C/C++:   correctly.
C/C++: CMake Warning in CMakeLists.txt:
C/C++:   The object file directory
C/C++:     C:/Users/flood/hiconnect/higo-platform/node_modules/.pnpm/react-native-screens@4.25.2_2ff10e5e35d62e75ef3e80445743cd5d/node_modules/react-native-screens/android/.cxx/RelWithDebInfo/606e585m/armeabi-v7a/CMakeFiles/rnscreens.dir/./
C/C++:   has 229 characters.  The maximum full path to an object file is 250
C/C++:   characters (see CMAKE_OBJECT_PATH_MAX).  Object file
C/C++:     src/main/cpp/jni-adapter.cpp.o
C/C++:   cannot be safely placed under this directory.  The build may not work
C/C++:   correctly.
C/C++: CMake Warning in CMakeLists.txt:
C/C++:   The object file directory
C/C++:     C:/Users/flood/hiconnect/higo-platform/node_modules/.pnpm/react-native-screens@4.25.2_2ff10e5e35d62e75ef3e80445743cd5d/node_modules/react-native-screens/android/.cxx/RelWithDebInfo/606e585m/armeabi-v7a/CMakeFiles/rnscreens.dir/./
C/C++:   has 229 characters.  The maximum full path to an object file is 250
C/C++:   characters (see CMAKE_OBJECT_PATH_MAX).  Object file
C/C++:     C_/Users/flood/hiconnect/higo-platform/node_modules/.pnpm/react-native-screens@4.25.2_2ff10e5e35d62e75ef3e80445743cd5d/node_modules/react-native-screens/cpp/RNSScreenRemovalListener.cpp.o
C/C++:   cannot be safely placed under this directory.  The build may not work
C/C++:   correctly.
C/C++: CMake Warning in CMakeLists.txt:
C/C++:   The object file directory
C/C++:     C:/Users/flood/hiconnect/higo-platform/node_modules/.pnpm/react-native-screens@4.25.2_2ff10e5e35d62e75ef3e80445743cd5d/node_modules/react-native-screens/android/.cxx/RelWithDebInfo/606e585m/armeabi-v7a/CMakeFiles/rnscreens.dir/./
C/C++:   has 229 characters.  The maximum full path to an object file is 250
C/C++:   characters (see CMAKE_OBJECT_PATH_MAX).  Object file
C/C++:     src/main/cpp/jni-adapter.cpp.o
C/C++:   cannot be safely placed under this directory.  The build may not work
C/C++:   correctly.
C/C++: CMake Warning in CMakeLists.txt:
C/C++:   The object file directory
C/C++:     C:/Users/flood/hiconnect/higo-platform/node_modules/.pnpm/react-native-screens@4.25.2_2ff10e5e35d62e75ef3e80445743cd5d/node_modules/react-native-screens/android/.cxx/RelWithDebInfo/606e585m/armeabi-v7a/CMakeFiles/rnscreens.dir/./
C/C++:   has 229 characters.  The maximum full path to an object file is 250
C/C++:   characters (see CMAKE_OBJECT_PATH_MAX).  Object file
C/C++:     src/main/cpp/jni-adapter.cpp.o
C/C++:   cannot be safely placed under this directory.  The build may not work
C/C++:   correctly.
C/C++: CMake Warning in CMakeLists.txt:
C/C++:   The object file directory
C/C++:     C:/Users/flood/hiconnect/higo-platform/node_modules/.pnpm/react-native-screens@4.25.2_2ff10e5e35d62e75ef3e80445743cd5d/node_modules/react-native-screens/android/.cxx/RelWithDebInfo/606e585m/armeabi-v7a/CMakeFiles/rnscreens.dir/./
C/C++:   has 229 characters.  The maximum full path to an object file is 250
C/C++:   characters (see CMAKE_OBJECT_PATH_MAX).  Object file
C/C++:     C_/Users/flood/hiconnect/higo-platform/node_modules/.pnpm/react-native-screens@4.25.2_2ff10e5e35d62e75ef3e80445743cd5d/node_modules/react-native-screens/cpp/RNScreensTurboModule.cpp.o
C/C++:   cannot be safely placed under this directory.  The build may not work
C/C++:   correctly.
C/C++: CMake Warning in CMakeLists.txt:
C/C++:   The object file directory
C/C++:     C:/Users/flood/hiconnect/higo-platform/node_modules/.pnpm/react-native-screens@4.25.2_2ff10e5e35d62e75ef3e80445743cd5d/node_modules/react-native-screens/android/.cxx/RelWithDebInfo/606e585m/armeabi-v7a/CMakeFiles/rnscreens.dir/./
C/C++:   has 229 characters.  The maximum full path to an object file is 250
C/C++:   characters (see CMAKE_OBJECT_PATH_MAX).  Object file
C/C++:     C_/Users/flood/hiconnect/higo-platform/node_modules/.pnpm/react-native-screens@4.25.2_2ff10e5e35d62e75ef3e80445743cd5d/node_modules/react-native-screens/cpp/RNScreensTurboModule.cpp.o
C/C++:   cannot be safely placed under this directory.  The build may not work
C/C++:   correctly.
C/C++: CMake Warning in CMakeLists.txt:
C/C++:   The object file directory
C/C++:     C:/Users/flood/hiconnect/higo-platform/node_modules/.pnpm/react-native-screens@4.25.2_2ff10e5e35d62e75ef3e80445743cd5d/node_modules/react-native-screens/android/.cxx/RelWithDebInfo/606e585m/armeabi-v7a/CMakeFiles/rnscreens.dir/./
C/C++:   has 229 characters.  The maximum full path to an object file is 250
C/C++:   characters (see CMAKE_OBJECT_PATH_MAX).  Object file
C/C++:     src/main/cpp/NativeProxy.cpp.o
C/C++:   cannot be safely placed under this directory.  The build may not work
C/C++:   correctly.
C/C++: CMake Warning in CMakeLists.txt:
C/C++:   The object file directory
C/C++:     C:/Users/flood/hiconnect/higo-platform/node_modules/.pnpm/react-native-screens@4.25.2_2ff10e5e35d62e75ef3e80445743cd5d/node_modules/react-native-screens/android/.cxx/RelWithDebInfo/606e585m/armeabi-v7a/CMakeFiles/rnscreens.dir/./
C/C++:   has 229 characters.  The maximum full path to an object file is 250
C/C++:   characters (see CMAKE_OBJECT_PATH_MAX).  Object file
C/C++:     C_/Users/flood/hiconnect/higo-platform/node_modules/.pnpm/react-native-screens@4.25.2_2ff10e5e35d62e75ef3e80445743cd5d/node_modules/react-native-screens/cpp/RNSScreenRemovalListener.cpp.o
C/C++:   cannot be safely placed under this directory.  The build may not work
C/C++:   correctly.
C/C++: CMake Warning in CMakeLists.txt:
C/C++:   The object file directory
C/C++:     C:/Users/flood/hiconnect/higo-platform/node_modules/.pnpm/react-native-screens@4.25.2_2ff10e5e35d62e75ef3e80445743cd5d/node_modules/react-native-screens/android/.cxx/RelWithDebInfo/606e585m/armeabi-v7a/CMakeFiles/rnscreens.dir/./
C/C++:   has 229 characters.  The maximum full path to an object file is 250
C/C++:   characters (see CMAKE_OBJECT_PATH_MAX).  Object file
C/C++:     C_/Users/flood/hiconnect/higo-platform/node_modules/.pnpm/react-native-screens@4.25.2_2ff10e5e35d62e75ef3e80445743cd5d/node_modules/react-native-screens/cpp/RNScreensTurboModule.cpp.o
C/C++:   cannot be safely placed under this directory.  The build may not work
C/C++:   correctly.
C/C++: CMake Warning in CMakeLists.txt:
C/C++:   The object file directory
C/C++:     C:/Users/flood/hiconnect/higo-platform/node_modules/.pnpm/react-native-screens@4.25.2_2ff10e5e35d62e75ef3e80445743cd5d/node_modules/react-native-screens/android/.cxx/RelWithDebInfo/606e585m/armeabi-v7a/CMakeFiles/rnscreens.dir/./
C/C++:   has 229 characters.  The maximum full path to an object file is 250
C/C++:   characters (see CMAKE_OBJECT_PATH_MAX).  Object file
C/C++:     C_/Users/flood/hiconnect/higo-platform/node_modules/.pnpm/react-native-screens@4.25.2_2ff10e5e35d62e75ef3e80445743cd5d/node_modules/react-native-screens/cpp/RNScreensTurboModule.cpp.o
C/C++:   cannot be safely placed under this directory.  The build may not work
C/C++:   correctly.
C/C++: CMake Warning in CMakeLists.txt:
C/C++:   The object file directory
C/C++:     C:/Users/flood/hiconnect/higo-platform/node_modules/.pnpm/react-native-screens@4.25.2_2ff10e5e35d62e75ef3e80445743cd5d/node_modules/react-native-screens/android/.cxx/RelWithDebInfo/606e585m/armeabi-v7a/CMakeFiles/rnscreens.dir/./
C/C++:   has 229 characters.  The maximum full path to an object file is 250
C/C++:   characters (see CMAKE_OBJECT_PATH_MAX).  Object file
C/C++:     C_/Users/flood/hiconnect/higo-platform/node_modules/.pnpm/react-native-screens@4.25.2_2ff10e5e35d62e75ef3e80445743cd5d/node_modules/react-native-screens/cpp/RNSScreenRemovalListener.cpp.o
C/C++:   cannot be safely placed under this directory.  The build may not work
C/C++:   correctly.
C/C++: CMake Warning in CMakeLists.txt:
C/C++:   The object file directory
C/C++:     C:/Users/flood/hiconnect/higo-platform/node_modules/.pnpm/react-native-screens@4.25.2_2ff10e5e35d62e75ef3e80445743cd5d/node_modules/react-native-screens/android/.cxx/RelWithDebInfo/606e585m/armeabi-v7a/CMakeFiles/rnscreens.dir/./
C/C++:   has 229 characters.  The maximum full path to an object file is 250
C/C++:   characters (see CMAKE_OBJECT_PATH_MAX).  Object file
C/C++:     src/main/cpp/NativeProxy.cpp.o
C/C++:   cannot be safely placed under this directory.  The build may not work
C/C++:   correctly.
C/C++: CMake Warning in CMakeLists.txt:
C/C++:   The object file directory
C/C++:     C:/Users/flood/hiconnect/higo-platform/node_modules/.pnpm/react-native-screens@4.25.2_2ff10e5e35d62e75ef3e80445743cd5d/node_modules/react-native-screens/android/.cxx/RelWithDebInfo/606e585m/armeabi-v7a/CMakeFiles/rnscreens.dir/./
C/C++:   has 229 characters.  The maximum full path to an object file is 250
C/C++:   characters (see CMAKE_OBJECT_PATH_MAX).  Object file
C/C++:     src/main/cpp/jni-adapter.cpp.o
C/C++:   cannot be safely placed under this directory.  The build may not work
C/C++:   correctly.

> Task :react-native-async-storage_async-storage:verifyReleaseResources
> Task :react-native-firebase_app:verifyReleaseResources

> Task :react-native-worklets:buildCMakeRelWithDebInfo[arm64-v8a][worklets] FAILED
C/C++: CMake Warning in CMakeLists.txt:
C/C++:   The object file directory
C/C++:     C:/Users/flood/hiconnect/higo-platform/node_modules/.pnpm/react-native-worklets@0.8.3_0c963d7fe504361936d05065f4a6a04d/node_modules/react-native-worklets/android/.cxx/RelWithDebInfo/3o5nu4n2/arm64-v8a/CMakeFiles/worklets.dir/./
C/C++:   has 227 characters.  The maximum full path to an object file is 250
C/C++:   characters (see CMAKE_OBJECT_PATH_MAX).  Object file
C/C++:     C_/Users/flood/hiconnect/higo-platform/node_modules/.pnpm/react-native-worklets@0.8.3_0c963d7fe504361936d05065f4a6a04d/node_modules/react-native-worklets/Common/cpp/worklets/Registries/WorkletRuntimeRegistry.cpp.o
C/C++:   cannot be safely placed under this directory.  The build may not work
C/C++:   correctly.
C/C++: CMake Warning in CMakeLists.txt:
C/C++:   The object file directory
C/C++:     C:/Users/flood/hiconnect/higo-platform/node_modules/.pnpm/react-native-worklets@0.8.3_0c963d7fe504361936d05065f4a6a04d/node_modules/react-native-worklets/android/.cxx/RelWithDebInfo/3o5nu4n2/arm64-v8a/CMakeFiles/worklets.dir/./
C/C++:   has 227 characters.  The maximum full path to an object file is 250
C/C++:   characters (see CMAKE_OBJECT_PATH_MAX).  Object file
C/C++:     C_/Users/flood/hiconnect/higo-platform/node_modules/.pnpm/react-native-worklets@0.8.3_0c963d7fe504361936d05065f4a6a04d/node_modules/react-native-worklets/Common/cpp/worklets/Registries/WorkletRuntimeRegistry.cpp.o
C/C++:   cannot be safely placed under this directory.  The build may not work
C/C++:   correctly.
C/C++: CMake Warning in CMakeLists.txt:
C/C++:   The object file directory
C/C++:     C:/Users/flood/hiconnect/higo-platform/node_modules/.pnpm/react-native-worklets@0.8.3_0c963d7fe504361936d05065f4a6a04d/node_modules/react-native-worklets/android/.cxx/RelWithDebInfo/3o5nu4n2/arm64-v8a/CMakeFiles/worklets.dir/./
C/C++:   has 227 characters.  The maximum full path to an object file is 250
C/C++:   characters (see CMAKE_OBJECT_PATH_MAX).  Object file
C/C++:     C_/Users/flood/hiconnect/higo-platform/node_modules/.pnpm/react-native-worklets@0.8.3_0c963d7fe504361936d05065f4a6a04d/node_modules/react-native-worklets/Common/cpp/worklets/Resources/ShareableHostUnpacker.cpp.o
C/C++:   cannot be safely placed under this directory.  The build may not work
C/C++:   correctly.
C/C++: CMake Warning in CMakeLists.txt:
C/C++:   The object file directory
C/C++:     C:/Users/flood/hiconnect/higo-platform/node_modules/.pnpm/react-native-worklets@0.8.3_0c963d7fe504361936d05065f4a6a04d/node_modules/react-native-worklets/android/.cxx/RelWithDebInfo/3o5nu4n2/arm64-v8a/CMakeFiles/worklets.dir/./
C/C++:   has 227 characters.  The maximum full path to an object file is 250
C/C++:   characters (see CMAKE_OBJECT_PATH_MAX).  Object file
C/C++:     C_/Users/flood/hiconnect/higo-platform/node_modules/.pnpm/react-native-worklets@0.8.3_0c963d7fe504361936d05065f4a6a04d/node_modules/react-native-worklets/Common/cpp/worklets/NativeModules/WorkletsModuleProxy.cpp.o
C/C++:   cannot be safely placed under this directory.  The build may not work
C/C++:   correctly.
C/C++: CMake Warning in CMakeLists.txt:
C/C++:   The object file directory
C/C++:     C:/Users/flood/hiconnect/higo-platform/node_modules/.pnpm/react-native-worklets@0.8.3_0c963d7fe504361936d05065f4a6a04d/node_modules/react-native-worklets/android/.cxx/RelWithDebInfo/3o5nu4n2/arm64-v8a/CMakeFiles/worklets.dir/./
C/C++:   has 227 characters.  The maximum full path to an object file is 250
C/C++:   characters (see CMAKE_OBJECT_PATH_MAX).  Object file
C/C++:     C_/Users/flood/hiconnect/higo-platform/node_modules/.pnpm/react-native-worklets@0.8.3_0c963d7fe504361936d05065f4a6a04d/node_modules/react-native-worklets/Common/cpp/worklets/Resources/CustomSerializableUnpacker.cpp.o
C/C++:   cannot be safely placed under this directory.  The build may not work
C/C++:   correctly.
C/C++: ninja: error: manifest 'build.ninja' still dirty after 100 tries

> Task :react-native-screens:buildCMakeRelWithDebInfo[armeabi-v7a]
C/C++: CMake Warning in CMakeLists.txt:
C/C++:   The object file directory
C/C++:     C:/Users/flood/hiconnect/higo-platform/node_modules/.pnpm/react-native-screens@4.25.2_2ff10e5e35d62e75ef3e80445743cd5d/node_modules/react-native-screens/android/.cxx/RelWithDebInfo/606e585m/armeabi-v7a/CMakeFiles/rnscreens.dir/./
C/C++:   has 229 characters.  The maximum full path to an object file is 250
C/C++:   characters (see CMAKE_OBJECT_PATH_MAX).  Object file
C/C++:     C_/Users/flood/hiconnect/higo-platform/node_modules/.pnpm/react-native-screens@4.25.2_2ff10e5e35d62e75ef3e80445743cd5d/node_modules/react-native-screens/cpp/RNScreensTurboModule.cpp.o
C/C++:   cannot be safely placed under this directory.  The build may not work
C/C++:   correctly.
C/C++: CMake Warning in CMakeLists.txt:
C/C++:   The object file directory
C/C++:     C:/Users/flood/hiconnect/higo-platform/node_modules/.pnpm/react-native-screens@4.25.2_2ff10e5e35d62e75ef3e80445743cd5d/node_modules/react-native-screens/android/.cxx/RelWithDebInfo/606e585m/armeabi-v7a/CMakeFiles/rnscreens.dir/./
C/C++:   has 229 characters.  The maximum full path to an object file is 250
C/C++:   characters (see CMAKE_OBJECT_PATH_MAX).  Object file
C/C++:     src/main/cpp/NativeProxy.cpp.o
C/C++:   cannot be safely placed under this directory.  The build may not work
C/C++:   correctly.
C/C++: CMake Warning in CMakeLists.txt:
C/C++:   The object file directory
C/C++:     C:/Users/flood/hiconnect/higo-platform/node_modules/.pnpm/react-native-screens@4.25.2_2ff10e5e35d62e75ef3e80445743cd5d/node_modules/react-native-screens/android/.cxx/RelWithDebInfo/606e585m/armeabi-v7a/CMakeFiles/rnscreens.dir/./
C/C++:   has 229 characters.  The maximum full path to an object file is 250
C/C++:   characters (see CMAKE_OBJECT_PATH_MAX).  Object file
C/C++:     src/main/cpp/OnLoad.cpp.o
C/C++:   cannot be safely placed under this directory.  The build may not work
C/C++:   correctly.
C/C++: CMake Warning in CMakeLists.txt:
C/C++:   The object file directory
C/C++:     C:/Users/flood/hiconnect/higo-platform/node_modules/.pnpm/react-native-screens@4.25.2_2ff10e5e35d62e75ef3e80445743cd5d/node_modules/react-native-screens/android/.cxx/RelWithDebInfo/606e585m/armeabi-v7a/CMakeFiles/rnscreens.dir/./
C/C++:   has 229 characters.  The maximum full path to an object file is 250
C/C++:   characters (see CMAKE_OBJECT_PATH_MAX).  Object file
C/C++:     src/main/cpp/NativeProxy.cpp.o
C/C++:   cannot be safely placed under this directory.  The build may not work
C/C++:   correctly.
C/C++: CMake Warning in CMakeLists.txt:
C/C++:   The object file directory
C/C++:     C:/Users/flood/hiconnect/higo-platform/node_modules/.pnpm/react-native-screens@4.25.2_2ff10e5e35d62e75ef3e80445743cd5d/node_modules/react-native-screens/android/.cxx/RelWithDebInfo/606e585m/armeabi-v7a/CMakeFiles/rnscreens.dir/./
C/C++:   has 229 characters.  The maximum full path to an object file is 250
C/C++:   characters (see CMAKE_OBJECT_PATH_MAX).  Object file
C/C++:     src/main/cpp/OnLoad.cpp.o
C/C++:   cannot be safely placed under this directory.  The build may not work
C/C++:   correctly.
C/C++: CMake Warning in CMakeLists.txt:
C/C++:   The object file directory
C/C++:     C:/Users/flood/hiconnect/higo-platform/node_modules/.pnpm/react-native-screens@4.25.2_2ff10e5e35d62e75ef3e80445743cd5d/node_modules/react-native-screens/android/.cxx/RelWithDebInfo/606e585m/armeabi-v7a/CMakeFiles/rnscreens.dir/./
C/C++:   has 229 characters.  The maximum full path to an object file is 250
C/C++:   characters (see CMAKE_OBJECT_PATH_MAX).  Object file
C/C++:     src/main/cpp/OnLoad.cpp.o
C/C++:   cannot be safely placed under this directory.  The build may not work
C/C++:   correctly.
C/C++: CMake Warning in CMakeLists.txt:
C/C++:   The object file directory
C/C++:     C:/Users/flood/hiconnect/higo-platform/node_modules/.pnpm/react-native-screens@4.25.2_2ff10e5e35d62e75ef3e80445743cd5d/node_modules/react-native-screens/android/.cxx/RelWithDebInfo/606e585m/armeabi-v7a/CMakeFiles/rnscreens.dir/./
C/C++:   has 229 characters.  The maximum full path to an object file is 250
C/C++:   characters (see CMAKE_OBJECT_PATH_MAX).  Object file
C/C++:     src/main/cpp/NativeProxy.cpp.o
C/C++:   cannot be safely placed under this directory.  The build may not work
C/C++:   correctly.
C/C++: CMake Warning in CMakeLists.txt:
C/C++:   The object file directory
C/C++:     C:/Users/flood/hiconnect/higo-platform/node_modules/.pnpm/react-native-screens@4.25.2_2ff10e5e35d62e75ef3e80445743cd5d/node_modules/react-native-screens/android/.cxx/RelWithDebInfo/606e585m/armeabi-v7a/CMakeFiles/rnscreens.dir/./
C/C++:   has 229 characters.  The maximum full path to an object file is 250
C/C++:   characters (see CMAKE_OBJECT_PATH_MAX).  Object file
C/C++:     C_/Users/flood/hiconnect/higo-platform/node_modules/.pnpm/react-native-screens@4.25.2_2ff10e5e35d62e75ef3e80445743cd5d/node_modules/react-native-screens/cpp/RNScreensTurboModule.cpp.o
C/C++:   cannot be safely placed under this directory.  The build may not work
C/C++:   correctly.
C/C++: CMake Warning in CMakeLists.txt:
C/C++:   The object file directory
C/C++:     C:/Users/flood/hiconnect/higo-platform/node_modules/.pnpm/react-native-screens@4.25.2_2ff10e5e35d62e75ef3e80445743cd5d/node_modules/react-native-screens/android/.cxx/RelWithDebInfo/606e585m/armeabi-v7a/CMakeFiles/rnscreens.dir/./
C/C++:   has 229 characters.  The maximum full path to an object file is 250
C/C++:   characters (see CMAKE_OBJECT_PATH_MAX).  Object file
C/C++:     src/main/cpp/jni-adapter.cpp.o
C/C++:   cannot be safely placed under this directory.  The build may not work
C/C++:   correctly.

> Task :react-native-worklets:configureCMakeRelWithDebInfo[armeabi-v7a]
C/C++: CMake Warning in CMakeLists.txt:
C/C++:   The object file directory
C/C++:     C:/Users/flood/hiconnect/higo-platform/node_modules/.pnpm/react-native-worklets@0.8.3_0c963d7fe504361936d05065f4a6a04d/node_modules/react-native-worklets/android/.cxx/RelWithDebInfo/3o5nu4n2/armeabi-v7a/CMakeFiles/worklets.dir/./
C/C++:   has 229 characters.  The maximum full path to an object file is 250
C/C++:   characters (see CMAKE_OBJECT_PATH_MAX).  Object file
C/C++:     C_/Users/flood/hiconnect/higo-platform/node_modules/.pnpm/react-native-worklets@0.8.3_0c963d7fe504361936d05065f4a6a04d/node_modules/react-native-worklets/Common/cpp/worklets/NativeModules/WorkletsModuleProxy.cpp.o
C/C++:   cannot be safely placed under this directory.  The build may not work
C/C++:   correctly.

> Task :react-native-screens:buildCMakeRelWithDebInfo[armeabi-v7a]
C/C++: CMake Warning in CMakeLists.txt:
C/C++:   The object file directory
C/C++:     C:/Users/flood/hiconnect/higo-platform/node_modules/.pnpm/react-native-screens@4.25.2_2ff10e5e35d62e75ef3e80445743cd5d/node_modules/react-native-screens/android/.cxx/RelWithDebInfo/606e585m/armeabi-v7a/CMakeFiles/rnscreens.dir/./
C/C++:   has 229 characters.  The maximum full path to an object file is 250
C/C++:   characters (see CMAKE_OBJECT_PATH_MAX).  Object file
C/C++:     C_/Users/flood/hiconnect/higo-platform/node_modules/.pnpm/react-native-screens@4.25.2_2ff10e5e35d62e75ef3e80445743cd5d/node_modules/react-native-screens/cpp/RNSScreenRemovalListener.cpp.o
C/C++:   cannot be safely placed under this directory.  The build may not work
C/C++:   correctly.
C/C++: CMake Warning in CMakeLists.txt:
C/C++:   The object file directory
C/C++:     C:/Users/flood/hiconnect/higo-platform/node_modules/.pnpm/react-native-screens@4.25.2_2ff10e5e35d62e75ef3e80445743cd5d/node_modules/react-native-screens/android/.cxx/RelWithDebInfo/606e585m/armeabi-v7a/CMakeFiles/rnscreens.dir/./
C/C++:   has 229 characters.  The maximum full path to an object file is 250
C/C++:   characters (see CMAKE_OBJECT_PATH_MAX).  Object file
C/C++:     src/main/cpp/OnLoad.cpp.o
C/C++:   cannot be safely placed under this directory.  The build may not work
C/C++:   correctly.
C/C++: CMake Warning in CMakeLists.txt:
C/C++:   The object file directory
C/C++:     C:/Users/flood/hiconnect/higo-platform/node_modules/.pnpm/react-native-screens@4.25.2_2ff10e5e35d62e75ef3e80445743cd5d/node_modules/react-native-screens/android/.cxx/RelWithDebInfo/606e585m/armeabi-v7a/CMakeFiles/rnscreens.dir/./
C/C++:   has 229 characters.  The maximum full path to an object file is 250
C/C++:   characters (see CMAKE_OBJECT_PATH_MAX).  Object file
C/C++:     src/main/cpp/NativeProxy.cpp.o
C/C++:   cannot be safely placed under this directory.  The build may not work
C/C++:   correctly.

> Task :react-native-async-storage_async-storage:assembleRelease
> Task :react-native-firebase_auth:bundleReleaseAar

> Task :react-native-worklets:buildCMakeRelWithDebInfo[armeabi-v7a][worklets]
C/C++: CMake Warning in CMakeLists.txt:
C/C++:   The object file directory
C/C++:     C:/Users/flood/hiconnect/higo-platform/node_modules/.pnpm/react-native-worklets@0.8.3_0c963d7fe504361936d05065f4a6a04d/node_modules/react-native-worklets/android/.cxx/RelWithDebInfo/3o5nu4n2/armeabi-v7a/CMakeFiles/worklets.dir/./
C/C++:   has 229 characters.  The maximum full path to an object file is 250
C/C++:   characters (see CMAKE_OBJECT_PATH_MAX).  Object file
C/C++:     C_/Users/flood/hiconnect/higo-platform/node_modules/.pnpm/react-native-worklets@0.8.3_0c963d7fe504361936d05065f4a6a04d/node_modules/react-native-worklets/Common/cpp/worklets/Registries/WorkletRuntimeRegistry.cpp.o
C/C++:   cannot be safely placed under this directory.  The build may not work
C/C++:   correctly.
C/C++: CMake Warning in CMakeLists.txt:
C/C++:   The object file directory
C/C++:     C:/Users/flood/hiconnect/higo-platform/node_modules/.pnpm/react-native-worklets@0.8.3_0c963d7fe504361936d05065f4a6a04d/node_modules/react-native-worklets/android/.cxx/RelWithDebInfo/3o5nu4n2/armeabi-v7a/CMakeFiles/worklets.dir/./
C/C++:   has 229 characters.  The maximum full path to an object file is 250
C/C++:   characters (see CMAKE_OBJECT_PATH_MAX).  Object file
C/C++:     C_/Users/flood/hiconnect/higo-platform/node_modules/.pnpm/react-native-worklets@0.8.3_0c963d7fe504361936d05065f4a6a04d/node_modules/react-native-worklets/Common/cpp/worklets/NativeModules/WorkletsModuleProxy.cpp.o
C/C++:   cannot be safely placed under this directory.  The build may not work
C/C++:   correctly.
C/C++: CMake Warning in CMakeLists.txt:
C/C++:   The object file directory
C/C++:     C:/Users/flood/hiconnect/higo-platform/node_modules/.pnpm/react-native-worklets@0.8.3_0c963d7fe504361936d05065f4a6a04d/node_modules/react-native-worklets/android/.cxx/RelWithDebInfo/3o5nu4n2/armeabi-v7a/CMakeFiles/worklets.dir/./
C/C++:   has 229 characters.  The maximum full path to an object file is 250
C/C++:   characters (see CMAKE_OBJECT_PATH_MAX).  Object file
C/C++:     C_/Users/flood/hiconnect/higo-platform/node_modules/.pnpm/react-native-worklets@0.8.3_0c963d7fe504361936d05065f4a6a04d/node_modules/react-native-worklets/Common/cpp/worklets/Registries/WorkletRuntimeRegistry.cpp.o
C/C++:   cannot be safely placed under this directory.  The build may not work
C/C++:   correctly.

> Task :react-native-firebase_app:assembleRelease
> Task :react-native-firebase_crashlytics:bundleReleaseAar
> Task :react-native-firebase_crashlytics:mapReleaseSourceSetPaths
> Task :react-native-firebase_auth:mapReleaseSourceSetPaths

> Task :react-native-screens:buildCMakeRelWithDebInfo[armeabi-v7a]
C/C++: CMake Warning in CMakeLists.txt:
C/C++:   The object file directory
C/C++:     C:/Users/flood/hiconnect/higo-platform/node_modules/.pnpm/react-native-screens@4.25.2_2ff10e5e35d62e75ef3e80445743cd5d/node_modules/react-native-screens/android/.cxx/RelWithDebInfo/606e585m/armeabi-v7a/CMakeFiles/rnscreens.dir/./
C/C++:   has 229 characters.  The maximum full path to an object file is 250
C/C++:   characters (see CMAKE_OBJECT_PATH_MAX).  Object file
C/C++:     src/main/cpp/jni-adapter.cpp.o
C/C++:   cannot be safely placed under this directory.  The build may not work
C/C++:   correctly.
C/C++: CMake Warning in CMakeLists.txt:
C/C++:   The object file directory
C/C++:     C:/Users/flood/hiconnect/higo-platform/node_modules/.pnpm/react-native-screens@4.25.2_2ff10e5e35d62e75ef3e80445743cd5d/node_modules/react-native-screens/android/.cxx/RelWithDebInfo/606e585m/armeabi-v7a/CMakeFiles/rnscreens.dir/./
C/C++:   has 229 characters.  The maximum full path to an object file is 250
C/C++:   characters (see CMAKE_OBJECT_PATH_MAX).  Object file
C/C++:     src/main/cpp/OnLoad.cpp.o
C/C++:   cannot be safely placed under this directory.  The build may not work
C/C++:   correctly.
C/C++: CMake Warning in CMakeLists.txt:
C/C++:   The object file directory
C/C++:     C:/Users/flood/hiconnect/higo-platform/node_modules/.pnpm/react-native-screens@4.25.2_2ff10e5e35d62e75ef3e80445743cd5d/node_modules/react-native-screens/android/.cxx/RelWithDebInfo/606e585m/armeabi-v7a/CMakeFiles/rnscreens.dir/./
C/C++:   has 229 characters.  The maximum full path to an object file is 250
C/C++:   characters (see CMAKE_OBJECT_PATH_MAX).  Object file
C/C++:     src/main/cpp/NativeProxy.cpp.o
C/C++:   cannot be safely placed under this directory.  The build may not work
C/C++:   correctly.
C/C++: CMake Warning in CMakeLists.txt:
C/C++:   The object file directory
C/C++:     C:/Users/flood/hiconnect/higo-platform/node_modules/.pnpm/react-native-screens@4.25.2_2ff10e5e35d62e75ef3e80445743cd5d/node_modules/react-native-screens/android/.cxx/RelWithDebInfo/606e585m/armeabi-v7a/CMakeFiles/rnscreens.dir/./
C/C++:   has 229 characters.  The maximum full path to an object file is 250
C/C++:   characters (see CMAKE_OBJECT_PATH_MAX).  Object file
C/C++:     src/main/cpp/OnLoad.cpp.o
C/C++:   cannot be safely placed under this directory.  The build may not work
C/C++:   correctly.
C/C++: CMake Warning in CMakeLists.txt:
C/C++:   The object file directory
C/C++:     C:/Users/flood/hiconnect/higo-platform/node_modules/.pnpm/react-native-screens@4.25.2_2ff10e5e35d62e75ef3e80445743cd5d/node_modules/react-native-screens/android/.cxx/RelWithDebInfo/606e585m/armeabi-v7a/CMakeFiles/rnscreens.dir/./
C/C++:   has 229 characters.  The maximum full path to an object file is 250
C/C++:   characters (see CMAKE_OBJECT_PATH_MAX).  Object file
C/C++:     C_/Users/flood/hiconnect/higo-platform/node_modules/.pnpm/react-native-screens@4.25.2_2ff10e5e35d62e75ef3e80445743cd5d/node_modules/react-native-screens/cpp/RNSScreenRemovalListener.cpp.o
C/C++:   cannot be safely placed under this directory.  The build may not work
C/C++:   correctly.
C/C++: CMake Warning in CMakeLists.txt:
C/C++:   The object file directory
C/C++:     C:/Users/flood/hiconnect/higo-platform/node_modules/.pnpm/react-native-screens@4.25.2_2ff10e5e35d62e75ef3e80445743cd5d/node_modules/react-native-screens/android/.cxx/RelWithDebInfo/606e585m/armeabi-v7a/CMakeFiles/rnscreens.dir/./
C/C++:   has 229 characters.  The maximum full path to an object file is 250
C/C++:   characters (see CMAKE_OBJECT_PATH_MAX).  Object file
C/C++:     C_/Users/flood/hiconnect/higo-platform/node_modules/.pnpm/react-native-screens@4.25.2_2ff10e5e35d62e75ef3e80445743cd5d/node_modules/react-native-screens/cpp/RNSScreenRemovalListener.cpp.o
C/C++:   cannot be safely placed under this directory.  The build may not work
C/C++:   correctly.
C/C++: CMake Warning in CMakeLists.txt:
C/C++:   The object file directory
C/C++:     C:/Users/flood/hiconnect/higo-platform/node_modules/.pnpm/react-native-screens@4.25.2_2ff10e5e35d62e75ef3e80445743cd5d/node_modules/react-native-screens/android/.cxx/RelWithDebInfo/606e585m/armeabi-v7a/CMakeFiles/rnscreens.dir/./
C/C++:   has 229 characters.  The maximum full path to an object file is 250
C/C++:   characters (see CMAKE_OBJECT_PATH_MAX).  Object file
C/C++:     C_/Users/flood/hiconnect/higo-platform/node_modules/.pnpm/react-native-screens@4.25.2_2ff10e5e35d62e75ef3e80445743cd5d/node_modules/react-native-screens/cpp/RNSScreenRemovalListener.cpp.o
C/C++:   cannot be safely placed under this directory.  The build may not work
C/C++:   correctly.
C/C++: CMake Warning in CMakeLists.txt:
C/C++:   The object file directory
C/C++:     C:/Users/flood/hiconnect/higo-platform/node_modules/.pnpm/react-native-screens@4.25.2_2ff10e5e35d62e75ef3e80445743cd5d/node_modules/react-native-screens/android/.cxx/RelWithDebInfo/606e585m/armeabi-v7a/CMakeFiles/rnscreens.dir/./
C/C++:   has 229 characters.  The maximum full path to an object file is 250
C/C++:   characters (see CMAKE_OBJECT_PATH_MAX).  Object file
C/C++:     src/main/cpp/OnLoad.cpp.o
C/C++:   cannot be safely placed under this directory.  The build may not work
C/C++:   correctly.
C/C++: CMake Warning in CMakeLists.txt:
C/C++:   The object file directory
C/C++:     C:/Users/flood/hiconnect/higo-platform/node_modules/.pnpm/react-native-screens@4.25.2_2ff10e5e35d62e75ef3e80445743cd5d/node_modules/react-native-screens/android/.cxx/RelWithDebInfo/606e585m/armeabi-v7a/CMakeFiles/rnscreens.dir/./
C/C++:   has 229 characters.  The maximum full path to an object file is 250
C/C++:   characters (see CMAKE_OBJECT_PATH_MAX).  Object file
C/C++:     src/main/cpp/jni-adapter.cpp.o
C/C++:   cannot be safely placed under this directory.  The build may not work
C/C++:   correctly.
C/C++: CMake Warning in CMakeLists.txt:
C/C++:   The object file directory
C/C++:     C:/Users/flood/hiconnect/higo-platform/node_modules/.pnpm/react-native-screens@4.25.2_2ff10e5e35d62e75ef3e80445743cd5d/node_modules/react-native-screens/android/.cxx/RelWithDebInfo/606e585m/armeabi-v7a/CMakeFiles/rnscreens.dir/./
C/C++:   has 229 characters.  The maximum full path to an object file is 250
C/C++:   characters (see CMAKE_OBJECT_PATH_MAX).  Object file
C/C++:     C_/Users/flood/hiconnect/higo-platform/node_modules/.pnpm/react-native-screens@4.25.2_2ff10e5e35d62e75ef3e80445743cd5d/node_modules/react-native-screens/cpp/RNScreensTurboModule.cpp.o
C/C++:   cannot be safely placed under this directory.  The build may not work
C/C++:   correctly.
C/C++: CMake Warning in CMakeLists.txt:
C/C++:   The object file directory
C/C++:     C:/Users/flood/hiconnect/higo-platform/node_modules/.pnpm/react-native-screens@4.25.2_2ff10e5e35d62e75ef3e80445743cd5d/node_modules/react-native-screens/android/.cxx/RelWithDebInfo/606e585m/armeabi-v7a/CMakeFiles/rnscreens.dir/./
C/C++:   has 229 characters.  The maximum full path to an object file is 250
C/C++:   characters (see CMAKE_OBJECT_PATH_MAX).  Object file
C/C++:     src/main/cpp/OnLoad.cpp.o
C/C++:   cannot be safely placed under this directory.  The build may not work
C/C++:   correctly.
C/C++: CMake Warning in CMakeLists.txt:
C/C++:   The object file directory
C/C++:     C:/Users/flood/hiconnect/higo-platform/node_modules/.pnpm/react-native-screens@4.25.2_2ff10e5e35d62e75ef3e80445743cd5d/node_modules/react-native-screens/android/.cxx/RelWithDebInfo/606e585m/armeabi-v7a/CMakeFiles/rnscreens.dir/./
C/C++:   has 229 characters.  The maximum full path to an object file is 250
C/C++:   characters (see CMAKE_OBJECT_PATH_MAX).  Object file
C/C++:     C_/Users/flood/hiconnect/higo-platform/node_modules/.pnpm/react-native-screens@4.25.2_2ff10e5e35d62e75ef3e80445743cd5d/node_modules/react-native-screens/cpp/RNScreensTurboModule.cpp.o
C/C++:   cannot be safely placed under this directory.  The build may not work
C/C++:   correctly.

> Task :react-native-worklets:buildCMakeRelWithDebInfo[armeabi-v7a][worklets]
C/C++: CMake Warning in CMakeLists.txt:
C/C++:   The object file directory
C/C++:     C:/Users/flood/hiconnect/higo-platform/node_modules/.pnpm/react-native-worklets@0.8.3_0c963d7fe504361936d05065f4a6a04d/node_modules/react-native-worklets/android/.cxx/RelWithDebInfo/3o5nu4n2/armeabi-v7a/CMakeFiles/worklets.dir/./
C/C++:   has 229 characters.  The maximum full path to an object file is 250
C/C++:   characters (see CMAKE_OBJECT_PATH_MAX).  Object file
C/C++:     C_/Users/flood/hiconnect/higo-platform/node_modules/.pnpm/react-native-worklets@0.8.3_0c963d7fe504361936d05065f4a6a04d/node_modules/react-native-worklets/Common/cpp/worklets/Compat/StableApi.cpp.o
C/C++:   cannot be safely placed under this directory.  The build may not work
C/C++:   correctly.
C/C++: CMake Warning in CMakeLists.txt:
C/C++:   The object file directory
C/C++:     C:/Users/flood/hiconnect/higo-platform/node_modules/.pnpm/react-native-worklets@0.8.3_0c963d7fe504361936d05065f4a6a04d/node_modules/react-native-worklets/android/.cxx/RelWithDebInfo/3o5nu4n2/armeabi-v7a/CMakeFiles/worklets.dir/./
C/C++:   has 229 characters.  The maximum full path to an object file is 250
C/C++:   characters (see CMAKE_OBJECT_PATH_MAX).  Object file
C/C++:     C_/Users/flood/hiconnect/higo-platform/node_modules/.pnpm/react-native-worklets@0.8.3_0c963d7fe504361936d05065f4a6a04d/node_modules/react-native-worklets/Common/cpp/worklets/NativeModules/JSIWorkletsModuleProxy.cpp.o
C/C++:   cannot be safely placed under this directory.  The build may not work
C/C++:   correctly.
C/C++: CMake Warning in CMakeLists.txt:
C/C++:   The object file directory
C/C++:     C:/Users/flood/hiconnect/higo-platform/node_modules/.pnpm/react-native-worklets@0.8.3_0c963d7fe504361936d05065f4a6a04d/node_modules/react-native-worklets/android/.cxx/RelWithDebInfo/3o5nu4n2/armeabi-v7a/CMakeFiles/worklets.dir/./
C/C++:   has 229 characters.  The maximum full path to an object file is 250
C/C++:   characters (see CMAKE_OBJECT_PATH_MAX).  Object file
C/C++:     C_/Users/flood/hiconnect/higo-platform/node_modules/.pnpm/react-native-worklets@0.8.3_0c963d7fe504361936d05065f4a6a04d/node_modules/react-native-worklets/Common/cpp/worklets/Compat/StableApi.cpp.o
C/C++:   cannot be safely placed under this directory.  The build may not work
C/C++:   correctly.
C/C++: CMake Warning in CMakeLists.txt:
C/C++:   The object file directory
C/C++:     C:/Users/flood/hiconnect/higo-platform/node_modules/.pnpm/react-native-worklets@0.8.3_0c963d7fe504361936d05065f4a6a04d/node_modules/react-native-worklets/android/.cxx/RelWithDebInfo/3o5nu4n2/armeabi-v7a/CMakeFiles/worklets.dir/./
C/C++:   has 229 characters.  The maximum full path to an object file is 250
C/C++:   characters (see CMAKE_OBJECT_PATH_MAX).  Object file
C/C++:     C_/Users/flood/hiconnect/higo-platform/node_modules/.pnpm/react-native-worklets@0.8.3_0c963d7fe504361936d05065f4a6a04d/node_modules/react-native-worklets/Common/cpp/worklets/Resources/ShareableHostUnpacker.cpp.o
C/C++:   cannot be safely placed under this directory.  The build may not work
C/C++:   correctly.
C/C++: CMake Warning in CMakeLists.txt:
C/C++:   The object file directory
C/C++:     C:/Users/flood/hiconnect/higo-platform/node_modules/.pnpm/react-native-worklets@0.8.3_0c963d7fe504361936d05065f4a6a04d/node_modules/react-native-worklets/android/.cxx/RelWithDebInfo/3o5nu4n2/armeabi-v7a/CMakeFiles/worklets.dir/./
C/C++:   has 229 characters.  The maximum full path to an object file is 250
C/C++:   characters (see CMAKE_OBJECT_PATH_MAX).  Object file
C/C++:     C_/Users/flood/hiconnect/higo-platform/node_modules/.pnpm/react-native-worklets@0.8.3_0c963d7fe504361936d05065f4a6a04d/node_modules/react-native-worklets/Common/cpp/worklets/AnimationFrameQueue/AnimationFrameBatchinator.cpp.o
C/C++:   cannot be safely placed under this directory.  The build may not work
C/C++:   correctly.
C/C++: CMake Warning in CMakeLists.txt:
C/C++:   The object file directory
C/C++:     C:/Users/flood/hiconnect/higo-platform/node_modules/.pnpm/react-native-worklets@0.8.3_0c963d7fe504361936d05065f4a6a04d/node_modules/react-native-worklets/android/.cxx/RelWithDebInfo/3o5nu4n2/armeabi-v7a/CMakeFiles/worklets.dir/./
C/C++:   has 229 characters.  The maximum full path to an object file is 250
C/C++:   characters (see CMAKE_OBJECT_PATH_MAX).  Object file
C/C++:     C_/Users/flood/hiconnect/higo-platform/node_modules/.pnpm/react-native-worklets@0.8.3_0c963d7fe504361936d05065f4a6a04d/node_modules/react-native-worklets/Common/cpp/worklets/Compat/StableApi.cpp.o
C/C++:   cannot be safely placed under this directory.  The build may not work
C/C++:   correctly.
C/C++: CMake Warning in CMakeLists.txt:
C/C++:   The object file directory
C/C++:     C:/Users/flood/hiconnect/higo-platform/node_modules/.pnpm/react-native-worklets@0.8.3_0c963d7fe504361936d05065f4a6a04d/node_modules/react-native-worklets/android/.cxx/RelWithDebInfo/3o5nu4n2/armeabi-v7a/CMakeFiles/worklets.dir/./
C/C++:   has 229 characters.  The maximum full path to an object file is 250
C/C++:   characters (see CMAKE_OBJECT_PATH_MAX).  Object file
C/C++:     C_/Users/flood/hiconnect/higo-platform/node_modules/.pnpm/react-native-worklets@0.8.3_0c963d7fe504361936d05065f4a6a04d/node_modules/react-native-worklets/Common/cpp/worklets/Registries/WorkletRuntimeRegistry.cpp.o
C/C++:   cannot be safely placed under this directory.  The build may not work
C/C++:   correctly.

> Task :react-native-firebase_crashlytics:mergeReleaseResources
> Task :react-native-firebase_auth:mergeReleaseResources

> Task :react-native-screens:buildCMakeRelWithDebInfo[armeabi-v7a]
C/C++: CMake Warning in CMakeLists.txt:
C/C++:   The object file directory
C/C++:     C:/Users/flood/hiconnect/higo-platform/node_modules/.pnpm/react-native-screens@4.25.2_2ff10e5e35d62e75ef3e80445743cd5d/node_modules/react-native-screens/android/.cxx/RelWithDebInfo/606e585m/armeabi-v7a/CMakeFiles/rnscreens.dir/./
C/C++:   has 229 characters.  The maximum full path to an object file is 250
C/C++:   characters (see CMAKE_OBJECT_PATH_MAX).  Object file
C/C++:     src/main/cpp/jni-adapter.cpp.o
C/C++:   cannot be safely placed under this directory.  The build may not work
C/C++:   correctly.
C/C++: CMake Warning in CMakeLists.txt:
C/C++:   The object file directory
C/C++:     C:/Users/flood/hiconnect/higo-platform/node_modules/.pnpm/react-native-screens@4.25.2_2ff10e5e35d62e75ef3e80445743cd5d/node_modules/react-native-screens/android/.cxx/RelWithDebInfo/606e585m/armeabi-v7a/CMakeFiles/rnscreens.dir/./
C/C++:   has 229 characters.  The maximum full path to an object file is 250
C/C++:   characters (see CMAKE_OBJECT_PATH_MAX).  Object file
C/C++:     C_/Users/flood/hiconnect/higo-platform/node_modules/.pnpm/react-native-screens@4.25.2_2ff10e5e35d62e75ef3e80445743cd5d/node_modules/react-native-screens/cpp/RNScreensTurboModule.cpp.o
C/C++:   cannot be safely placed under this directory.  The build may not work
C/C++:   correctly.
C/C++: CMake Warning in CMakeLists.txt:
C/C++:   The object file directory
C/C++:     C:/Users/flood/hiconnect/higo-platform/node_modules/.pnpm/react-native-screens@4.25.2_2ff10e5e35d62e75ef3e80445743cd5d/node_modules/react-native-screens/android/.cxx/RelWithDebInfo/606e585m/armeabi-v7a/CMakeFiles/rnscreens.dir/./
C/C++:   has 229 characters.  The maximum full path to an object file is 250
C/C++:   characters (see CMAKE_OBJECT_PATH_MAX).  Object file
C/C++:     src/main/cpp/jni-adapter.cpp.o
C/C++:   cannot be safely placed under this directory.  The build may not work
C/C++:   correctly.
C/C++: CMake Warning in CMakeLists.txt:
C/C++:   The object file directory
C/C++:     C:/Users/flood/hiconnect/higo-platform/node_modules/.pnpm/react-native-screens@4.25.2_2ff10e5e35d62e75ef3e80445743cd5d/node_modules/react-native-screens/android/.cxx/RelWithDebInfo/606e585m/armeabi-v7a/CMakeFiles/rnscreens.dir/./
C/C++:   has 229 characters.  The maximum full path to an object file is 250
C/C++:   characters (see CMAKE_OBJECT_PATH_MAX).  Object file
C/C++:     C_/Users/flood/hiconnect/higo-platform/node_modules/.pnpm/react-native-screens@4.25.2_2ff10e5e35d62e75ef3e80445743cd5d/node_modules/react-native-screens/cpp/RNSScreenRemovalListener.cpp.o
C/C++:   cannot be safely placed under this directory.  The build may not work
C/C++:   correctly.
C/C++: CMake Warning in CMakeLists.txt:
C/C++:   The object file directory
C/C++:     C:/Users/flood/hiconnect/higo-platform/node_modules/.pnpm/react-native-screens@4.25.2_2ff10e5e35d62e75ef3e80445743cd5d/node_modules/react-native-screens/android/.cxx/RelWithDebInfo/606e585m/armeabi-v7a/CMakeFiles/rnscreens.dir/./
C/C++:   has 229 characters.  The maximum full path to an object file is 250
C/C++:   characters (see CMAKE_OBJECT_PATH_MAX).  Object file
C/C++:     C_/Users/flood/hiconnect/higo-platform/node_modules/.pnpm/react-native-screens@4.25.2_2ff10e5e35d62e75ef3e80445743cd5d/node_modules/react-native-screens/cpp/RNSScreenRemovalListener.cpp.o
C/C++:   cannot be safely placed under this directory.  The build may not work
C/C++:   correctly.
C/C++: CMake Warning in CMakeLists.txt:
C/C++:   The object file directory
C/C++:     C:/Users/flood/hiconnect/higo-platform/node_modules/.pnpm/react-native-screens@4.25.2_2ff10e5e35d62e75ef3e80445743cd5d/node_modules/react-native-screens/android/.cxx/RelWithDebInfo/606e585m/armeabi-v7a/CMakeFiles/rnscreens.dir/./
C/C++:   has 229 characters.  The maximum full path to an object file is 250
C/C++:   characters (see CMAKE_OBJECT_PATH_MAX).  Object file
C/C++:     C_/Users/flood/hiconnect/higo-platform/node_modules/.pnpm/react-native-screens@4.25.2_2ff10e5e35d62e75ef3e80445743cd5d/node_modules/react-native-screens/cpp/RNScreensTurboModule.cpp.o
C/C++:   cannot be safely placed under this directory.  The build may not work
C/C++:   correctly.
C/C++: CMake Warning in CMakeLists.txt:
C/C++:   The object file directory
C/C++:     C:/Users/flood/hiconnect/higo-platform/node_modules/.pnpm/react-native-screens@4.25.2_2ff10e5e35d62e75ef3e80445743cd5d/node_modules/react-native-screens/android/.cxx/RelWithDebInfo/606e585m/armeabi-v7a/CMakeFiles/rnscreens.dir/./
C/C++:   has 229 characters.  The maximum full path to an object file is 250
C/C++:   characters (see CMAKE_OBJECT_PATH_MAX).  Object file
C/C++:     src/main/cpp/NativeProxy.cpp.o
C/C++:   cannot be safely placed under this directory.  The build may not work
C/C++:   correctly.
C/C++: CMake Warning in CMakeLists.txt:
C/C++:   The object file directory
C/C++:     C:/Users/flood/hiconnect/higo-platform/node_modules/.pnpm/react-native-screens@4.25.2_2ff10e5e35d62e75ef3e80445743cd5d/node_modules/react-native-screens/android/.cxx/RelWithDebInfo/606e585m/armeabi-v7a/CMakeFiles/rnscreens.dir/./
C/C++:   has 229 characters.  The maximum full path to an object file is 250
C/C++:   characters (see CMAKE_OBJECT_PATH_MAX).  Object file
C/C++:     src/main/cpp/OnLoad.cpp.o
C/C++:   cannot be safely placed under this directory.  The build may not work
C/C++:   correctly.
C/C++: CMake Warning in CMakeLists.txt:
C/C++:   The object file directory
C/C++:     C:/Users/flood/hiconnect/higo-platform/node_modules/.pnpm/react-native-screens@4.25.2_2ff10e5e35d62e75ef3e80445743cd5d/node_modules/react-native-screens/android/.cxx/RelWithDebInfo/606e585m/armeabi-v7a/CMakeFiles/rnscreens.dir/./
C/C++:   has 229 characters.  The maximum full path to an object file is 250
C/C++:   characters (see CMAKE_OBJECT_PATH_MAX).  Object file
C/C++:     C_/Users/flood/hiconnect/higo-platform/node_modules/.pnpm/react-native-screens@4.25.2_2ff10e5e35d62e75ef3e80445743cd5d/node_modules/react-native-screens/cpp/RNScreensTurboModule.cpp.o
C/C++:   cannot be safely placed under this directory.  The build may not work
C/C++:   correctly.
C/C++: CMake Warning in CMakeLists.txt:
C/C++:   The object file directory
C/C++:     C:/Users/flood/hiconnect/higo-platform/node_modules/.pnpm/react-native-screens@4.25.2_2ff10e5e35d62e75ef3e80445743cd5d/node_modules/react-native-screens/android/.cxx/RelWithDebInfo/606e585m/armeabi-v7a/CMakeFiles/rnscreens.dir/./
C/C++:   has 229 characters.  The maximum full path to an object file is 250
C/C++:   characters (see CMAKE_OBJECT_PATH_MAX).  Object file
C/C++:     C_/Users/flood/hiconnect/higo-platform/node_modules/.pnpm/react-native-screens@4.25.2_2ff10e5e35d62e75ef3e80445743cd5d/node_modules/react-native-screens/cpp/RNScreensTurboModule.cpp.o
C/C++:   cannot be safely placed under this directory.  The build may not work
C/C++:   correctly.
C/C++: CMake Warning in CMakeLists.txt:
C/C++:   The object file directory
C/C++:     C:/Users/flood/hiconnect/higo-platform/node_modules/.pnpm/react-native-screens@4.25.2_2ff10e5e35d62e75ef3e80445743cd5d/node_modules/react-native-screens/android/.cxx/RelWithDebInfo/606e585m/armeabi-v7a/CMakeFiles/rnscreens.dir/./
C/C++:   has 229 characters.  The maximum full path to an object file is 250
C/C++:   characters (see CMAKE_OBJECT_PATH_MAX).  Object file
C/C++:     C_/Users/flood/hiconnect/higo-platform/node_modules/.pnpm/react-native-screens@4.25.2_2ff10e5e35d62e75ef3e80445743cd5d/node_modules/react-native-screens/cpp/RNScreensTurboModule.cpp.o
C/C++:   cannot be safely placed under this directory.  The build may not work
C/C++:   correctly.
C/C++: CMake Warning in CMakeLists.txt:
C/C++:   The object file directory
C/C++:     C:/Users/flood/hiconnect/higo-platform/node_modules/.pnpm/react-native-screens@4.25.2_2ff10e5e35d62e75ef3e80445743cd5d/node_modules/react-native-screens/android/.cxx/RelWithDebInfo/606e585m/armeabi-v7a/CMakeFiles/rnscreens.dir/./
C/C++:   has 229 characters.  The maximum full path to an object file is 250
C/C++:   characters (see CMAKE_OBJECT_PATH_MAX).  Object file
C/C++:     src/main/cpp/jni-adapter.cpp.o
C/C++:   cannot be safely placed under this directory.  The build may not work
C/C++:   correctly.
C/C++: CMake Warning in CMakeLists.txt:
C/C++:   The object file directory
C/C++:     C:/Users/flood/hiconnect/higo-platform/node_modules/.pnpm/react-native-screens@4.25.2_2ff10e5e35d62e75ef3e80445743cd5d/node_modules/react-native-screens/android/.cxx/RelWithDebInfo/606e585m/armeabi-v7a/CMakeFiles/rnscreens.dir/./
C/C++:   has 229 characters.  The maximum full path to an object file is 250
C/C++:   characters (see CMAKE_OBJECT_PATH_MAX).  Object file
C/C++:     src/main/cpp/NativeProxy.cpp.o
C/C++:   cannot be safely placed under this directory.  The build may not work
C/C++:   correctly.
C/C++: CMake Warning in CMakeLists.txt:
C/C++:   The object file directory
C/C++:     C:/Users/flood/hiconnect/higo-platform/node_modules/.pnpm/react-native-screens@4.25.2_2ff10e5e35d62e75ef3e80445743cd5d/node_modules/react-native-screens/android/.cxx/RelWithDebInfo/606e585m/armeabi-v7a/CMakeFiles/rnscreens.dir/./
C/C++:   has 229 characters.  The maximum full path to an object file is 250
C/C++:   characters (see CMAKE_OBJECT_PATH_MAX).  Object file
C/C++:     C_/Users/flood/hiconnect/higo-platform/node_modules/.pnpm/react-native-screens@4.25.2_2ff10e5e35d62e75ef3e80445743cd5d/node_modules/react-native-screens/cpp/RNScreensTurboModule.cpp.o
C/C++:   cannot be safely placed under this directory.  The build may not work
C/C++:   correctly.
C/C++: CMake Warning in CMakeLists.txt:
C/C++:   The object file directory
C/C++:     C:/Users/flood/hiconnect/higo-platform/node_modules/.pnpm/react-native-screens@4.25.2_2ff10e5e35d62e75ef3e80445743cd5d/node_modules/react-native-screens/android/.cxx/RelWithDebInfo/606e585m/armeabi-v7a/CMakeFiles/rnscreens.dir/./
C/C++:   has 229 characters.  The maximum full path to an object file is 250
C/C++:   characters (see CMAKE_OBJECT_PATH_MAX).  Object file
C/C++:     src/main/cpp/jni-adapter.cpp.o
C/C++:   cannot be safely placed under this directory.  The build may not work
C/C++:   correctly.
C/C++: CMake Warning in CMakeLists.txt:
C/C++:   The object file directory
C/C++:     C:/Users/flood/hiconnect/higo-platform/node_modules/.pnpm/react-native-screens@4.25.2_2ff10e5e35d62e75ef3e80445743cd5d/node_modules/react-native-screens/android/.cxx/RelWithDebInfo/606e585m/armeabi-v7a/CMakeFiles/rnscreens.dir/./
C/C++:   has 229 characters.  The maximum full path to an object file is 250
C/C++:   characters (see CMAKE_OBJECT_PATH_MAX).  Object file
C/C++:     src/main/cpp/jni-adapter.cpp.o
C/C++:   cannot be safely placed under this directory.  The build may not work
C/C++:   correctly.
C/C++: CMake Warning in CMakeLists.txt:
C/C++:   The object file directory
C/C++:     C:/Users/flood/hiconnect/higo-platform/node_modules/.pnpm/react-native-screens@4.25.2_2ff10e5e35d62e75ef3e80445743cd5d/node_modules/react-native-screens/android/.cxx/RelWithDebInfo/606e585m/armeabi-v7a/CMakeFiles/rnscreens.dir/./
C/C++:   has 229 characters.  The maximum full path to an object file is 250
C/C++:   characters (see CMAKE_OBJECT_PATH_MAX).  Object file
C/C++:     src/main/cpp/OnLoad.cpp.o
C/C++:   cannot be safely placed under this directory.  The build may not work
C/C++:   correctly.
C/C++: CMake Warning in CMakeLists.txt:
C/C++:   The object file directory
C/C++:     C:/Users/flood/hiconnect/higo-platform/node_modules/.pnpm/react-native-screens@4.25.2_2ff10e5e35d62e75ef3e80445743cd5d/node_modules/react-native-screens/android/.cxx/RelWithDebInfo/606e585m/armeabi-v7a/CMakeFiles/rnscreens.dir/./
C/C++:   has 229 characters.  The maximum full path to an object file is 250
C/C++:   characters (see CMAKE_OBJECT_PATH_MAX).  Object file
C/C++:     src/main/cpp/jni-adapter.cpp.o
C/C++:   cannot be safely placed under this directory.  The build may not work
C/C++:   correctly.

> Task :react-native-worklets:buildCMakeRelWithDebInfo[armeabi-v7a][worklets]
C/C++: CMake Warning in CMakeLists.txt:
C/C++:   The object file directory
C/C++:     C:/Users/flood/hiconnect/higo-platform/node_modules/.pnpm/react-native-worklets@0.8.3_0c963d7fe504361936d05065f4a6a04d/node_modules/react-native-worklets/android/.cxx/RelWithDebInfo/3o5nu4n2/armeabi-v7a/CMakeFiles/worklets.dir/./
C/C++:   has 229 characters.  The maximum full path to an object file is 250
C/C++:   characters (see CMAKE_OBJECT_PATH_MAX).  Object file
C/C++:     C_/Users/flood/hiconnect/higo-platform/node_modules/.pnpm/react-native-worklets@0.8.3_0c963d7fe504361936d05065f4a6a04d/node_modules/react-native-worklets/Common/cpp/worklets/Resources/ShareableGuestUnpacker.cpp.o
C/C++:   cannot be safely placed under this directory.  The build may not work
C/C++:   correctly.
C/C++: CMake Warning in CMakeLists.txt:
C/C++:   The object file directory
C/C++:     C:/Users/flood/hiconnect/higo-platform/node_modules/.pnpm/react-native-worklets@0.8.3_0c963d7fe504361936d05065f4a6a04d/node_modules/react-native-worklets/android/.cxx/RelWithDebInfo/3o5nu4n2/armeabi-v7a/CMakeFiles/worklets.dir/./
C/C++:   has 229 characters.  The maximum full path to an object file is 250
C/C++:   characters (see CMAKE_OBJECT_PATH_MAX).  Object file
C/C++:     C_/Users/flood/hiconnect/higo-platform/node_modules/.pnpm/react-native-worklets@0.8.3_0c963d7fe504361936d05065f4a6a04d/node_modules/react-native-worklets/Common/cpp/worklets/Registries/WorkletRuntimeRegistry.cpp.o
C/C++:   cannot be safely placed under this directory.  The build may not work
C/C++:   correctly.
C/C++: CMake Warning in CMakeLists.txt:
C/C++:   The object file directory
C/C++:     C:/Users/flood/hiconnect/higo-platform/node_modules/.pnpm/react-native-worklets@0.8.3_0c963d7fe504361936d05065f4a6a04d/node_modules/react-native-worklets/android/.cxx/RelWithDebInfo/3o5nu4n2/armeabi-v7a/CMakeFiles/worklets.dir/./
C/C++:   has 229 characters.  The maximum full path to an object file is 250
C/C++:   characters (see CMAKE_OBJECT_PATH_MAX).  Object file
C/C++:     C_/Users/flood/hiconnect/higo-platform/node_modules/.pnpm/react-native-worklets@0.8.3_0c963d7fe504361936d05065f4a6a04d/node_modules/react-native-worklets/Common/cpp/worklets/Registries/EventHandlerRegistry.cpp.o
C/C++:   cannot be safely placed under this directory.  The build may not work
C/C++:   correctly.
C/C++: CMake Warning in CMakeLists.txt:
C/C++:   The object file directory
C/C++:     C:/Users/flood/hiconnect/higo-platform/node_modules/.pnpm/react-native-worklets@0.8.3_0c963d7fe504361936d05065f4a6a04d/node_modules/react-native-worklets/android/.cxx/RelWithDebInfo/3o5nu4n2/armeabi-v7a/CMakeFiles/worklets.dir/./
C/C++:   has 229 characters.  The maximum full path to an object file is 250
C/C++:   characters (see CMAKE_OBJECT_PATH_MAX).  Object file
C/C++:     C_/Users/flood/hiconnect/higo-platform/node_modules/.pnpm/react-native-worklets@0.8.3_0c963d7fe504361936d05065f4a6a04d/node_modules/react-native-worklets/Common/cpp/worklets/AnimationFrameQueue/AnimationFrameBatchinator.cpp.o
C/C++:   cannot be safely placed under this directory.  The build may not work
C/C++:   correctly.
C/C++: CMake Warning in CMakeLists.txt:
C/C++:   The object file directory
C/C++:     C:/Users/flood/hiconnect/higo-platform/node_modules/.pnpm/react-native-worklets@0.8.3_0c963d7fe504361936d05065f4a6a04d/node_modules/react-native-worklets/android/.cxx/RelWithDebInfo/3o5nu4n2/armeabi-v7a/CMakeFiles/worklets.dir/./
C/C++:   has 229 characters.  The maximum full path to an object file is 250
C/C++:   characters (see CMAKE_OBJECT_PATH_MAX).  Object file
C/C++:     C_/Users/flood/hiconnect/higo-platform/node_modules/.pnpm/react-native-worklets@0.8.3_0c963d7fe504361936d05065f4a6a04d/node_modules/react-native-worklets/Common/cpp/worklets/AnimationFrameQueue/AnimationFrameBatchinator.cpp.o
C/C++:   cannot be safely placed under this directory.  The build may not work
C/C++:   correctly.
C/C++: CMake Warning in CMakeLists.txt:
C/C++:   The object file directory
C/C++:     C:/Users/flood/hiconnect/higo-platform/node_modules/.pnpm/react-native-worklets@0.8.3_0c963d7fe504361936d05065f4a6a04d/node_modules/react-native-worklets/android/.cxx/RelWithDebInfo/3o5nu4n2/armeabi-v7a/CMakeFiles/worklets.dir/./
C/C++:   has 229 characters.  The maximum full path to an object file is 250
C/C++:   characters (see CMAKE_OBJECT_PATH_MAX).  Object file
C/C++:     C_/Users/flood/hiconnect/higo-platform/node_modules/.pnpm/react-native-worklets@0.8.3_0c963d7fe504361936d05065f4a6a04d/node_modules/react-native-worklets/Common/cpp/worklets/Resources/CustomSerializableUnpacker.cpp.o
C/C++:   cannot be safely placed under this directory.  The build may not work
C/C++:   correctly.
C/C++: CMake Warning in CMakeLists.txt:
C/C++:   The object file directory
C/C++:     C:/Users/flood/hiconnect/higo-platform/node_modules/.pnpm/react-native-worklets@0.8.3_0c963d7fe504361936d05065f4a6a04d/node_modules/react-native-worklets/android/.cxx/RelWithDebInfo/3o5nu4n2/armeabi-v7a/CMakeFiles/worklets.dir/./
C/C++:   has 229 characters.  The maximum full path to an object file is 250
C/C++:   characters (see CMAKE_OBJECT_PATH_MAX).  Object file
C/C++:     C_/Users/flood/hiconnect/higo-platform/node_modules/.pnpm/react-native-worklets@0.8.3_0c963d7fe504361936d05065f4a6a04d/node_modules/react-native-worklets/Common/cpp/worklets/Compat/StableApi.cpp.o
C/C++:   cannot be safely placed under this directory.  The build may not work
C/C++:   correctly.
C/C++: CMake Warning in CMakeLists.txt:
C/C++:   The object file directory
C/C++:     C:/Users/flood/hiconnect/higo-platform/node_modules/.pnpm/react-native-worklets@0.8.3_0c963d7fe504361936d05065f4a6a04d/node_modules/react-native-worklets/android/.cxx/RelWithDebInfo/3o5nu4n2/armeabi-v7a/CMakeFiles/worklets.dir/./
C/C++:   has 229 characters.  The maximum full path to an object file is 250
C/C++:   characters (see CMAKE_OBJECT_PATH_MAX).  Object file
C/C++:     C_/Users/flood/hiconnect/higo-platform/node_modules/.pnpm/react-native-worklets@0.8.3_0c963d7fe504361936d05065f4a6a04d/node_modules/react-native-worklets/Common/cpp/worklets/Registries/EventHandlerRegistry.cpp.o
C/C++:   cannot be safely placed under this directory.  The build may not work
C/C++:   correctly.
C/C++: CMake Warning in CMakeLists.txt:
C/C++:   The object file directory
C/C++:     C:/Users/flood/hiconnect/higo-platform/node_modules/.pnpm/react-native-worklets@0.8.3_0c963d7fe504361936d05065f4a6a04d/node_modules/react-native-worklets/android/.cxx/RelWithDebInfo/3o5nu4n2/armeabi-v7a/CMakeFiles/worklets.dir/./
C/C++:   has 229 characters.  The maximum full path to an object file is 250
C/C++:   characters (see CMAKE_OBJECT_PATH_MAX).  Object file
C/C++:     C_/Users/flood/hiconnect/higo-platform/node_modules/.pnpm/react-native-worklets@0.8.3_0c963d7fe504361936d05065f4a6a04d/node_modules/react-native-worklets/Common/cpp/worklets/Registries/EventHandlerRegistry.cpp.o
C/C++:   cannot be safely placed under this directory.  The build may not work
C/C++:   correctly.
C/C++: CMake Warning in CMakeLists.txt:
C/C++:   The object file directory
C/C++:     C:/Users/flood/hiconnect/higo-platform/node_modules/.pnpm/react-native-worklets@0.8.3_0c963d7fe504361936d05065f4a6a04d/node_modules/react-native-worklets/android/.cxx/RelWithDebInfo/3o5nu4n2/armeabi-v7a/CMakeFiles/worklets.dir/./
C/C++:   has 229 characters.  The maximum full path to an object file is 250
C/C++:   characters (see CMAKE_OBJECT_PATH_MAX).  Object file
C/C++:     C_/Users/flood/hiconnect/higo-platform/node_modules/.pnpm/react-native-worklets@0.8.3_0c963d7fe504361936d05065f4a6a04d/node_modules/react-native-worklets/Common/cpp/worklets/AnimationFrameQueue/AnimationFrameBatchinator.cpp.o
C/C++:   cannot be safely placed under this directory.  The build may not work
C/C++:   correctly.
C/C++: CMake Warning in CMakeLists.txt:
C/C++:   The object file directory
C/C++:     C:/Users/flood/hiconnect/higo-platform/node_modules/.pnpm/react-native-worklets@0.8.3_0c963d7fe504361936d05065f4a6a04d/node_modules/react-native-worklets/android/.cxx/RelWithDebInfo/3o5nu4n2/armeabi-v7a/CMakeFiles/worklets.dir/./
C/C++:   has 229 characters.  The maximum full path to an object file is 250
C/C++:   characters (see CMAKE_OBJECT_PATH_MAX).  Object file
C/C++:     C_/Users/flood/hiconnect/higo-platform/node_modules/.pnpm/react-native-worklets@0.8.3_0c963d7fe504361936d05065f4a6a04d/node_modules/react-native-worklets/Common/cpp/worklets/Registries/EventHandlerRegistry.cpp.o
C/C++:   cannot be safely placed under this directory.  The build may not work
C/C++:   correctly.

> Task :react-native-firebase_auth:verifyReleaseResources
> Task :react-native-firebase_crashlytics:verifyReleaseResources

> Task :react-native-screens:buildCMakeRelWithDebInfo[armeabi-v7a]
C/C++: CMake Warning in CMakeLists.txt:
C/C++:   The object file directory
C/C++:     C:/Users/flood/hiconnect/higo-platform/node_modules/.pnpm/react-native-screens@4.25.2_2ff10e5e35d62e75ef3e80445743cd5d/node_modules/react-native-screens/android/.cxx/RelWithDebInfo/606e585m/armeabi-v7a/CMakeFiles/rnscreens.dir/./
C/C++:   has 229 characters.  The maximum full path to an object file is 250
C/C++:   characters (see CMAKE_OBJECT_PATH_MAX).  Object file
C/C++:     C_/Users/flood/hiconnect/higo-platform/node_modules/.pnpm/react-native-screens@4.25.2_2ff10e5e35d62e75ef3e80445743cd5d/node_modules/react-native-screens/cpp/RNScreensTurboModule.cpp.o
C/C++:   cannot be safely placed under this directory.  The build may not work
C/C++:   correctly.
C/C++: CMake Warning in CMakeLists.txt:
C/C++:   The object file directory
C/C++:     C:/Users/flood/hiconnect/higo-platform/node_modules/.pnpm/react-native-screens@4.25.2_2ff10e5e35d62e75ef3e80445743cd5d/node_modules/react-native-screens/android/.cxx/RelWithDebInfo/606e585m/armeabi-v7a/CMakeFiles/rnscreens.dir/./
C/C++:   has 229 characters.  The maximum full path to an object file is 250
C/C++:   characters (see CMAKE_OBJECT_PATH_MAX).  Object file
C/C++:     C_/Users/flood/hiconnect/higo-platform/node_modules/.pnpm/react-native-screens@4.25.2_2ff10e5e35d62e75ef3e80445743cd5d/node_modules/react-native-screens/cpp/RNScreensTurboModule.cpp.o
C/C++:   cannot be safely placed under this directory.  The build may not work
C/C++:   correctly.
C/C++: CMake Warning in CMakeLists.txt:
C/C++:   The object file directory
C/C++:     C:/Users/flood/hiconnect/higo-platform/node_modules/.pnpm/react-native-screens@4.25.2_2ff10e5e35d62e75ef3e80445743cd5d/node_modules/react-native-screens/android/.cxx/RelWithDebInfo/606e585m/armeabi-v7a/CMakeFiles/rnscreens.dir/./
C/C++:   has 229 characters.  The maximum full path to an object file is 250
C/C++:   characters (see CMAKE_OBJECT_PATH_MAX).  Object file
C/C++:     C_/Users/flood/hiconnect/higo-platform/node_modules/.pnpm/react-native-screens@4.25.2_2ff10e5e35d62e75ef3e80445743cd5d/node_modules/react-native-screens/cpp/RNSScreenRemovalListener.cpp.o
C/C++:   cannot be safely placed under this directory.  The build may not work
C/C++:   correctly.
C/C++: CMake Warning in CMakeLists.txt:
C/C++:   The object file directory
C/C++:     C:/Users/flood/hiconnect/higo-platform/node_modules/.pnpm/react-native-screens@4.25.2_2ff10e5e35d62e75ef3e80445743cd5d/node_modules/react-native-screens/android/.cxx/RelWithDebInfo/606e585m/armeabi-v7a/CMakeFiles/rnscreens.dir/./
C/C++:   has 229 characters.  The maximum full path to an object file is 250
C/C++:   characters (see CMAKE_OBJECT_PATH_MAX).  Object file
C/C++:     src/main/cpp/jni-adapter.cpp.o
C/C++:   cannot be safely placed under this directory.  The build may not work
C/C++:   correctly.
C/C++: CMake Warning in CMakeLists.txt:
C/C++:   The object file directory
C/C++:     C:/Users/flood/hiconnect/higo-platform/node_modules/.pnpm/react-native-screens@4.25.2_2ff10e5e35d62e75ef3e80445743cd5d/node_modules/react-native-screens/android/.cxx/RelWithDebInfo/606e585m/armeabi-v7a/CMakeFiles/rnscreens.dir/./
C/C++:   has 229 characters.  The maximum full path to an object file is 250
C/C++:   characters (see CMAKE_OBJECT_PATH_MAX).  Object file
C/C++:     C_/Users/flood/hiconnect/higo-platform/node_modules/.pnpm/react-native-screens@4.25.2_2ff10e5e35d62e75ef3e80445743cd5d/node_modules/react-native-screens/cpp/RNScreensTurboModule.cpp.o
C/C++:   cannot be safely placed under this directory.  The build may not work
C/C++:   correctly.

> Task :react-native-worklets:buildCMakeRelWithDebInfo[armeabi-v7a][worklets]
C/C++: CMake Warning in CMakeLists.txt:
C/C++:   The object file directory
C/C++:     C:/Users/flood/hiconnect/higo-platform/node_modules/.pnpm/react-native-worklets@0.8.3_0c963d7fe504361936d05065f4a6a04d/node_modules/react-native-worklets/android/.cxx/RelWithDebInfo/3o5nu4n2/armeabi-v7a/CMakeFiles/worklets.dir/./
C/C++:   has 229 characters.  The maximum full path to an object file is 250
C/C++:   characters (see CMAKE_OBJECT_PATH_MAX).  Object file
C/C++:     C_/Users/flood/hiconnect/higo-platform/node_modules/.pnpm/react-native-worklets@0.8.3_0c963d7fe504361936d05065f4a6a04d/node_modules/react-native-worklets/Common/cpp/worklets/AnimationFrameQueue/AnimationFrameBatchinator.cpp.o
C/C++:   cannot be safely placed under this directory.  The build may not work
C/C++:   correctly.
C/C++: CMake Warning in CMakeLists.txt:
C/C++:   The object file directory
C/C++:     C:/Users/flood/hiconnect/higo-platform/node_modules/.pnpm/react-native-worklets@0.8.3_0c963d7fe504361936d05065f4a6a04d/node_modules/react-native-worklets/android/.cxx/RelWithDebInfo/3o5nu4n2/armeabi-v7a/CMakeFiles/worklets.dir/./
C/C++:   has 229 characters.  The maximum full path to an object file is 250
C/C++:   characters (see CMAKE_OBJECT_PATH_MAX).  Object file
C/C++:     C_/Users/flood/hiconnect/higo-platform/node_modules/.pnpm/react-native-worklets@0.8.3_0c963d7fe504361936d05065f4a6a04d/node_modules/react-native-worklets/Common/cpp/worklets/Resources/ShareableHostUnpacker.cpp.o
C/C++:   cannot be safely placed under this directory.  The build may not work
C/C++:   correctly.
C/C++: CMake Warning in CMakeLists.txt:
C/C++:   The object file directory
C/C++:     C:/Users/flood/hiconnect/higo-platform/node_modules/.pnpm/react-native-worklets@0.8.3_0c963d7fe504361936d05065f4a6a04d/node_modules/react-native-worklets/android/.cxx/RelWithDebInfo/3o5nu4n2/armeabi-v7a/CMakeFiles/worklets.dir/./
C/C++:   has 229 characters.  The maximum full path to an object file is 250
C/C++:   characters (see CMAKE_OBJECT_PATH_MAX).  Object file
C/C++:     C_/Users/flood/hiconnect/higo-platform/node_modules/.pnpm/react-native-worklets@0.8.3_0c963d7fe504361936d05065f4a6a04d/node_modules/react-native-worklets/Common/cpp/worklets/Resources/ShareableGuestUnpacker.cpp.o
C/C++:   cannot be safely placed under this directory.  The build may not work
C/C++:   correctly.
C/C++: CMake Warning in CMakeLists.txt:
C/C++:   The object file directory
C/C++:     C:/Users/flood/hiconnect/higo-platform/node_modules/.pnpm/react-native-worklets@0.8.3_0c963d7fe504361936d05065f4a6a04d/node_modules/react-native-worklets/android/.cxx/RelWithDebInfo/3o5nu4n2/armeabi-v7a/CMakeFiles/worklets.dir/./
C/C++:   has 229 characters.  The maximum full path to an object file is 250
C/C++:   characters (see CMAKE_OBJECT_PATH_MAX).  Object file
C/C++:     C_/Users/flood/hiconnect/higo-platform/node_modules/.pnpm/react-native-worklets@0.8.3_0c963d7fe504361936d05065f4a6a04d/node_modules/react-native-worklets/Common/cpp/worklets/Compat/StableApi.cpp.o
C/C++:   cannot be safely placed under this directory.  The build may not work
C/C++:   correctly.
C/C++: CMake Warning in CMakeLists.txt:
C/C++:   The object file directory
C/C++:     C:/Users/flood/hiconnect/higo-platform/node_modules/.pnpm/react-native-worklets@0.8.3_0c963d7fe504361936d05065f4a6a04d/node_modules/react-native-worklets/android/.cxx/RelWithDebInfo/3o5nu4n2/armeabi-v7a/CMakeFiles/worklets.dir/./
C/C++:   has 229 characters.  The maximum full path to an object file is 250
C/C++:   characters (see CMAKE_OBJECT_PATH_MAX).  Object file
C/C++:     C_/Users/flood/hiconnect/higo-platform/node_modules/.pnpm/react-native-worklets@0.8.3_0c963d7fe504361936d05065f4a6a04d/node_modules/react-native-worklets/Common/cpp/worklets/AnimationFrameQueue/AnimationFrameBatchinator.cpp.o
C/C++:   cannot be safely placed under this directory.  The build may not work
C/C++:   correctly.

> Task :react-native-firebase_crashlytics:assembleRelease

> Task :react-native-screens:buildCMakeRelWithDebInfo[armeabi-v7a]
C/C++: CMake Warning in CMakeLists.txt:
C/C++:   The object file directory
C/C++:     C:/Users/flood/hiconnect/higo-platform/node_modules/.pnpm/react-native-screens@4.25.2_2ff10e5e35d62e75ef3e80445743cd5d/node_modules/react-native-screens/android/.cxx/RelWithDebInfo/606e585m/armeabi-v7a/CMakeFiles/rnscreens.dir/./
C/C++:   has 229 characters.  The maximum full path to an object file is 250
C/C++:   characters (see CMAKE_OBJECT_PATH_MAX).  Object file
C/C++:     src/main/cpp/jni-adapter.cpp.o
C/C++:   cannot be safely placed under this directory.  The build may not work
C/C++:   correctly.
C/C++: CMake Warning in CMakeLists.txt:
C/C++:   The object file directory
C/C++:     C:/Users/flood/hiconnect/higo-platform/node_modules/.pnpm/react-native-screens@4.25.2_2ff10e5e35d62e75ef3e80445743cd5d/node_modules/react-native-screens/android/.cxx/RelWithDebInfo/606e585m/armeabi-v7a/CMakeFiles/rnscreens.dir/./
C/C++:   has 229 characters.  The maximum full path to an object file is 250
C/C++:   characters (see CMAKE_OBJECT_PATH_MAX).  Object file
C/C++:     src/main/cpp/jni-adapter.cpp.o
C/C++:   cannot be safely placed under this directory.  The build may not work
C/C++:   correctly.
C/C++: CMake Warning in CMakeLists.txt:
C/C++:   The object file directory
C/C++:     C:/Users/flood/hiconnect/higo-platform/node_modules/.pnpm/react-native-screens@4.25.2_2ff10e5e35d62e75ef3e80445743cd5d/node_modules/react-native-screens/android/.cxx/RelWithDebInfo/606e585m/armeabi-v7a/CMakeFiles/rnscreens.dir/./
C/C++:   has 229 characters.  The maximum full path to an object file is 250
C/C++:   characters (see CMAKE_OBJECT_PATH_MAX).  Object file
C/C++:     src/main/cpp/jni-adapter.cpp.o
C/C++:   cannot be safely placed under this directory.  The build may not work
C/C++:   correctly.

> Task :react-native-image-picker:bundleReleaseAar
> Task :react-native-image-picker:mapReleaseSourceSetPaths

> Task :react-native-worklets:buildCMakeRelWithDebInfo[armeabi-v7a][worklets]
C/C++: CMake Warning in CMakeLists.txt:
C/C++:   The object file directory
C/C++:     C:/Users/flood/hiconnect/higo-platform/node_modules/.pnpm/react-native-worklets@0.8.3_0c963d7fe504361936d05065f4a6a04d/node_modules/react-native-worklets/android/.cxx/RelWithDebInfo/3o5nu4n2/armeabi-v7a/CMakeFiles/worklets.dir/./
C/C++:   has 229 characters.  The maximum full path to an object file is 250
C/C++:   characters (see CMAKE_OBJECT_PATH_MAX).  Object file
C/C++:     C_/Users/flood/hiconnect/higo-platform/node_modules/.pnpm/react-native-worklets@0.8.3_0c963d7fe504361936d05065f4a6a04d/node_modules/react-native-worklets/Common/cpp/worklets/Registries/WorkletRuntimeRegistry.cpp.o
C/C++:   cannot be safely placed under this directory.  The build may not work
C/C++:   correctly.

> Task :react-native-firebase_auth:assembleRelease

> Task :react-native-screens:buildCMakeRelWithDebInfo[armeabi-v7a]
C/C++: CMake Warning in CMakeLists.txt:
C/C++:   The object file directory
C/C++:     C:/Users/flood/hiconnect/higo-platform/node_modules/.pnpm/react-native-screens@4.25.2_2ff10e5e35d62e75ef3e80445743cd5d/node_modules/react-native-screens/android/.cxx/RelWithDebInfo/606e585m/armeabi-v7a/CMakeFiles/rnscreens.dir/./
C/C++:   has 229 characters.  The maximum full path to an object file is 250
C/C++:   characters (see CMAKE_OBJECT_PATH_MAX).  Object file
C/C++:     src/main/cpp/jni-adapter.cpp.o
C/C++:   cannot be safely placed under this directory.  The build may not work
C/C++:   correctly.

> Task :react-native-maps:bundleReleaseAar

> Task :react-native-screens:buildCMakeRelWithDebInfo[armeabi-v7a]
C/C++: CMake Warning in CMakeLists.txt:
C/C++:   The object file directory
C/C++:     C:/Users/flood/hiconnect/higo-platform/node_modules/.pnpm/react-native-screens@4.25.2_2ff10e5e35d62e75ef3e80445743cd5d/node_modules/react-native-screens/android/.cxx/RelWithDebInfo/606e585m/armeabi-v7a/CMakeFiles/rnscreens.dir/./
C/C++:   has 229 characters.  The maximum full path to an object file is 250
C/C++:   characters (see CMAKE_OBJECT_PATH_MAX).  Object file
C/C++:     src/main/cpp/jni-adapter.cpp.o
C/C++:   cannot be safely placed under this directory.  The build may not work
C/C++:   correctly.

> Task :react-native-maps:mapReleaseSourceSetPaths

> Task :react-native-worklets:buildCMakeRelWithDebInfo[armeabi-v7a][worklets]
C/C++: CMake Warning in CMakeLists.txt:
C/C++:   The object file directory
C/C++:     C:/Users/flood/hiconnect/higo-platform/node_modules/.pnpm/react-native-worklets@0.8.3_0c963d7fe504361936d05065f4a6a04d/node_modules/react-native-worklets/android/.cxx/RelWithDebInfo/3o5nu4n2/armeabi-v7a/CMakeFiles/worklets.dir/./
C/C++:   has 229 characters.  The maximum full path to an object file is 250
C/C++:   characters (see CMAKE_OBJECT_PATH_MAX).  Object file
C/C++:     C_/Users/flood/hiconnect/higo-platform/node_modules/.pnpm/react-native-worklets@0.8.3_0c963d7fe504361936d05065f4a6a04d/node_modules/react-native-worklets/Common/cpp/worklets/Registries/WorkletRuntimeRegistry.cpp.o
C/C++:   cannot be safely placed under this directory.  The build may not work
C/C++:   correctly.

> Task :react-native-screens:buildCMakeRelWithDebInfo[armeabi-v7a] FAILED
C/C++: CMake Warning in CMakeLists.txt:
C/C++:   The object file directory
C/C++:     C:/Users/flood/hiconnect/higo-platform/node_modules/.pnpm/react-native-screens@4.25.2_2ff10e5e35d62e75ef3e80445743cd5d/node_modules/react-native-screens/android/.cxx/RelWithDebInfo/606e585m/armeabi-v7a/CMakeFiles/rnscreens.dir/./
C/C++:   has 229 characters.  The maximum full path to an object file is 250
C/C++:   characters (see CMAKE_OBJECT_PATH_MAX).  Object file
C/C++:     C_/Users/flood/hiconnect/higo-platform/node_modules/.pnpm/react-native-screens@4.25.2_2ff10e5e35d62e75ef3e80445743cd5d/node_modules/react-native-screens/cpp/RNScreensTurboModule.cpp.o
C/C++:   cannot be safely placed under this directory.  The build may not work
C/C++:   correctly.
C/C++: ninja: error: manifest 'build.ninja' still dirty after 100 tries

> Task :react-native-worklets:buildCMakeRelWithDebInfo[armeabi-v7a][worklets]
C/C++: CMake Warning in CMakeLists.txt:
C/C++:   The object file directory
C/C++:     C:/Users/flood/hiconnect/higo-platform/node_modules/.pnpm/react-native-worklets@0.8.3_0c963d7fe504361936d05065f4a6a04d/node_modules/react-native-worklets/android/.cxx/RelWithDebInfo/3o5nu4n2/armeabi-v7a/CMakeFiles/worklets.dir/./
C/C++:   has 229 characters.  The maximum full path to an object file is 250
C/C++:   characters (see CMAKE_OBJECT_PATH_MAX).  Object file
C/C++:     C_/Users/flood/hiconnect/higo-platform/node_modules/.pnpm/react-native-worklets@0.8.3_0c963d7fe504361936d05065f4a6a04d/node_modules/react-native-worklets/Common/cpp/worklets/NativeModules/WorkletsModuleProxy.cpp.o
C/C++:   cannot be safely placed under this directory.  The build may not work
C/C++:   correctly.
C/C++: CMake Warning in CMakeLists.txt:
C/C++:   The object file directory
C/C++:     C:/Users/flood/hiconnect/higo-platform/node_modules/.pnpm/react-native-worklets@0.8.3_0c963d7fe504361936d05065f4a6a04d/node_modules/react-native-worklets/android/.cxx/RelWithDebInfo/3o5nu4n2/armeabi-v7a/CMakeFiles/worklets.dir/./
C/C++:   has 229 characters.  The maximum full path to an object file is 250
C/C++:   characters (see CMAKE_OBJECT_PATH_MAX).  Object file
C/C++:     C_/Users/flood/hiconnect/higo-platform/node_modules/.pnpm/react-native-worklets@0.8.3_0c963d7fe504361936d05065f4a6a04d/node_modules/react-native-worklets/Common/cpp/worklets/Compat/StableApi.cpp.o
C/C++:   cannot be safely placed under this directory.  The build may not work
C/C++:   correctly.
C/C++: CMake Warning in CMakeLists.txt:
C/C++:   The object file directory
C/C++:     C:/Users/flood/hiconnect/higo-platform/node_modules/.pnpm/react-native-worklets@0.8.3_0c963d7fe504361936d05065f4a6a04d/node_modules/react-native-worklets/android/.cxx/RelWithDebInfo/3o5nu4n2/armeabi-v7a/CMakeFiles/worklets.dir/./
C/C++:   has 229 characters.  The maximum full path to an object file is 250
C/C++:   characters (see CMAKE_OBJECT_PATH_MAX).  Object file
C/C++:     C_/Users/flood/hiconnect/higo-platform/node_modules/.pnpm/react-native-worklets@0.8.3_0c963d7fe504361936d05065f4a6a04d/node_modules/react-native-worklets/Common/cpp/worklets/Registries/WorkletRuntimeRegistry.cpp.o
C/C++:   cannot be safely placed under this directory.  The build may not work
C/C++:   correctly.

> Task :react-native-image-picker:mergeReleaseResources

> Task :react-native-worklets:buildCMakeRelWithDebInfo[armeabi-v7a][worklets]
C/C++: CMake Warning in CMakeLists.txt:
C/C++:   The object file directory
C/C++:     C:/Users/flood/hiconnect/higo-platform/node_modules/.pnpm/react-native-worklets@0.8.3_0c963d7fe504361936d05065f4a6a04d/node_modules/react-native-worklets/android/.cxx/RelWithDebInfo/3o5nu4n2/armeabi-v7a/CMakeFiles/worklets.dir/./
C/C++:   has 229 characters.  The maximum full path to an object file is 250
C/C++:   characters (see CMAKE_OBJECT_PATH_MAX).  Object file
C/C++:     C_/Users/flood/hiconnect/higo-platform/node_modules/.pnpm/react-native-worklets@0.8.3_0c963d7fe504361936d05065f4a6a04d/node_modules/react-native-worklets/Common/cpp/worklets/AnimationFrameQueue/AnimationFrameBatchinator.cpp.o
C/C++:   cannot be safely placed under this directory.  The build may not work
C/C++:   correctly.
C/C++: CMake Warning in CMakeLists.txt:
C/C++:   The object file directory
C/C++:     C:/Users/flood/hiconnect/higo-platform/node_modules/.pnpm/react-native-worklets@0.8.3_0c963d7fe504361936d05065f4a6a04d/node_modules/react-native-worklets/android/.cxx/RelWithDebInfo/3o5nu4n2/armeabi-v7a/CMakeFiles/worklets.dir/./
C/C++:   has 229 characters.  The maximum full path to an object file is 250
C/C++:   characters (see CMAKE_OBJECT_PATH_MAX).  Object file
C/C++:     C_/Users/flood/hiconnect/higo-platform/node_modules/.pnpm/react-native-worklets@0.8.3_0c963d7fe504361936d05065f4a6a04d/node_modules/react-native-worklets/Common/cpp/worklets/Registries/EventHandlerRegistry.cpp.o
C/C++:   cannot be safely placed under this directory.  The build may not work
C/C++:   correctly.

> Task :react-native-maps:mergeReleaseResources

> Task :react-native-screens:configureCMakeRelWithDebInfo[x86]
C/C++: CMake Warning in C:/Users/flood/hiconnect/higo-platform/node_modules/.pnpm/react-native-screens@4.25.2_2ff10e5e35d62e75ef3e80445743cd5d/node_modules/react-native-screens/android/.cxx/RelWithDebInfo/606e585m/x86/CMakeFiles/CMakeTmp/CMakeLists.txt:
C/C++:   The object file directory
C/C++:     C:/Users/flood/hiconnect/higo-platform/node_modules/.pnpm/react-native-screens@4.25.2_2ff10e5e35d62e75ef3e80445743cd5d/node_modules/react-native-screens/android/.cxx/RelWithDebInfo/606e585m/x86/CMakeFiles/CMakeTmp/CMakeFiles/cmTC_82d09.dir/./
C/C++:   has 242 characters.  The maximum full path to an object file is 250
C/C++:   characters (see CMAKE_OBJECT_PATH_MAX).  Object file
C/C++:     CMakeCCompilerABI.c.o
C/C++:   cannot be safely placed under this directory.  The build may not work
C/C++:   correctly.
C/C++: CMake Warning in C:/Users/flood/hiconnect/higo-platform/node_modules/.pnpm/react-native-screens@4.25.2_2ff10e5e35d62e75ef3e80445743cd5d/node_modules/react-native-screens/android/.cxx/RelWithDebInfo/606e585m/x86/CMakeFiles/CMakeTmp/CMakeLists.txt:
C/C++:   The object file directory
C/C++:     C:/Users/flood/hiconnect/higo-platform/node_modules/.pnpm/react-native-screens@4.25.2_2ff10e5e35d62e75ef3e80445743cd5d/node_modules/react-native-screens/android/.cxx/RelWithDebInfo/606e585m/x86/CMakeFiles/CMakeTmp/CMakeFiles/cmTC_9f5a7.dir/./
C/C++:   has 242 characters.  The maximum full path to an object file is 250
C/C++:   characters (see CMAKE_OBJECT_PATH_MAX).  Object file
C/C++:     CMakeCXXCompilerABI.cpp.o
C/C++:   cannot be safely placed under this directory.  The build may not work
C/C++:   correctly.
C/C++: CMake Warning in CMakeLists.txt:
C/C++:   The object file directory
C/C++:     C:/Users/flood/hiconnect/higo-platform/node_modules/.pnpm/react-native-screens@4.25.2_2ff10e5e35d62e75ef3e80445743cd5d/node_modules/react-native-screens/android/.cxx/RelWithDebInfo/606e585m/x86/CMakeFiles/rnscreens.dir/./
C/C++:   has 221 characters.  The maximum full path to an object file is 250
C/C++:   characters (see CMAKE_OBJECT_PATH_MAX).  Object file
C/C++:     src/main/cpp/NativeProxy.cpp.o
C/C++:   cannot be safely placed under this directory.  The build may not work
C/C++:   correctly.

> Task :react-native-worklets:buildCMakeRelWithDebInfo[armeabi-v7a][worklets]
C/C++: CMake Warning in CMakeLists.txt:
C/C++:   The object file directory
C/C++:     C:/Users/flood/hiconnect/higo-platform/node_modules/.pnpm/react-native-worklets@0.8.3_0c963d7fe504361936d05065f4a6a04d/node_modules/react-native-worklets/android/.cxx/RelWithDebInfo/3o5nu4n2/armeabi-v7a/CMakeFiles/worklets.dir/./
C/C++:   has 229 characters.  The maximum full path to an object file is 250
C/C++:   characters (see CMAKE_OBJECT_PATH_MAX).  Object file
C/C++:     C_/Users/flood/hiconnect/higo-platform/node_modules/.pnpm/react-native-worklets@0.8.3_0c963d7fe504361936d05065f4a6a04d/node_modules/react-native-worklets/Common/cpp/worklets/Compat/StableApi.cpp.o
C/C++:   cannot be safely placed under this directory.  The build may not work
C/C++:   correctly.
C/C++: CMake Warning in CMakeLists.txt:
C/C++:   The object file directory
C/C++:     C:/Users/flood/hiconnect/higo-platform/node_modules/.pnpm/react-native-worklets@0.8.3_0c963d7fe504361936d05065f4a6a04d/node_modules/react-native-worklets/android/.cxx/RelWithDebInfo/3o5nu4n2/armeabi-v7a/CMakeFiles/worklets.dir/./
C/C++:   has 229 characters.  The maximum full path to an object file is 250
C/C++:   characters (see CMAKE_OBJECT_PATH_MAX).  Object file
C/C++:     C_/Users/flood/hiconnect/higo-platform/node_modules/.pnpm/react-native-worklets@0.8.3_0c963d7fe504361936d05065f4a6a04d/node_modules/react-native-worklets/Common/cpp/worklets/Registries/WorkletRuntimeRegistry.cpp.o
C/C++:   cannot be safely placed under this directory.  The build may not work
C/C++:   correctly.
C/C++: CMake Warning in CMakeLists.txt:
C/C++:   The object file directory
C/C++:     C:/Users/flood/hiconnect/higo-platform/node_modules/.pnpm/react-native-worklets@0.8.3_0c963d7fe504361936d05065f4a6a04d/node_modules/react-native-worklets/android/.cxx/RelWithDebInfo/3o5nu4n2/armeabi-v7a/CMakeFiles/worklets.dir/./
C/C++:   has 229 characters.  The maximum full path to an object file is 250
C/C++:   characters (see CMAKE_OBJECT_PATH_MAX).  Object file
C/C++:     C_/Users/flood/hiconnect/higo-platform/node_modules/.pnpm/react-native-worklets@0.8.3_0c963d7fe504361936d05065f4a6a04d/node_modules/react-native-worklets/Common/cpp/worklets/Resources/CustomSerializableUnpacker.cpp.o
C/C++:   cannot be safely placed under this directory.  The build may not work
C/C++:   correctly.
C/C++: CMake Warning in CMakeLists.txt:
C/C++:   The object file directory
C/C++:     C:/Users/flood/hiconnect/higo-platform/node_modules/.pnpm/react-native-worklets@0.8.3_0c963d7fe504361936d05065f4a6a04d/node_modules/react-native-worklets/android/.cxx/RelWithDebInfo/3o5nu4n2/armeabi-v7a/CMakeFiles/worklets.dir/./
C/C++:   has 229 characters.  The maximum full path to an object file is 250
C/C++:   characters (see CMAKE_OBJECT_PATH_MAX).  Object file
C/C++:     C_/Users/flood/hiconnect/higo-platform/node_modules/.pnpm/react-native-worklets@0.8.3_0c963d7fe504361936d05065f4a6a04d/node_modules/react-native-worklets/Common/cpp/worklets/Resources/ShareableGuestUnpacker.cpp.o
C/C++:   cannot be safely placed under this directory.  The build may not work
C/C++:   correctly.
C/C++: CMake Warning in CMakeLists.txt:
C/C++:   The object file directory
C/C++:     C:/Users/flood/hiconnect/higo-platform/node_modules/.pnpm/react-native-worklets@0.8.3_0c963d7fe504361936d05065f4a6a04d/node_modules/react-native-worklets/android/.cxx/RelWithDebInfo/3o5nu4n2/armeabi-v7a/CMakeFiles/worklets.dir/./
C/C++:   has 229 characters.  The maximum full path to an object file is 250
C/C++:   characters (see CMAKE_OBJECT_PATH_MAX).  Object file
C/C++:     C_/Users/flood/hiconnect/higo-platform/node_modules/.pnpm/react-native-worklets@0.8.3_0c963d7fe504361936d05065f4a6a04d/node_modules/react-native-worklets/Common/cpp/worklets/NativeModules/JSIWorkletsModuleProxy.cpp.o
C/C++:   cannot be safely placed under this directory.  The build may not work
C/C++:   correctly.

> Task :react-native-image-picker:verifyReleaseResources
> Task :react-native-maps:verifyReleaseResources

> Task :react-native-screens:buildCMakeRelWithDebInfo[x86]
C/C++: CMake Warning in CMakeLists.txt:
C/C++:   The object file directory
C/C++:     C:/Users/flood/hiconnect/higo-platform/node_modules/.pnpm/react-native-screens@4.25.2_2ff10e5e35d62e75ef3e80445743cd5d/node_modules/react-native-screens/android/.cxx/RelWithDebInfo/606e585m/x86/CMakeFiles/rnscreens.dir/./
C/C++:   has 221 characters.  The maximum full path to an object file is 250
C/C++:   characters (see CMAKE_OBJECT_PATH_MAX).  Object file
C/C++:     src/main/cpp/NativeProxy.cpp.o
C/C++:   cannot be safely placed under this directory.  The build may not work
C/C++:   correctly.
C/C++: CMake Warning in CMakeLists.txt:
C/C++:   The object file directory
C/C++:     C:/Users/flood/hiconnect/higo-platform/node_modules/.pnpm/react-native-screens@4.25.2_2ff10e5e35d62e75ef3e80445743cd5d/node_modules/react-native-screens/android/.cxx/RelWithDebInfo/606e585m/x86/CMakeFiles/rnscreens.dir/./
C/C++:   has 221 characters.  The maximum full path to an object file is 250
C/C++:   characters (see CMAKE_OBJECT_PATH_MAX).  Object file
C/C++:     src/main/cpp/jni-adapter.cpp.o
C/C++:   cannot be safely placed under this directory.  The build may not work
C/C++:   correctly.
C/C++: CMake Warning in CMakeLists.txt:
C/C++:   The object file directory
C/C++:     C:/Users/flood/hiconnect/higo-platform/node_modules/.pnpm/react-native-screens@4.25.2_2ff10e5e35d62e75ef3e80445743cd5d/node_modules/react-native-screens/android/.cxx/RelWithDebInfo/606e585m/x86/CMakeFiles/rnscreens.dir/./
C/C++:   has 221 characters.  The maximum full path to an object file is 250
C/C++:   characters (see CMAKE_OBJECT_PATH_MAX).  Object file
C/C++:     C_/Users/flood/hiconnect/higo-platform/node_modules/.pnpm/react-native-screens@4.25.2_2ff10e5e35d62e75ef3e80445743cd5d/node_modules/react-native-screens/cpp/RNScreensTurboModule.cpp.o
C/C++:   cannot be safely placed under this directory.  The build may not work
C/C++:   correctly.
C/C++: CMake Warning in CMakeLists.txt:
C/C++:   The object file directory
C/C++:     C:/Users/flood/hiconnect/higo-platform/node_modules/.pnpm/react-native-screens@4.25.2_2ff10e5e35d62e75ef3e80445743cd5d/node_modules/react-native-screens/android/.cxx/RelWithDebInfo/606e585m/x86/CMakeFiles/rnscreens.dir/./
C/C++:   has 221 characters.  The maximum full path to an object file is 250
C/C++:   characters (see CMAKE_OBJECT_PATH_MAX).  Object file
C/C++:     src/main/cpp/jni-adapter.cpp.o
C/C++:   cannot be safely placed under this directory.  The build may not work
C/C++:   correctly.
C/C++: CMake Warning in CMakeLists.txt:
C/C++:   The object file directory
C/C++:     C:/Users/flood/hiconnect/higo-platform/node_modules/.pnpm/react-native-screens@4.25.2_2ff10e5e35d62e75ef3e80445743cd5d/node_modules/react-native-screens/android/.cxx/RelWithDebInfo/606e585m/x86/CMakeFiles/rnscreens.dir/./
C/C++:   has 221 characters.  The maximum full path to an object file is 250
C/C++:   characters (see CMAKE_OBJECT_PATH_MAX).  Object file
C/C++:     C_/Users/flood/hiconnect/higo-platform/node_modules/.pnpm/react-native-screens@4.25.2_2ff10e5e35d62e75ef3e80445743cd5d/node_modules/react-native-screens/cpp/RNSScreenRemovalListener.cpp.o
C/C++:   cannot be safely placed under this directory.  The build may not work
C/C++:   correctly.
C/C++: CMake Warning in CMakeLists.txt:
C/C++:   The object file directory
C/C++:     C:/Users/flood/hiconnect/higo-platform/node_modules/.pnpm/react-native-screens@4.25.2_2ff10e5e35d62e75ef3e80445743cd5d/node_modules/react-native-screens/android/.cxx/RelWithDebInfo/606e585m/x86/CMakeFiles/rnscreens.dir/./
C/C++:   has 221 characters.  The maximum full path to an object file is 250
C/C++:   characters (see CMAKE_OBJECT_PATH_MAX).  Object file
C/C++:     src/main/cpp/jni-adapter.cpp.o
C/C++:   cannot be safely placed under this directory.  The build may not work
C/C++:   correctly.
C/C++: CMake Warning in CMakeLists.txt:
C/C++:   The object file directory
C/C++:     C:/Users/flood/hiconnect/higo-platform/node_modules/.pnpm/react-native-screens@4.25.2_2ff10e5e35d62e75ef3e80445743cd5d/node_modules/react-native-screens/android/.cxx/RelWithDebInfo/606e585m/x86/CMakeFiles/rnscreens.dir/./
C/C++:   has 221 characters.  The maximum full path to an object file is 250
C/C++:   characters (see CMAKE_OBJECT_PATH_MAX).  Object file
C/C++:     C_/Users/flood/hiconnect/higo-platform/node_modules/.pnpm/react-native-screens@4.25.2_2ff10e5e35d62e75ef3e80445743cd5d/node_modules/react-native-screens/cpp/RNSScreenRemovalListener.cpp.o
C/C++:   cannot be safely placed under this directory.  The build may not work
C/C++:   correctly.
C/C++: CMake Warning in CMakeLists.txt:
C/C++:   The object file directory
C/C++:     C:/Users/flood/hiconnect/higo-platform/node_modules/.pnpm/react-native-screens@4.25.2_2ff10e5e35d62e75ef3e80445743cd5d/node_modules/react-native-screens/android/.cxx/RelWithDebInfo/606e585m/x86/CMakeFiles/rnscreens.dir/./
C/C++:   has 221 characters.  The maximum full path to an object file is 250
C/C++:   characters (see CMAKE_OBJECT_PATH_MAX).  Object file
C/C++:     C_/Users/flood/hiconnect/higo-platform/node_modules/.pnpm/react-native-screens@4.25.2_2ff10e5e35d62e75ef3e80445743cd5d/node_modules/react-native-screens/cpp/RNScreensTurboModule.cpp.o
C/C++:   cannot be safely placed under this directory.  The build may not work
C/C++:   correctly.
C/C++: CMake Warning in CMakeLists.txt:
C/C++:   The object file directory
C/C++:     C:/Users/flood/hiconnect/higo-platform/node_modules/.pnpm/react-native-screens@4.25.2_2ff10e5e35d62e75ef3e80445743cd5d/node_modules/react-native-screens/android/.cxx/RelWithDebInfo/606e585m/x86/CMakeFiles/rnscreens.dir/./
C/C++:   has 221 characters.  The maximum full path to an object file is 250
C/C++:   characters (see CMAKE_OBJECT_PATH_MAX).  Object file
C/C++:     C_/Users/flood/hiconnect/higo-platform/node_modules/.pnpm/react-native-screens@4.25.2_2ff10e5e35d62e75ef3e80445743cd5d/node_modules/react-native-screens/cpp/RNSScreenRemovalListener.cpp.o
C/C++:   cannot be safely placed under this directory.  The build may not work
C/C++:   correctly.
C/C++: CMake Warning in CMakeLists.txt:
C/C++:   The object file directory
C/C++:     C:/Users/flood/hiconnect/higo-platform/node_modules/.pnpm/react-native-screens@4.25.2_2ff10e5e35d62e75ef3e80445743cd5d/node_modules/react-native-screens/android/.cxx/RelWithDebInfo/606e585m/x86/CMakeFiles/rnscreens.dir/./
C/C++:   has 221 characters.  The maximum full path to an object file is 250
C/C++:   characters (see CMAKE_OBJECT_PATH_MAX).  Object file
C/C++:     src/main/cpp/jni-adapter.cpp.o
C/C++:   cannot be safely placed under this directory.  The build may not work
C/C++:   correctly.
C/C++: CMake Warning in CMakeLists.txt:
C/C++:   The object file directory
C/C++:     C:/Users/flood/hiconnect/higo-platform/node_modules/.pnpm/react-native-screens@4.25.2_2ff10e5e35d62e75ef3e80445743cd5d/node_modules/react-native-screens/android/.cxx/RelWithDebInfo/606e585m/x86/CMakeFiles/rnscreens.dir/./
C/C++:   has 221 characters.  The maximum full path to an object file is 250
C/C++:   characters (see CMAKE_OBJECT_PATH_MAX).  Object file
C/C++:     src/main/cpp/jni-adapter.cpp.o
C/C++:   cannot be safely placed under this directory.  The build may not work
C/C++:   correctly.
C/C++: CMake Warning in CMakeLists.txt:
C/C++:   The object file directory
C/C++:     C:/Users/flood/hiconnect/higo-platform/node_modules/.pnpm/react-native-screens@4.25.2_2ff10e5e35d62e75ef3e80445743cd5d/node_modules/react-native-screens/android/.cxx/RelWithDebInfo/606e585m/x86/CMakeFiles/rnscreens.dir/./
C/C++:   has 221 characters.  The maximum full path to an object file is 250
C/C++:   characters (see CMAKE_OBJECT_PATH_MAX).  Object file
C/C++:     src/main/cpp/NativeProxy.cpp.o
C/C++:   cannot be safely placed under this directory.  The build may not work
C/C++:   correctly.
C/C++: CMake Warning in CMakeLists.txt:
C/C++:   The object file directory
C/C++:     C:/Users/flood/hiconnect/higo-platform/node_modules/.pnpm/react-native-screens@4.25.2_2ff10e5e35d62e75ef3e80445743cd5d/node_modules/react-native-screens/android/.cxx/RelWithDebInfo/606e585m/x86/CMakeFiles/rnscreens.dir/./
C/C++:   has 221 characters.  The maximum full path to an object file is 250
C/C++:   characters (see CMAKE_OBJECT_PATH_MAX).  Object file
C/C++:     C_/Users/flood/hiconnect/higo-platform/node_modules/.pnpm/react-native-screens@4.25.2_2ff10e5e35d62e75ef3e80445743cd5d/node_modules/react-native-screens/cpp/RNSScreenRemovalListener.cpp.o
C/C++:   cannot be safely placed under this directory.  The build may not work
C/C++:   correctly.
C/C++: CMake Warning in CMakeLists.txt:
C/C++:   The object file directory
C/C++:     C:/Users/flood/hiconnect/higo-platform/node_modules/.pnpm/react-native-screens@4.25.2_2ff10e5e35d62e75ef3e80445743cd5d/node_modules/react-native-screens/android/.cxx/RelWithDebInfo/606e585m/x86/CMakeFiles/rnscreens.dir/./
C/C++:   has 221 characters.  The maximum full path to an object file is 250
C/C++:   characters (see CMAKE_OBJECT_PATH_MAX).  Object file
C/C++:     C_/Users/flood/hiconnect/higo-platform/node_modules/.pnpm/react-native-screens@4.25.2_2ff10e5e35d62e75ef3e80445743cd5d/node_modules/react-native-screens/cpp/RNSScreenRemovalListener.cpp.o
C/C++:   cannot be safely placed under this directory.  The build may not work
C/C++:   correctly.
C/C++: CMake Warning in CMakeLists.txt:
C/C++:   The object file directory
C/C++:     C:/Users/flood/hiconnect/higo-platform/node_modules/.pnpm/react-native-screens@4.25.2_2ff10e5e35d62e75ef3e80445743cd5d/node_modules/react-native-screens/android/.cxx/RelWithDebInfo/606e585m/x86/CMakeFiles/rnscreens.dir/./
C/C++:   has 221 characters.  The maximum full path to an object file is 250
C/C++:   characters (see CMAKE_OBJECT_PATH_MAX).  Object file
C/C++:     src/main/cpp/NativeProxy.cpp.o
C/C++:   cannot be safely placed under this directory.  The build may not work
C/C++:   correctly.
C/C++: CMake Warning in CMakeLists.txt:
C/C++:   The object file directory
C/C++:     C:/Users/flood/hiconnect/higo-platform/node_modules/.pnpm/react-native-screens@4.25.2_2ff10e5e35d62e75ef3e80445743cd5d/node_modules/react-native-screens/android/.cxx/RelWithDebInfo/606e585m/x86/CMakeFiles/rnscreens.dir/./
C/C++:   has 221 characters.  The maximum full path to an object file is 250
C/C++:   characters (see CMAKE_OBJECT_PATH_MAX).  Object file
C/C++:     src/main/cpp/NativeProxy.cpp.o
C/C++:   cannot be safely placed under this directory.  The build may not work
C/C++:   correctly.
C/C++: CMake Warning in CMakeLists.txt:
C/C++:   The object file directory
C/C++:     C:/Users/flood/hiconnect/higo-platform/node_modules/.pnpm/react-native-screens@4.25.2_2ff10e5e35d62e75ef3e80445743cd5d/node_modules/react-native-screens/android/.cxx/RelWithDebInfo/606e585m/x86/CMakeFiles/rnscreens.dir/./
C/C++:   has 221 characters.  The maximum full path to an object file is 250
C/C++:   characters (see CMAKE_OBJECT_PATH_MAX).  Object file
C/C++:     C_/Users/flood/hiconnect/higo-platform/node_modules/.pnpm/react-native-screens@4.25.2_2ff10e5e35d62e75ef3e80445743cd5d/node_modules/react-native-screens/cpp/RNSScreenRemovalListener.cpp.o
C/C++:   cannot be safely placed under this directory.  The build may not work
C/C++:   correctly.

> Task :react-native-worklets:buildCMakeRelWithDebInfo[armeabi-v7a][worklets]
C/C++: CMake Warning in CMakeLists.txt:
C/C++:   The object file directory
C/C++:     C:/Users/flood/hiconnect/higo-platform/node_modules/.pnpm/react-native-worklets@0.8.3_0c963d7fe504361936d05065f4a6a04d/node_modules/react-native-worklets/android/.cxx/RelWithDebInfo/3o5nu4n2/armeabi-v7a/CMakeFiles/worklets.dir/./
C/C++:   has 229 characters.  The maximum full path to an object file is 250
C/C++:   characters (see CMAKE_OBJECT_PATH_MAX).  Object file
C/C++:     C_/Users/flood/hiconnect/higo-platform/node_modules/.pnpm/react-native-worklets@0.8.3_0c963d7fe504361936d05065f4a6a04d/node_modules/react-native-worklets/Common/cpp/worklets/Registries/EventHandlerRegistry.cpp.o
C/C++:   cannot be safely placed under this directory.  The build may not work
C/C++:   correctly.
C/C++: CMake Warning in CMakeLists.txt:
C/C++:   The object file directory
C/C++:     C:/Users/flood/hiconnect/higo-platform/node_modules/.pnpm/react-native-worklets@0.8.3_0c963d7fe504361936d05065f4a6a04d/node_modules/react-native-worklets/android/.cxx/RelWithDebInfo/3o5nu4n2/armeabi-v7a/CMakeFiles/worklets.dir/./
C/C++:   has 229 characters.  The maximum full path to an object file is 250
C/C++:   characters (see CMAKE_OBJECT_PATH_MAX).  Object file
C/C++:     C_/Users/flood/hiconnect/higo-platform/node_modules/.pnpm/react-native-worklets@0.8.3_0c963d7fe504361936d05065f4a6a04d/node_modules/react-native-worklets/Common/cpp/worklets/Resources/ShareableHostUnpacker.cpp.o
C/C++:   cannot be safely placed under this directory.  The build may not work
C/C++:   correctly.
C/C++: CMake Warning in CMakeLists.txt:
C/C++:   The object file directory
C/C++:     C:/Users/flood/hiconnect/higo-platform/node_modules/.pnpm/react-native-worklets@0.8.3_0c963d7fe504361936d05065f4a6a04d/node_modules/react-native-worklets/android/.cxx/RelWithDebInfo/3o5nu4n2/armeabi-v7a/CMakeFiles/worklets.dir/./
C/C++:   has 229 characters.  The maximum full path to an object file is 250
C/C++:   characters (see CMAKE_OBJECT_PATH_MAX).  Object file
C/C++:     C_/Users/flood/hiconnect/higo-platform/node_modules/.pnpm/react-native-worklets@0.8.3_0c963d7fe504361936d05065f4a6a04d/node_modules/react-native-worklets/Common/cpp/worklets/NativeModules/JSIWorkletsModuleProxy.cpp.o
C/C++:   cannot be safely placed under this directory.  The build may not work
C/C++:   correctly.
C/C++: CMake Warning in CMakeLists.txt:
C/C++:   The object file directory
C/C++:     C:/Users/flood/hiconnect/higo-platform/node_modules/.pnpm/react-native-worklets@0.8.3_0c963d7fe504361936d05065f4a6a04d/node_modules/react-native-worklets/android/.cxx/RelWithDebInfo/3o5nu4n2/armeabi-v7a/CMakeFiles/worklets.dir/./
C/C++:   has 229 characters.  The maximum full path to an object file is 250
C/C++:   characters (see CMAKE_OBJECT_PATH_MAX).  Object file
C/C++:     C_/Users/flood/hiconnect/higo-platform/node_modules/.pnpm/react-native-worklets@0.8.3_0c963d7fe504361936d05065f4a6a04d/node_modules/react-native-worklets/Common/cpp/worklets/Compat/StableApi.cpp.o
C/C++:   cannot be safely placed under this directory.  The build may not work
C/C++:   correctly.
C/C++: CMake Warning in CMakeLists.txt:
C/C++:   The object file directory
C/C++:     C:/Users/flood/hiconnect/higo-platform/node_modules/.pnpm/react-native-worklets@0.8.3_0c963d7fe504361936d05065f4a6a04d/node_modules/react-native-worklets/android/.cxx/RelWithDebInfo/3o5nu4n2/armeabi-v7a/CMakeFiles/worklets.dir/./
C/C++:   has 229 characters.  The maximum full path to an object file is 250
C/C++:   characters (see CMAKE_OBJECT_PATH_MAX).  Object file
C/C++:     C_/Users/flood/hiconnect/higo-platform/node_modules/.pnpm/react-native-worklets@0.8.3_0c963d7fe504361936d05065f4a6a04d/node_modules/react-native-worklets/Common/cpp/worklets/Compat/StableApi.cpp.o
C/C++:   cannot be safely placed under this directory.  The build may not work
C/C++:   correctly.
C/C++: CMake Warning in CMakeLists.txt:
C/C++:   The object file directory
C/C++:     C:/Users/flood/hiconnect/higo-platform/node_modules/.pnpm/react-native-worklets@0.8.3_0c963d7fe504361936d05065f4a6a04d/node_modules/react-native-worklets/android/.cxx/RelWithDebInfo/3o5nu4n2/armeabi-v7a/CMakeFiles/worklets.dir/./
C/C++:   has 229 characters.  The maximum full path to an object file is 250
C/C++:   characters (see CMAKE_OBJECT_PATH_MAX).  Object file
C/C++:     C_/Users/flood/hiconnect/higo-platform/node_modules/.pnpm/react-native-worklets@0.8.3_0c963d7fe504361936d05065f4a6a04d/node_modules/react-native-worklets/Common/cpp/worklets/Resources/ValueUnpacker.cpp.o
C/C++:   cannot be safely placed under this directory.  The build may not work
C/C++:   correctly.
C/C++: CMake Warning in CMakeLists.txt:
C/C++:   The object file directory
C/C++:     C:/Users/flood/hiconnect/higo-platform/node_modules/.pnpm/react-native-worklets@0.8.3_0c963d7fe504361936d05065f4a6a04d/node_modules/react-native-worklets/android/.cxx/RelWithDebInfo/3o5nu4n2/armeabi-v7a/CMakeFiles/worklets.dir/./
C/C++:   has 229 characters.  The maximum full path to an object file is 250
C/C++:   characters (see CMAKE_OBJECT_PATH_MAX).  Object file
C/C++:     C_/Users/flood/hiconnect/higo-platform/node_modules/.pnpm/react-native-worklets@0.8.3_0c963d7fe504361936d05065f4a6a04d/node_modules/react-native-worklets/Common/cpp/worklets/Resources/ShareableHostUnpacker.cpp.o
C/C++:   cannot be safely placed under this directory.  The build may not work
C/C++:   correctly.
C/C++: CMake Warning in CMakeLists.txt:
C/C++:   The object file directory
C/C++:     C:/Users/flood/hiconnect/higo-platform/node_modules/.pnpm/react-native-worklets@0.8.3_0c963d7fe504361936d05065f4a6a04d/node_modules/react-native-worklets/android/.cxx/RelWithDebInfo/3o5nu4n2/armeabi-v7a/CMakeFiles/worklets.dir/./
C/C++:   has 229 characters.  The maximum full path to an object file is 250
C/C++:   characters (see CMAKE_OBJECT_PATH_MAX).  Object file
C/C++:     C_/Users/flood/hiconnect/higo-platform/node_modules/.pnpm/react-native-worklets@0.8.3_0c963d7fe504361936d05065f4a6a04d/node_modules/react-native-worklets/Common/cpp/worklets/Resources/ShareableGuestUnpacker.cpp.o
C/C++:   cannot be safely placed under this directory.  The build may not work
C/C++:   correctly.

> Task :react-native-maps:assembleRelease

> Task :react-native-screens:buildCMakeRelWithDebInfo[x86]
C/C++: CMake Warning in CMakeLists.txt:
C/C++:   The object file directory
C/C++:     C:/Users/flood/hiconnect/higo-platform/node_modules/.pnpm/react-native-screens@4.25.2_2ff10e5e35d62e75ef3e80445743cd5d/node_modules/react-native-screens/android/.cxx/RelWithDebInfo/606e585m/x86/CMakeFiles/rnscreens.dir/./
C/C++:   has 221 characters.  The maximum full path to an object file is 250
C/C++:   characters (see CMAKE_OBJECT_PATH_MAX).  Object file
C/C++:     src/main/cpp/NativeProxy.cpp.o
C/C++:   cannot be safely placed under this directory.  The build may not work
C/C++:   correctly.
C/C++: CMake Warning in CMakeLists.txt:
C/C++:   The object file directory
C/C++:     C:/Users/flood/hiconnect/higo-platform/node_modules/.pnpm/react-native-screens@4.25.2_2ff10e5e35d62e75ef3e80445743cd5d/node_modules/react-native-screens/android/.cxx/RelWithDebInfo/606e585m/x86/CMakeFiles/rnscreens.dir/./
C/C++:   has 221 characters.  The maximum full path to an object file is 250
C/C++:   characters (see CMAKE_OBJECT_PATH_MAX).  Object file
C/C++:     src/main/cpp/NativeProxy.cpp.o
C/C++:   cannot be safely placed under this directory.  The build may not work
C/C++:   correctly.

> Task :react-native-safe-area-context:bundleReleaseAar
> Task :react-native-safe-area-context:mapReleaseSourceSetPaths
> Task :react-native-image-picker:assembleRelease
> Task :react-native-svg:bundleReleaseAar
> Task :react-native-svg:mapReleaseSourceSetPaths

> Task :react-native-worklets:buildCMakeRelWithDebInfo[armeabi-v7a][worklets]
C/C++: CMake Warning in CMakeLists.txt:
C/C++:   The object file directory
C/C++:     C:/Users/flood/hiconnect/higo-platform/node_modules/.pnpm/react-native-worklets@0.8.3_0c963d7fe504361936d05065f4a6a04d/node_modules/react-native-worklets/android/.cxx/RelWithDebInfo/3o5nu4n2/armeabi-v7a/CMakeFiles/worklets.dir/./
C/C++:   has 229 characters.  The maximum full path to an object file is 250
C/C++:   characters (see CMAKE_OBJECT_PATH_MAX).  Object file
C/C++:     C_/Users/flood/hiconnect/higo-platform/node_modules/.pnpm/react-native-worklets@0.8.3_0c963d7fe504361936d05065f4a6a04d/node_modules/react-native-worklets/Common/cpp/worklets/Resources/CustomSerializableUnpacker.cpp.o
C/C++:   cannot be safely placed under this directory.  The build may not work
C/C++:   correctly.
C/C++: CMake Warning in CMakeLists.txt:
C/C++:   The object file directory
C/C++:     C:/Users/flood/hiconnect/higo-platform/node_modules/.pnpm/react-native-worklets@0.8.3_0c963d7fe504361936d05065f4a6a04d/node_modules/react-native-worklets/android/.cxx/RelWithDebInfo/3o5nu4n2/armeabi-v7a/CMakeFiles/worklets.dir/./
C/C++:   has 229 characters.  The maximum full path to an object file is 250
C/C++:   characters (see CMAKE_OBJECT_PATH_MAX).  Object file
C/C++:     C_/Users/flood/hiconnect/higo-platform/node_modules/.pnpm/react-native-worklets@0.8.3_0c963d7fe504361936d05065f4a6a04d/node_modules/react-native-worklets/Common/cpp/worklets/Compat/StableApi.cpp.o
C/C++:   cannot be safely placed under this directory.  The build may not work
C/C++:   correctly.
C/C++: CMake Warning in CMakeLists.txt:
C/C++:   The object file directory
C/C++:     C:/Users/flood/hiconnect/higo-platform/node_modules/.pnpm/react-native-worklets@0.8.3_0c963d7fe504361936d05065f4a6a04d/node_modules/react-native-worklets/android/.cxx/RelWithDebInfo/3o5nu4n2/armeabi-v7a/CMakeFiles/worklets.dir/./
C/C++:   has 229 characters.  The maximum full path to an object file is 250
C/C++:   characters (see CMAKE_OBJECT_PATH_MAX).  Object file
C/C++:     C_/Users/flood/hiconnect/higo-platform/node_modules/.pnpm/react-native-worklets@0.8.3_0c963d7fe504361936d05065f4a6a04d/node_modules/react-native-worklets/Common/cpp/worklets/Registries/WorkletRuntimeRegistry.cpp.o
C/C++:   cannot be safely placed under this directory.  The build may not work
C/C++:   correctly.
C/C++: CMake Warning in CMakeLists.txt:
C/C++:   The object file directory
C/C++:     C:/Users/flood/hiconnect/higo-platform/node_modules/.pnpm/react-native-worklets@0.8.3_0c963d7fe504361936d05065f4a6a04d/node_modules/react-native-worklets/android/.cxx/RelWithDebInfo/3o5nu4n2/armeabi-v7a/CMakeFiles/worklets.dir/./
C/C++:   has 229 characters.  The maximum full path to an object file is 250
C/C++:   characters (see CMAKE_OBJECT_PATH_MAX).  Object file
C/C++:     C_/Users/flood/hiconnect/higo-platform/node_modules/.pnpm/react-native-worklets@0.8.3_0c963d7fe504361936d05065f4a6a04d/node_modules/react-native-worklets/Common/cpp/worklets/NativeModules/JSIWorkletsModuleProxy.cpp.o
C/C++:   cannot be safely placed under this directory.  The build may not work
C/C++:   correctly.
C/C++: CMake Warning in CMakeLists.txt:
C/C++:   The object file directory
C/C++:     C:/Users/flood/hiconnect/higo-platform/node_modules/.pnpm/react-native-worklets@0.8.3_0c963d7fe504361936d05065f4a6a04d/node_modules/react-native-worklets/android/.cxx/RelWithDebInfo/3o5nu4n2/armeabi-v7a/CMakeFiles/worklets.dir/./
C/C++:   has 229 characters.  The maximum full path to an object file is 250
C/C++:   characters (see CMAKE_OBJECT_PATH_MAX).  Object file
C/C++:     C_/Users/flood/hiconnect/higo-platform/node_modules/.pnpm/react-native-worklets@0.8.3_0c963d7fe504361936d05065f4a6a04d/node_modules/react-native-worklets/Common/cpp/worklets/Registries/WorkletRuntimeRegistry.cpp.o
C/C++:   cannot be safely placed under this directory.  The build may not work
C/C++:   correctly.

> Task :react-native-screens:buildCMakeRelWithDebInfo[x86]
C/C++: CMake Warning in CMakeLists.txt:
C/C++:   The object file directory
C/C++:     C:/Users/flood/hiconnect/higo-platform/node_modules/.pnpm/react-native-screens@4.25.2_2ff10e5e35d62e75ef3e80445743cd5d/node_modules/react-native-screens/android/.cxx/RelWithDebInfo/606e585m/x86/CMakeFiles/rnscreens.dir/./
C/C++:   has 221 characters.  The maximum full path to an object file is 250
C/C++:   characters (see CMAKE_OBJECT_PATH_MAX).  Object file
C/C++:     src/main/cpp/NativeProxy.cpp.o
C/C++:   cannot be safely placed under this directory.  The build may not work
C/C++:   correctly.
C/C++: CMake Warning in CMakeLists.txt:
C/C++:   The object file directory
C/C++:     C:/Users/flood/hiconnect/higo-platform/node_modules/.pnpm/react-native-screens@4.25.2_2ff10e5e35d62e75ef3e80445743cd5d/node_modules/react-native-screens/android/.cxx/RelWithDebInfo/606e585m/x86/CMakeFiles/rnscreens.dir/./
C/C++:   has 221 characters.  The maximum full path to an object file is 250
C/C++:   characters (see CMAKE_OBJECT_PATH_MAX).  Object file
C/C++:     C_/Users/flood/hiconnect/higo-platform/node_modules/.pnpm/react-native-screens@4.25.2_2ff10e5e35d62e75ef3e80445743cd5d/node_modules/react-native-screens/cpp/RNSScreenRemovalListener.cpp.o
C/C++:   cannot be safely placed under this directory.  The build may not work
C/C++:   correctly.
C/C++: CMake Warning in CMakeLists.txt:
C/C++:   The object file directory
C/C++:     C:/Users/flood/hiconnect/higo-platform/node_modules/.pnpm/react-native-screens@4.25.2_2ff10e5e35d62e75ef3e80445743cd5d/node_modules/react-native-screens/android/.cxx/RelWithDebInfo/606e585m/x86/CMakeFiles/rnscreens.dir/./
C/C++:   has 221 characters.  The maximum full path to an object file is 250
C/C++:   characters (see CMAKE_OBJECT_PATH_MAX).  Object file
C/C++:     src/main/cpp/NativeProxy.cpp.o
C/C++:   cannot be safely placed under this directory.  The build may not work
C/C++:   correctly.
C/C++: CMake Warning in CMakeLists.txt:
C/C++:   The object file directory
C/C++:     C:/Users/flood/hiconnect/higo-platform/node_modules/.pnpm/react-native-screens@4.25.2_2ff10e5e35d62e75ef3e80445743cd5d/node_modules/react-native-screens/android/.cxx/RelWithDebInfo/606e585m/x86/CMakeFiles/rnscreens.dir/./
C/C++:   has 221 characters.  The maximum full path to an object file is 250
C/C++:   characters (see CMAKE_OBJECT_PATH_MAX).  Object file
C/C++:     src/main/cpp/NativeProxy.cpp.o
C/C++:   cannot be safely placed under this directory.  The build may not work
C/C++:   correctly.
C/C++: CMake Warning in CMakeLists.txt:
C/C++:   The object file directory
C/C++:     C:/Users/flood/hiconnect/higo-platform/node_modules/.pnpm/react-native-screens@4.25.2_2ff10e5e35d62e75ef3e80445743cd5d/node_modules/react-native-screens/android/.cxx/RelWithDebInfo/606e585m/x86/CMakeFiles/rnscreens.dir/./
C/C++:   has 221 characters.  The maximum full path to an object file is 250
C/C++:   characters (see CMAKE_OBJECT_PATH_MAX).  Object file
C/C++:     C_/Users/flood/hiconnect/higo-platform/node_modules/.pnpm/react-native-screens@4.25.2_2ff10e5e35d62e75ef3e80445743cd5d/node_modules/react-native-screens/cpp/RNSScreenRemovalListener.cpp.o
C/C++:   cannot be safely placed under this directory.  The build may not work
C/C++:   correctly.
C/C++: CMake Warning in CMakeLists.txt:
C/C++:   The object file directory
C/C++:     C:/Users/flood/hiconnect/higo-platform/node_modules/.pnpm/react-native-screens@4.25.2_2ff10e5e35d62e75ef3e80445743cd5d/node_modules/react-native-screens/android/.cxx/RelWithDebInfo/606e585m/x86/CMakeFiles/rnscreens.dir/./
C/C++:   has 221 characters.  The maximum full path to an object file is 250
C/C++:   characters (see CMAKE_OBJECT_PATH_MAX).  Object file
C/C++:     C_/Users/flood/hiconnect/higo-platform/node_modules/.pnpm/react-native-screens@4.25.2_2ff10e5e35d62e75ef3e80445743cd5d/node_modules/react-native-screens/cpp/RNSScreenRemovalListener.cpp.o
C/C++:   cannot be safely placed under this directory.  The build may not work
C/C++:   correctly.
C/C++: CMake Warning in CMakeLists.txt:
C/C++:   The object file directory
C/C++:     C:/Users/flood/hiconnect/higo-platform/node_modules/.pnpm/react-native-screens@4.25.2_2ff10e5e35d62e75ef3e80445743cd5d/node_modules/react-native-screens/android/.cxx/RelWithDebInfo/606e585m/x86/CMakeFiles/rnscreens.dir/./
C/C++:   has 221 characters.  The maximum full path to an object file is 250
C/C++:   characters (see CMAKE_OBJECT_PATH_MAX).  Object file
C/C++:     C_/Users/flood/hiconnect/higo-platform/node_modules/.pnpm/react-native-screens@4.25.2_2ff10e5e35d62e75ef3e80445743cd5d/node_modules/react-native-screens/cpp/RNSScreenRemovalListener.cpp.o
C/C++:   cannot be safely placed under this directory.  The build may not work
C/C++:   correctly.
C/C++: CMake Warning in CMakeLists.txt:
C/C++:   The object file directory
C/C++:     C:/Users/flood/hiconnect/higo-platform/node_modules/.pnpm/react-native-screens@4.25.2_2ff10e5e35d62e75ef3e80445743cd5d/node_modules/react-native-screens/android/.cxx/RelWithDebInfo/606e585m/x86/CMakeFiles/rnscreens.dir/./
C/C++:   has 221 characters.  The maximum full path to an object file is 250
C/C++:   characters (see CMAKE_OBJECT_PATH_MAX).  Object file
C/C++:     C_/Users/flood/hiconnect/higo-platform/node_modules/.pnpm/react-native-screens@4.25.2_2ff10e5e35d62e75ef3e80445743cd5d/node_modules/react-native-screens/cpp/RNSScreenRemovalListener.cpp.o
C/C++:   cannot be safely placed under this directory.  The build may not work
C/C++:   correctly.
C/C++: CMake Warning in CMakeLists.txt:
C/C++:   The object file directory
C/C++:     C:/Users/flood/hiconnect/higo-platform/node_modules/.pnpm/react-native-screens@4.25.2_2ff10e5e35d62e75ef3e80445743cd5d/node_modules/react-native-screens/android/.cxx/RelWithDebInfo/606e585m/x86/CMakeFiles/rnscreens.dir/./
C/C++:   has 221 characters.  The maximum full path to an object file is 250
C/C++:   characters (see CMAKE_OBJECT_PATH_MAX).  Object file
C/C++:     C_/Users/flood/hiconnect/higo-platform/node_modules/.pnpm/react-native-screens@4.25.2_2ff10e5e35d62e75ef3e80445743cd5d/node_modules/react-native-screens/cpp/RNSScreenRemovalListener.cpp.o
C/C++:   cannot be safely placed under this directory.  The build may not work
C/C++:   correctly.

> Task :react-native-safe-area-context:mergeReleaseResources
> Task :react-native-svg:mergeReleaseResources

> Task :react-native-screens:buildCMakeRelWithDebInfo[x86]
C/C++: CMake Warning in CMakeLists.txt:
C/C++:   The object file directory
C/C++:     C:/Users/flood/hiconnect/higo-platform/node_modules/.pnpm/react-native-screens@4.25.2_2ff10e5e35d62e75ef3e80445743cd5d/node_modules/react-native-screens/android/.cxx/RelWithDebInfo/606e585m/x86/CMakeFiles/rnscreens.dir/./
C/C++:   has 221 characters.  The maximum full path to an object file is 250
C/C++:   characters (see CMAKE_OBJECT_PATH_MAX).  Object file
C/C++:     src/main/cpp/jni-adapter.cpp.o
C/C++:   cannot be safely placed under this directory.  The build may not work
C/C++:   correctly.
C/C++: CMake Warning in CMakeLists.txt:
C/C++:   The object file directory
C/C++:     C:/Users/flood/hiconnect/higo-platform/node_modules/.pnpm/react-native-screens@4.25.2_2ff10e5e35d62e75ef3e80445743cd5d/node_modules/react-native-screens/android/.cxx/RelWithDebInfo/606e585m/x86/CMakeFiles/rnscreens.dir/./
C/C++:   has 221 characters.  The maximum full path to an object file is 250
C/C++:   characters (see CMAKE_OBJECT_PATH_MAX).  Object file
C/C++:     C_/Users/flood/hiconnect/higo-platform/node_modules/.pnpm/react-native-screens@4.25.2_2ff10e5e35d62e75ef3e80445743cd5d/node_modules/react-native-screens/cpp/RNScreensTurboModule.cpp.o
C/C++:   cannot be safely placed under this directory.  The build may not work
C/C++:   correctly.
C/C++: CMake Warning in CMakeLists.txt:
C/C++:   The object file directory
C/C++:     C:/Users/flood/hiconnect/higo-platform/node_modules/.pnpm/react-native-screens@4.25.2_2ff10e5e35d62e75ef3e80445743cd5d/node_modules/react-native-screens/android/.cxx/RelWithDebInfo/606e585m/x86/CMakeFiles/rnscreens.dir/./
C/C++:   has 221 characters.  The maximum full path to an object file is 250
C/C++:   characters (see CMAKE_OBJECT_PATH_MAX).  Object file
C/C++:     C_/Users/flood/hiconnect/higo-platform/node_modules/.pnpm/react-native-screens@4.25.2_2ff10e5e35d62e75ef3e80445743cd5d/node_modules/react-native-screens/cpp/RNScreensTurboModule.cpp.o
C/C++:   cannot be safely placed under this directory.  The build may not work
C/C++:   correctly.
C/C++: CMake Warning in CMakeLists.txt:
C/C++:   The object file directory
C/C++:     C:/Users/flood/hiconnect/higo-platform/node_modules/.pnpm/react-native-screens@4.25.2_2ff10e5e35d62e75ef3e80445743cd5d/node_modules/react-native-screens/android/.cxx/RelWithDebInfo/606e585m/x86/CMakeFiles/rnscreens.dir/./
C/C++:   has 221 characters.  The maximum full path to an object file is 250
C/C++:   characters (see CMAKE_OBJECT_PATH_MAX).  Object file
C/C++:     src/main/cpp/NativeProxy.cpp.o
C/C++:   cannot be safely placed under this directory.  The build may not work
C/C++:   correctly.
C/C++: CMake Warning in CMakeLists.txt:
C/C++:   The object file directory
C/C++:     C:/Users/flood/hiconnect/higo-platform/node_modules/.pnpm/react-native-screens@4.25.2_2ff10e5e35d62e75ef3e80445743cd5d/node_modules/react-native-screens/android/.cxx/RelWithDebInfo/606e585m/x86/CMakeFiles/rnscreens.dir/./
C/C++:   has 221 characters.  The maximum full path to an object file is 250
C/C++:   characters (see CMAKE_OBJECT_PATH_MAX).  Object file
C/C++:     src/main/cpp/NativeProxy.cpp.o
C/C++:   cannot be safely placed under this directory.  The build may not work
C/C++:   correctly.
C/C++: CMake Warning in CMakeLists.txt:
C/C++:   The object file directory
C/C++:     C:/Users/flood/hiconnect/higo-platform/node_modules/.pnpm/react-native-screens@4.25.2_2ff10e5e35d62e75ef3e80445743cd5d/node_modules/react-native-screens/android/.cxx/RelWithDebInfo/606e585m/x86/CMakeFiles/rnscreens.dir/./
C/C++:   has 221 characters.  The maximum full path to an object file is 250
C/C++:   characters (see CMAKE_OBJECT_PATH_MAX).  Object file
C/C++:     src/main/cpp/jni-adapter.cpp.o
C/C++:   cannot be safely placed under this directory.  The build may not work
C/C++:   correctly.
C/C++: CMake Warning in CMakeLists.txt:
C/C++:   The object file directory
C/C++:     C:/Users/flood/hiconnect/higo-platform/node_modules/.pnpm/react-native-screens@4.25.2_2ff10e5e35d62e75ef3e80445743cd5d/node_modules/react-native-screens/android/.cxx/RelWithDebInfo/606e585m/x86/CMakeFiles/rnscreens.dir/./
C/C++:   has 221 characters.  The maximum full path to an object file is 250
C/C++:   characters (see CMAKE_OBJECT_PATH_MAX).  Object file
C/C++:     src/main/cpp/jni-adapter.cpp.o
C/C++:   cannot be safely placed under this directory.  The build may not work
C/C++:   correctly.
C/C++: CMake Warning in CMakeLists.txt:
C/C++:   The object file directory
C/C++:     C:/Users/flood/hiconnect/higo-platform/node_modules/.pnpm/react-native-screens@4.25.2_2ff10e5e35d62e75ef3e80445743cd5d/node_modules/react-native-screens/android/.cxx/RelWithDebInfo/606e585m/x86/CMakeFiles/rnscreens.dir/./
C/C++:   has 221 characters.  The maximum full path to an object file is 250
C/C++:   characters (see CMAKE_OBJECT_PATH_MAX).  Object file
C/C++:     src/main/cpp/NativeProxy.cpp.o
C/C++:   cannot be safely placed under this directory.  The build may not work
C/C++:   correctly.
C/C++: CMake Warning in CMakeLists.txt:
C/C++:   The object file directory
C/C++:     C:/Users/flood/hiconnect/higo-platform/node_modules/.pnpm/react-native-screens@4.25.2_2ff10e5e35d62e75ef3e80445743cd5d/node_modules/react-native-screens/android/.cxx/RelWithDebInfo/606e585m/x86/CMakeFiles/rnscreens.dir/./
C/C++:   has 221 characters.  The maximum full path to an object file is 250
C/C++:   characters (see CMAKE_OBJECT_PATH_MAX).  Object file
C/C++:     src/main/cpp/jni-adapter.cpp.o
C/C++:   cannot be safely placed under this directory.  The build may not work
C/C++:   correctly.
C/C++: CMake Warning in CMakeLists.txt:
C/C++:   The object file directory
C/C++:     C:/Users/flood/hiconnect/higo-platform/node_modules/.pnpm/react-native-screens@4.25.2_2ff10e5e35d62e75ef3e80445743cd5d/node_modules/react-native-screens/android/.cxx/RelWithDebInfo/606e585m/x86/CMakeFiles/rnscreens.dir/./
C/C++:   has 221 characters.  The maximum full path to an object file is 250
C/C++:   characters (see CMAKE_OBJECT_PATH_MAX).  Object file
C/C++:     C_/Users/flood/hiconnect/higo-platform/node_modules/.pnpm/react-native-screens@4.25.2_2ff10e5e35d62e75ef3e80445743cd5d/node_modules/react-native-screens/cpp/RNSScreenRemovalListener.cpp.o
C/C++:   cannot be safely placed under this directory.  The build may not work
C/C++:   correctly.
C/C++: CMake Warning in CMakeLists.txt:
C/C++:   The object file directory
C/C++:     C:/Users/flood/hiconnect/higo-platform/node_modules/.pnpm/react-native-screens@4.25.2_2ff10e5e35d62e75ef3e80445743cd5d/node_modules/react-native-screens/android/.cxx/RelWithDebInfo/606e585m/x86/CMakeFiles/rnscreens.dir/./
C/C++:   has 221 characters.  The maximum full path to an object file is 250
C/C++:   characters (see CMAKE_OBJECT_PATH_MAX).  Object file
C/C++:     src/main/cpp/NativeProxy.cpp.o
C/C++:   cannot be safely placed under this directory.  The build may not work
C/C++:   correctly.
C/C++: CMake Warning in CMakeLists.txt:
C/C++:   The object file directory
C/C++:     C:/Users/flood/hiconnect/higo-platform/node_modules/.pnpm/react-native-screens@4.25.2_2ff10e5e35d62e75ef3e80445743cd5d/node_modules/react-native-screens/android/.cxx/RelWithDebInfo/606e585m/x86/CMakeFiles/rnscreens.dir/./
C/C++:   has 221 characters.  The maximum full path to an object file is 250
C/C++:   characters (see CMAKE_OBJECT_PATH_MAX).  Object file
C/C++:     C_/Users/flood/hiconnect/higo-platform/node_modules/.pnpm/react-native-screens@4.25.2_2ff10e5e35d62e75ef3e80445743cd5d/node_modules/react-native-screens/cpp/RNSScreenRemovalListener.cpp.o
C/C++:   cannot be safely placed under this directory.  The build may not work
C/C++:   correctly.

> Task :react-native-worklets:buildCMakeRelWithDebInfo[armeabi-v7a][worklets]
C/C++: CMake Warning in CMakeLists.txt:
C/C++:   The object file directory
C/C++:     C:/Users/flood/hiconnect/higo-platform/node_modules/.pnpm/react-native-worklets@0.8.3_0c963d7fe504361936d05065f4a6a04d/node_modules/react-native-worklets/android/.cxx/RelWithDebInfo/3o5nu4n2/armeabi-v7a/CMakeFiles/worklets.dir/./
C/C++:   has 229 characters.  The maximum full path to an object file is 250
C/C++:   characters (see CMAKE_OBJECT_PATH_MAX).  Object file
C/C++:     C_/Users/flood/hiconnect/higo-platform/node_modules/.pnpm/react-native-worklets@0.8.3_0c963d7fe504361936d05065f4a6a04d/node_modules/react-native-worklets/Common/cpp/worklets/Compat/StableApi.cpp.o
C/C++:   cannot be safely placed under this directory.  The build may not work
C/C++:   correctly.
C/C++: CMake Warning in CMakeLists.txt:
C/C++:   The object file directory
C/C++:     C:/Users/flood/hiconnect/higo-platform/node_modules/.pnpm/react-native-worklets@0.8.3_0c963d7fe504361936d05065f4a6a04d/node_modules/react-native-worklets/android/.cxx/RelWithDebInfo/3o5nu4n2/armeabi-v7a/CMakeFiles/worklets.dir/./
C/C++:   has 229 characters.  The maximum full path to an object file is 250
C/C++:   characters (see CMAKE_OBJECT_PATH_MAX).  Object file
C/C++:     C_/Users/flood/hiconnect/higo-platform/node_modules/.pnpm/react-native-worklets@0.8.3_0c963d7fe504361936d05065f4a6a04d/node_modules/react-native-worklets/Common/cpp/worklets/NativeModules/WorkletsModuleProxy.cpp.o
C/C++:   cannot be safely placed under this directory.  The build may not work
C/C++:   correctly.
C/C++: CMake Warning in CMakeLists.txt:
C/C++:   The object file directory
C/C++:     C:/Users/flood/hiconnect/higo-platform/node_modules/.pnpm/react-native-worklets@0.8.3_0c963d7fe504361936d05065f4a6a04d/node_modules/react-native-worklets/android/.cxx/RelWithDebInfo/3o5nu4n2/armeabi-v7a/CMakeFiles/worklets.dir/./
C/C++:   has 229 characters.  The maximum full path to an object file is 250
C/C++:   characters (see CMAKE_OBJECT_PATH_MAX).  Object file
C/C++:     C_/Users/flood/hiconnect/higo-platform/node_modules/.pnpm/react-native-worklets@0.8.3_0c963d7fe504361936d05065f4a6a04d/node_modules/react-native-worklets/Common/cpp/worklets/Compat/StableApi.cpp.o
C/C++:   cannot be safely placed under this directory.  The build may not work
C/C++:   correctly.
C/C++: CMake Warning in CMakeLists.txt:
C/C++:   The object file directory
C/C++:     C:/Users/flood/hiconnect/higo-platform/node_modules/.pnpm/react-native-worklets@0.8.3_0c963d7fe504361936d05065f4a6a04d/node_modules/react-native-worklets/android/.cxx/RelWithDebInfo/3o5nu4n2/armeabi-v7a/CMakeFiles/worklets.dir/./
C/C++:   has 229 characters.  The maximum full path to an object file is 250
C/C++:   characters (see CMAKE_OBJECT_PATH_MAX).  Object file
C/C++:     C_/Users/flood/hiconnect/higo-platform/node_modules/.pnpm/react-native-worklets@0.8.3_0c963d7fe504361936d05065f4a6a04d/node_modules/react-native-worklets/Common/cpp/worklets/AnimationFrameQueue/AnimationFrameBatchinator.cpp.o
C/C++:   cannot be safely placed under this directory.  The build may not work
C/C++:   correctly.
C/C++: CMake Warning in CMakeLists.txt:
C/C++:   The object file directory
C/C++:     C:/Users/flood/hiconnect/higo-platform/node_modules/.pnpm/react-native-worklets@0.8.3_0c963d7fe504361936d05065f4a6a04d/node_modules/react-native-worklets/android/.cxx/RelWithDebInfo/3o5nu4n2/armeabi-v7a/CMakeFiles/worklets.dir/./
C/C++:   has 229 characters.  The maximum full path to an object file is 250
C/C++:   characters (see CMAKE_OBJECT_PATH_MAX).  Object file
C/C++:     C_/Users/flood/hiconnect/higo-platform/node_modules/.pnpm/react-native-worklets@0.8.3_0c963d7fe504361936d05065f4a6a04d/node_modules/react-native-worklets/Common/cpp/worklets/AnimationFrameQueue/AnimationFrameBatchinator.cpp.o
C/C++:   cannot be safely placed under this directory.  The build may not work
C/C++:   correctly.
C/C++: CMake Warning in CMakeLists.txt:
C/C++:   The object file directory
C/C++:     C:/Users/flood/hiconnect/higo-platform/node_modules/.pnpm/react-native-worklets@0.8.3_0c963d7fe504361936d05065f4a6a04d/node_modules/react-native-worklets/android/.cxx/RelWithDebInfo/3o5nu4n2/armeabi-v7a/CMakeFiles/worklets.dir/./
C/C++:   has 229 characters.  The maximum full path to an object file is 250
C/C++:   characters (see CMAKE_OBJECT_PATH_MAX).  Object file
C/C++:     C_/Users/flood/hiconnect/higo-platform/node_modules/.pnpm/react-native-worklets@0.8.3_0c963d7fe504361936d05065f4a6a04d/node_modules/react-native-worklets/Common/cpp/worklets/Registries/EventHandlerRegistry.cpp.o
C/C++:   cannot be safely placed under this directory.  The build may not work
C/C++:   correctly.
C/C++: CMake Warning in CMakeLists.txt:
C/C++:   The object file directory
C/C++:     C:/Users/flood/hiconnect/higo-platform/node_modules/.pnpm/react-native-worklets@0.8.3_0c963d7fe504361936d05065f4a6a04d/node_modules/react-native-worklets/android/.cxx/RelWithDebInfo/3o5nu4n2/armeabi-v7a/CMakeFiles/worklets.dir/./
C/C++:   has 229 characters.  The maximum full path to an object file is 250
C/C++:   characters (see CMAKE_OBJECT_PATH_MAX).  Object file
C/C++:     C_/Users/flood/hiconnect/higo-platform/node_modules/.pnpm/react-native-worklets@0.8.3_0c963d7fe504361936d05065f4a6a04d/node_modules/react-native-worklets/Common/cpp/worklets/Compat/StableApi.cpp.o
C/C++:   cannot be safely placed under this directory.  The build may not work
C/C++:   correctly.
C/C++: CMake Warning in CMakeLists.txt:
C/C++:   The object file directory
C/C++:     C:/Users/flood/hiconnect/higo-platform/node_modules/.pnpm/react-native-worklets@0.8.3_0c963d7fe504361936d05065f4a6a04d/node_modules/react-native-worklets/android/.cxx/RelWithDebInfo/3o5nu4n2/armeabi-v7a/CMakeFiles/worklets.dir/./
C/C++:   has 229 characters.  The maximum full path to an object file is 250
C/C++:   characters (see CMAKE_OBJECT_PATH_MAX).  Object file
C/C++:     C_/Users/flood/hiconnect/higo-platform/node_modules/.pnpm/react-native-worklets@0.8.3_0c963d7fe504361936d05065f4a6a04d/node_modules/react-native-worklets/Common/cpp/worklets/Registries/WorkletRuntimeRegistry.cpp.o
C/C++:   cannot be safely placed under this directory.  The build may not work
C/C++:   correctly.
C/C++: CMake Warning in CMakeLists.txt:
C/C++:   The object file directory
C/C++:     C:/Users/flood/hiconnect/higo-platform/node_modules/.pnpm/react-native-worklets@0.8.3_0c963d7fe504361936d05065f4a6a04d/node_modules/react-native-worklets/android/.cxx/RelWithDebInfo/3o5nu4n2/armeabi-v7a/CMakeFiles/worklets.dir/./
C/C++:   has 229 characters.  The maximum full path to an object file is 250
C/C++:   characters (see CMAKE_OBJECT_PATH_MAX).  Object file
C/C++:     C_/Users/flood/hiconnect/higo-platform/node_modules/.pnpm/react-native-worklets@0.8.3_0c963d7fe504361936d05065f4a6a04d/node_modules/react-native-worklets/Common/cpp/worklets/Compat/StableApi.cpp.o
C/C++:   cannot be safely placed under this directory.  The build may not work
C/C++:   correctly.
C/C++: CMake Warning in CMakeLists.txt:
C/C++:   The object file directory
C/C++:     C:/Users/flood/hiconnect/higo-platform/node_modules/.pnpm/react-native-worklets@0.8.3_0c963d7fe504361936d05065f4a6a04d/node_modules/react-native-worklets/android/.cxx/RelWithDebInfo/3o5nu4n2/armeabi-v7a/CMakeFiles/worklets.dir/./
C/C++:   has 229 characters.  The maximum full path to an object file is 250
C/C++:   characters (see CMAKE_OBJECT_PATH_MAX).  Object file
C/C++:     C_/Users/flood/hiconnect/higo-platform/node_modules/.pnpm/react-native-worklets@0.8.3_0c963d7fe504361936d05065f4a6a04d/node_modules/react-native-worklets/Common/cpp/worklets/Registries/EventHandlerRegistry.cpp.o
C/C++:   cannot be safely placed under this directory.  The build may not work
C/C++:   correctly.
C/C++: CMake Warning in CMakeLists.txt:
C/C++:   The object file directory
C/C++:     C:/Users/flood/hiconnect/higo-platform/node_modules/.pnpm/react-native-worklets@0.8.3_0c963d7fe504361936d05065f4a6a04d/node_modules/react-native-worklets/android/.cxx/RelWithDebInfo/3o5nu4n2/armeabi-v7a/CMakeFiles/worklets.dir/./
C/C++:   has 229 characters.  The maximum full path to an object file is 250
C/C++:   characters (see CMAKE_OBJECT_PATH_MAX).  Object file
C/C++:     C_/Users/flood/hiconnect/higo-platform/node_modules/.pnpm/react-native-worklets@0.8.3_0c963d7fe504361936d05065f4a6a04d/node_modules/react-native-worklets/Common/cpp/worklets/Compat/StableApi.cpp.o
C/C++:   cannot be safely placed under this directory.  The build may not work
C/C++:   correctly.

> Task :react-native-svg:verifyReleaseResources
> Task :react-native-safe-area-context:verifyReleaseResources

> Task :react-native-screens:buildCMakeRelWithDebInfo[x86]
C/C++: CMake Warning in CMakeLists.txt:
C/C++:   The object file directory
C/C++:     C:/Users/flood/hiconnect/higo-platform/node_modules/.pnpm/react-native-screens@4.25.2_2ff10e5e35d62e75ef3e80445743cd5d/node_modules/react-native-screens/android/.cxx/RelWithDebInfo/606e585m/x86/CMakeFiles/rnscreens.dir/./
C/C++:   has 221 characters.  The maximum full path to an object file is 250
C/C++:   characters (see CMAKE_OBJECT_PATH_MAX).  Object file
C/C++:     C_/Users/flood/hiconnect/higo-platform/node_modules/.pnpm/react-native-screens@4.25.2_2ff10e5e35d62e75ef3e80445743cd5d/node_modules/react-native-screens/cpp/RNScreensTurboModule.cpp.o
C/C++:   cannot be safely placed under this directory.  The build may not work
C/C++:   correctly.
C/C++: CMake Warning in CMakeLists.txt:
C/C++:   The object file directory
C/C++:     C:/Users/flood/hiconnect/higo-platform/node_modules/.pnpm/react-native-screens@4.25.2_2ff10e5e35d62e75ef3e80445743cd5d/node_modules/react-native-screens/android/.cxx/RelWithDebInfo/606e585m/x86/CMakeFiles/rnscreens.dir/./
C/C++:   has 221 characters.  The maximum full path to an object file is 250
C/C++:   characters (see CMAKE_OBJECT_PATH_MAX).  Object file
C/C++:     C_/Users/flood/hiconnect/higo-platform/node_modules/.pnpm/react-native-screens@4.25.2_2ff10e5e35d62e75ef3e80445743cd5d/node_modules/react-native-screens/cpp/RNScreensTurboModule.cpp.o
C/C++:   cannot be safely placed under this directory.  The build may not work
C/C++:   correctly.
C/C++: CMake Warning in CMakeLists.txt:
C/C++:   The object file directory
C/C++:     C:/Users/flood/hiconnect/higo-platform/node_modules/.pnpm/react-native-screens@4.25.2_2ff10e5e35d62e75ef3e80445743cd5d/node_modules/react-native-screens/android/.cxx/RelWithDebInfo/606e585m/x86/CMakeFiles/rnscreens.dir/./
C/C++:   has 221 characters.  The maximum full path to an object file is 250
C/C++:   characters (see CMAKE_OBJECT_PATH_MAX).  Object file
C/C++:     src/main/cpp/jni-adapter.cpp.o
C/C++:   cannot be safely placed under this directory.  The build may not work
C/C++:   correctly.
C/C++: CMake Warning in CMakeLists.txt:
C/C++:   The object file directory
C/C++:     C:/Users/flood/hiconnect/higo-platform/node_modules/.pnpm/react-native-screens@4.25.2_2ff10e5e35d62e75ef3e80445743cd5d/node_modules/react-native-screens/android/.cxx/RelWithDebInfo/606e585m/x86/CMakeFiles/rnscreens.dir/./
C/C++:   has 221 characters.  The maximum full path to an object file is 250
C/C++:   characters (see CMAKE_OBJECT_PATH_MAX).  Object file
C/C++:     src/main/cpp/NativeProxy.cpp.o
C/C++:   cannot be safely placed under this directory.  The build may not work
C/C++:   correctly.
C/C++: CMake Warning in CMakeLists.txt:
C/C++:   The object file directory
C/C++:     C:/Users/flood/hiconnect/higo-platform/node_modules/.pnpm/react-native-screens@4.25.2_2ff10e5e35d62e75ef3e80445743cd5d/node_modules/react-native-screens/android/.cxx/RelWithDebInfo/606e585m/x86/CMakeFiles/rnscreens.dir/./
C/C++:   has 221 characters.  The maximum full path to an object file is 250
C/C++:   characters (see CMAKE_OBJECT_PATH_MAX).  Object file
C/C++:     src/main/cpp/jni-adapter.cpp.o
C/C++:   cannot be safely placed under this directory.  The build may not work
C/C++:   correctly.
C/C++: CMake Warning in CMakeLists.txt:
C/C++:   The object file directory
C/C++:     C:/Users/flood/hiconnect/higo-platform/node_modules/.pnpm/react-native-screens@4.25.2_2ff10e5e35d62e75ef3e80445743cd5d/node_modules/react-native-screens/android/.cxx/RelWithDebInfo/606e585m/x86/CMakeFiles/rnscreens.dir/./
C/C++:   has 221 characters.  The maximum full path to an object file is 250
C/C++:   characters (see CMAKE_OBJECT_PATH_MAX).  Object file
C/C++:     C_/Users/flood/hiconnect/higo-platform/node_modules/.pnpm/react-native-screens@4.25.2_2ff10e5e35d62e75ef3e80445743cd5d/node_modules/react-native-screens/cpp/RNScreensTurboModule.cpp.o
C/C++:   cannot be safely placed under this directory.  The build may not work
C/C++:   correctly.
C/C++: CMake Warning in CMakeLists.txt:
C/C++:   The object file directory
C/C++:     C:/Users/flood/hiconnect/higo-platform/node_modules/.pnpm/react-native-screens@4.25.2_2ff10e5e35d62e75ef3e80445743cd5d/node_modules/react-native-screens/android/.cxx/RelWithDebInfo/606e585m/x86/CMakeFiles/rnscreens.dir/./
C/C++:   has 221 characters.  The maximum full path to an object file is 250
C/C++:   characters (see CMAKE_OBJECT_PATH_MAX).  Object file
C/C++:     C_/Users/flood/hiconnect/higo-platform/node_modules/.pnpm/react-native-screens@4.25.2_2ff10e5e35d62e75ef3e80445743cd5d/node_modules/react-native-screens/cpp/RNScreensTurboModule.cpp.o
C/C++:   cannot be safely placed under this directory.  The build may not work
C/C++:   correctly.
C/C++: CMake Warning in CMakeLists.txt:
C/C++:   The object file directory
C/C++:     C:/Users/flood/hiconnect/higo-platform/node_modules/.pnpm/react-native-screens@4.25.2_2ff10e5e35d62e75ef3e80445743cd5d/node_modules/react-native-screens/android/.cxx/RelWithDebInfo/606e585m/x86/CMakeFiles/rnscreens.dir/./
C/C++:   has 221 characters.  The maximum full path to an object file is 250
C/C++:   characters (see CMAKE_OBJECT_PATH_MAX).  Object file
C/C++:     src/main/cpp/NativeProxy.cpp.o
C/C++:   cannot be safely placed under this directory.  The build may not work
C/C++:   correctly.
C/C++: CMake Warning in CMakeLists.txt:
C/C++:   The object file directory
C/C++:     C:/Users/flood/hiconnect/higo-platform/node_modules/.pnpm/react-native-screens@4.25.2_2ff10e5e35d62e75ef3e80445743cd5d/node_modules/react-native-screens/android/.cxx/RelWithDebInfo/606e585m/x86/CMakeFiles/rnscreens.dir/./
C/C++:   has 221 characters.  The maximum full path to an object file is 250
C/C++:   characters (see CMAKE_OBJECT_PATH_MAX).  Object file
C/C++:     C_/Users/flood/hiconnect/higo-platform/node_modules/.pnpm/react-native-screens@4.25.2_2ff10e5e35d62e75ef3e80445743cd5d/node_modules/react-native-screens/cpp/RNScreensTurboModule.cpp.o
C/C++:   cannot be safely placed under this directory.  The build may not work
C/C++:   correctly.
C/C++: CMake Warning in CMakeLists.txt:
C/C++:   The object file directory
C/C++:     C:/Users/flood/hiconnect/higo-platform/node_modules/.pnpm/react-native-screens@4.25.2_2ff10e5e35d62e75ef3e80445743cd5d/node_modules/react-native-screens/android/.cxx/RelWithDebInfo/606e585m/x86/CMakeFiles/rnscreens.dir/./
C/C++:   has 221 characters.  The maximum full path to an object file is 250
C/C++:   characters (see CMAKE_OBJECT_PATH_MAX).  Object file
C/C++:     C_/Users/flood/hiconnect/higo-platform/node_modules/.pnpm/react-native-screens@4.25.2_2ff10e5e35d62e75ef3e80445743cd5d/node_modules/react-native-screens/cpp/RNSScreenRemovalListener.cpp.o
C/C++:   cannot be safely placed under this directory.  The build may not work
C/C++:   correctly.
C/C++: CMake Warning in CMakeLists.txt:
C/C++:   The object file directory
C/C++:     C:/Users/flood/hiconnect/higo-platform/node_modules/.pnpm/react-native-screens@4.25.2_2ff10e5e35d62e75ef3e80445743cd5d/node_modules/react-native-screens/android/.cxx/RelWithDebInfo/606e585m/x86/CMakeFiles/rnscreens.dir/./
C/C++:   has 221 characters.  The maximum full path to an object file is 250
C/C++:   characters (see CMAKE_OBJECT_PATH_MAX).  Object file
C/C++:     src/main/cpp/NativeProxy.cpp.o
C/C++:   cannot be safely placed under this directory.  The build may not work
C/C++:   correctly.
C/C++: CMake Warning in CMakeLists.txt:
C/C++:   The object file directory
C/C++:     C:/Users/flood/hiconnect/higo-platform/node_modules/.pnpm/react-native-screens@4.25.2_2ff10e5e35d62e75ef3e80445743cd5d/node_modules/react-native-screens/android/.cxx/RelWithDebInfo/606e585m/x86/CMakeFiles/rnscreens.dir/./
C/C++:   has 221 characters.  The maximum full path to an object file is 250
C/C++:   characters (see CMAKE_OBJECT_PATH_MAX).  Object file
C/C++:     C_/Users/flood/hiconnect/higo-platform/node_modules/.pnpm/react-native-screens@4.25.2_2ff10e5e35d62e75ef3e80445743cd5d/node_modules/react-native-screens/cpp/RNScreensTurboModule.cpp.o
C/C++:   cannot be safely placed under this directory.  The build may not work
C/C++:   correctly.
C/C++: CMake Warning in CMakeLists.txt:
C/C++:   The object file directory
C/C++:     C:/Users/flood/hiconnect/higo-platform/node_modules/.pnpm/react-native-screens@4.25.2_2ff10e5e35d62e75ef3e80445743cd5d/node_modules/react-native-screens/android/.cxx/RelWithDebInfo/606e585m/x86/CMakeFiles/rnscreens.dir/./
C/C++:   has 221 characters.  The maximum full path to an object file is 250
C/C++:   characters (see CMAKE_OBJECT_PATH_MAX).  Object file
C/C++:     C_/Users/flood/hiconnect/higo-platform/node_modules/.pnpm/react-native-screens@4.25.2_2ff10e5e35d62e75ef3e80445743cd5d/node_modules/react-native-screens/cpp/RNScreensTurboModule.cpp.o
C/C++:   cannot be safely placed under this directory.  The build may not work
C/C++:   correctly.
C/C++: CMake Warning in CMakeLists.txt:
C/C++:   The object file directory
C/C++:     C:/Users/flood/hiconnect/higo-platform/node_modules/.pnpm/react-native-screens@4.25.2_2ff10e5e35d62e75ef3e80445743cd5d/node_modules/react-native-screens/android/.cxx/RelWithDebInfo/606e585m/x86/CMakeFiles/rnscreens.dir/./
C/C++:   has 221 characters.  The maximum full path to an object file is 250
C/C++:   characters (see CMAKE_OBJECT_PATH_MAX).  Object file
C/C++:     src/main/cpp/jni-adapter.cpp.o
C/C++:   cannot be safely placed under this directory.  The build may not work
C/C++:   correctly.
C/C++: CMake Warning in CMakeLists.txt:
C/C++:   The object file directory
C/C++:     C:/Users/flood/hiconnect/higo-platform/node_modules/.pnpm/react-native-screens@4.25.2_2ff10e5e35d62e75ef3e80445743cd5d/node_modules/react-native-screens/android/.cxx/RelWithDebInfo/606e585m/x86/CMakeFiles/rnscreens.dir/./
C/C++:   has 221 characters.  The maximum full path to an object file is 250
C/C++:   characters (see CMAKE_OBJECT_PATH_MAX).  Object file
C/C++:     C_/Users/flood/hiconnect/higo-platform/node_modules/.pnpm/react-native-screens@4.25.2_2ff10e5e35d62e75ef3e80445743cd5d/node_modules/react-native-screens/cpp/RNSScreenRemovalListener.cpp.o
C/C++:   cannot be safely placed under this directory.  The build may not work
C/C++:   correctly.
C/C++: CMake Warning in CMakeLists.txt:
C/C++:   The object file directory
C/C++:     C:/Users/flood/hiconnect/higo-platform/node_modules/.pnpm/react-native-screens@4.25.2_2ff10e5e35d62e75ef3e80445743cd5d/node_modules/react-native-screens/android/.cxx/RelWithDebInfo/606e585m/x86/CMakeFiles/rnscreens.dir/./
C/C++:   has 221 characters.  The maximum full path to an object file is 250
C/C++:   characters (see CMAKE_OBJECT_PATH_MAX).  Object file
C/C++:     C_/Users/flood/hiconnect/higo-platform/node_modules/.pnpm/react-native-screens@4.25.2_2ff10e5e35d62e75ef3e80445743cd5d/node_modules/react-native-screens/cpp/RNSScreenRemovalListener.cpp.o
C/C++:   cannot be safely placed under this directory.  The build may not work
C/C++:   correctly.
C/C++: CMake Warning in CMakeLists.txt:
C/C++:   The object file directory
C/C++:     C:/Users/flood/hiconnect/higo-platform/node_modules/.pnpm/react-native-screens@4.25.2_2ff10e5e35d62e75ef3e80445743cd5d/node_modules/react-native-screens/android/.cxx/RelWithDebInfo/606e585m/x86/CMakeFiles/rnscreens.dir/./
C/C++:   has 221 characters.  The maximum full path to an object file is 250
C/C++:   characters (see CMAKE_OBJECT_PATH_MAX).  Object file
C/C++:     C_/Users/flood/hiconnect/higo-platform/node_modules/.pnpm/react-native-screens@4.25.2_2ff10e5e35d62e75ef3e80445743cd5d/node_modules/react-native-screens/cpp/RNSScreenRemovalListener.cpp.o
C/C++:   cannot be safely placed under this directory.  The build may not work
C/C++:   correctly.
C/C++: CMake Warning in CMakeLists.txt:
C/C++:   The object file directory
C/C++:     C:/Users/flood/hiconnect/higo-platform/node_modules/.pnpm/react-native-screens@4.25.2_2ff10e5e35d62e75ef3e80445743cd5d/node_modules/react-native-screens/android/.cxx/RelWithDebInfo/606e585m/x86/CMakeFiles/rnscreens.dir/./
C/C++:   has 221 characters.  The maximum full path to an object file is 250
C/C++:   characters (see CMAKE_OBJECT_PATH_MAX).  Object file
C/C++:     src/main/cpp/NativeProxy.cpp.o
C/C++:   cannot be safely placed under this directory.  The build may not work
C/C++:   correctly.
C/C++: CMake Warning in CMakeLists.txt:
C/C++:   The object file directory
C/C++:     C:/Users/flood/hiconnect/higo-platform/node_modules/.pnpm/react-native-screens@4.25.2_2ff10e5e35d62e75ef3e80445743cd5d/node_modules/react-native-screens/android/.cxx/RelWithDebInfo/606e585m/x86/CMakeFiles/rnscreens.dir/./
C/C++:   has 221 characters.  The maximum full path to an object file is 250
C/C++:   characters (see CMAKE_OBJECT_PATH_MAX).  Object file
C/C++:     C_/Users/flood/hiconnect/higo-platform/node_modules/.pnpm/react-native-screens@4.25.2_2ff10e5e35d62e75ef3e80445743cd5d/node_modules/react-native-screens/cpp/RNSScreenRemovalListener.cpp.o
C/C++:   cannot be safely placed under this directory.  The build may not work
C/C++:   correctly.
C/C++: CMake Warning in CMakeLists.txt:
C/C++:   The object file directory
C/C++:     C:/Users/flood/hiconnect/higo-platform/node_modules/.pnpm/react-native-screens@4.25.2_2ff10e5e35d62e75ef3e80445743cd5d/node_modules/react-native-screens/android/.cxx/RelWithDebInfo/606e585m/x86/CMakeFiles/rnscreens.dir/./
C/C++:   has 221 characters.  The maximum full path to an object file is 250
C/C++:   characters (see CMAKE_OBJECT_PATH_MAX).  Object file
C/C++:     src/main/cpp/NativeProxy.cpp.o
C/C++:   cannot be safely placed under this directory.  The build may not work
C/C++:   correctly.
C/C++: CMake Warning in CMakeLists.txt:
C/C++:   The object file directory
C/C++:     C:/Users/flood/hiconnect/higo-platform/node_modules/.pnpm/react-native-screens@4.25.2_2ff10e5e35d62e75ef3e80445743cd5d/node_modules/react-native-screens/android/.cxx/RelWithDebInfo/606e585m/x86/CMakeFiles/rnscreens.dir/./
C/C++:   has 221 characters.  The maximum full path to an object file is 250
C/C++:   characters (see CMAKE_OBJECT_PATH_MAX).  Object file
C/C++:     src/main/cpp/jni-adapter.cpp.o
C/C++:   cannot be safely placed under this directory.  The build may not work
C/C++:   correctly.
C/C++: CMake Warning in CMakeLists.txt:
C/C++:   The object file directory
C/C++:     C:/Users/flood/hiconnect/higo-platform/node_modules/.pnpm/react-native-screens@4.25.2_2ff10e5e35d62e75ef3e80445743cd5d/node_modules/react-native-screens/android/.cxx/RelWithDebInfo/606e585m/x86/CMakeFiles/rnscreens.dir/./
C/C++:   has 221 characters.  The maximum full path to an object file is 250
C/C++:   characters (see CMAKE_OBJECT_PATH_MAX).  Object file
C/C++:     C_/Users/flood/hiconnect/higo-platform/node_modules/.pnpm/react-native-screens@4.25.2_2ff10e5e35d62e75ef3e80445743cd5d/node_modules/react-native-screens/cpp/RNScreensTurboModule.cpp.o
C/C++:   cannot be safely placed under this directory.  The build may not work
C/C++:   correctly.

> Task :react-native-svg:assembleRelease

> Task :react-native-worklets:buildCMakeRelWithDebInfo[armeabi-v7a][worklets]
C/C++: CMake Warning in CMakeLists.txt:
C/C++:   The object file directory
C/C++:     C:/Users/flood/hiconnect/higo-platform/node_modules/.pnpm/react-native-worklets@0.8.3_0c963d7fe504361936d05065f4a6a04d/node_modules/react-native-worklets/android/.cxx/RelWithDebInfo/3o5nu4n2/armeabi-v7a/CMakeFiles/worklets.dir/./
C/C++:   has 229 characters.  The maximum full path to an object file is 250
C/C++:   characters (see CMAKE_OBJECT_PATH_MAX).  Object file
C/C++:     C_/Users/flood/hiconnect/higo-platform/node_modules/.pnpm/react-native-worklets@0.8.3_0c963d7fe504361936d05065f4a6a04d/node_modules/react-native-worklets/Common/cpp/worklets/NativeModules/JSIWorkletsModuleProxy.cpp.o
C/C++:   cannot be safely placed under this directory.  The build may not work
C/C++:   correctly.
C/C++: CMake Warning in CMakeLists.txt:
C/C++:   The object file directory
C/C++:     C:/Users/flood/hiconnect/higo-platform/node_modules/.pnpm/react-native-worklets@0.8.3_0c963d7fe504361936d05065f4a6a04d/node_modules/react-native-worklets/android/.cxx/RelWithDebInfo/3o5nu4n2/armeabi-v7a/CMakeFiles/worklets.dir/./
C/C++:   has 229 characters.  The maximum full path to an object file is 250
C/C++:   characters (see CMAKE_OBJECT_PATH_MAX).  Object file
C/C++:     C_/Users/flood/hiconnect/higo-platform/node_modules/.pnpm/react-native-worklets@0.8.3_0c963d7fe504361936d05065f4a6a04d/node_modules/react-native-worklets/Common/cpp/worklets/NativeModules/JSIWorkletsModuleProxy.cpp.o
C/C++:   cannot be safely placed under this directory.  The build may not work
C/C++:   correctly.
C/C++: CMake Warning in CMakeLists.txt:
C/C++:   The object file directory
C/C++:     C:/Users/flood/hiconnect/higo-platform/node_modules/.pnpm/react-native-worklets@0.8.3_0c963d7fe504361936d05065f4a6a04d/node_modules/react-native-worklets/android/.cxx/RelWithDebInfo/3o5nu4n2/armeabi-v7a/CMakeFiles/worklets.dir/./
C/C++:   has 229 characters.  The maximum full path to an object file is 250
C/C++:   characters (see CMAKE_OBJECT_PATH_MAX).  Object file
C/C++:     C_/Users/flood/hiconnect/higo-platform/node_modules/.pnpm/react-native-worklets@0.8.3_0c963d7fe504361936d05065f4a6a04d/node_modules/react-native-worklets/Common/cpp/worklets/AnimationFrameQueue/AnimationFrameBatchinator.cpp.o
C/C++:   cannot be safely placed under this directory.  The build may not work
C/C++:   correctly.
C/C++: CMake Warning in CMakeLists.txt:
C/C++:   The object file directory
C/C++:     C:/Users/flood/hiconnect/higo-platform/node_modules/.pnpm/react-native-worklets@0.8.3_0c963d7fe504361936d05065f4a6a04d/node_modules/react-native-worklets/android/.cxx/RelWithDebInfo/3o5nu4n2/armeabi-v7a/CMakeFiles/worklets.dir/./
C/C++:   has 229 characters.  The maximum full path to an object file is 250
C/C++:   characters (see CMAKE_OBJECT_PATH_MAX).  Object file
C/C++:     C_/Users/flood/hiconnect/higo-platform/node_modules/.pnpm/react-native-worklets@0.8.3_0c963d7fe504361936d05065f4a6a04d/node_modules/react-native-worklets/Common/cpp/worklets/NativeModules/WorkletsModuleProxy.cpp.o
C/C++:   cannot be safely placed under this directory.  The build may not work
C/C++:   correctly.
C/C++: CMake Warning in CMakeLists.txt:
C/C++:   The object file directory
C/C++:     C:/Users/flood/hiconnect/higo-platform/node_modules/.pnpm/react-native-worklets@0.8.3_0c963d7fe504361936d05065f4a6a04d/node_modules/react-native-worklets/android/.cxx/RelWithDebInfo/3o5nu4n2/armeabi-v7a/CMakeFiles/worklets.dir/./
C/C++:   has 229 characters.  The maximum full path to an object file is 250
C/C++:   characters (see CMAKE_OBJECT_PATH_MAX).  Object file
C/C++:     C_/Users/flood/hiconnect/higo-platform/node_modules/.pnpm/react-native-worklets@0.8.3_0c963d7fe504361936d05065f4a6a04d/node_modules/react-native-worklets/Common/cpp/worklets/Resources/SynchronizableUnpacker.cpp.o
C/C++:   cannot be safely placed under this directory.  The build may not work
C/C++:   correctly.
C/C++: CMake Warning in CMakeLists.txt:
C/C++:   The object file directory
C/C++:     C:/Users/flood/hiconnect/higo-platform/node_modules/.pnpm/react-native-worklets@0.8.3_0c963d7fe504361936d05065f4a6a04d/node_modules/react-native-worklets/android/.cxx/RelWithDebInfo/3o5nu4n2/armeabi-v7a/CMakeFiles/worklets.dir/./
C/C++:   has 229 characters.  The maximum full path to an object file is 250
C/C++:   characters (see CMAKE_OBJECT_PATH_MAX).  Object file
C/C++:     C_/Users/flood/hiconnect/higo-platform/node_modules/.pnpm/react-native-worklets@0.8.3_0c963d7fe504361936d05065f4a6a04d/node_modules/react-native-worklets/Common/cpp/worklets/NativeModules/WorkletsModuleProxy.cpp.o
C/C++:   cannot be safely placed under this directory.  The build may not work
C/C++:   correctly.
C/C++: CMake Warning in CMakeLists.txt:
C/C++:   The object file directory
C/C++:     C:/Users/flood/hiconnect/higo-platform/node_modules/.pnpm/react-native-worklets@0.8.3_0c963d7fe504361936d05065f4a6a04d/node_modules/react-native-worklets/android/.cxx/RelWithDebInfo/3o5nu4n2/armeabi-v7a/CMakeFiles/worklets.dir/./
C/C++:   has 229 characters.  The maximum full path to an object file is 250
C/C++:   characters (see CMAKE_OBJECT_PATH_MAX).  Object file
C/C++:     C_/Users/flood/hiconnect/higo-platform/node_modules/.pnpm/react-native-worklets@0.8.3_0c963d7fe504361936d05065f4a6a04d/node_modules/react-native-worklets/Common/cpp/worklets/Resources/ShareableGuestUnpacker.cpp.o
C/C++:   cannot be safely placed under this directory.  The build may not work
C/C++:   correctly.

> Task :react-native-webview:bundleReleaseAar
> Task :react-native-webview:mapReleaseSourceSetPaths

> Task :react-native-screens:buildCMakeRelWithDebInfo[x86]
C/C++: CMake Warning in CMakeLists.txt:
C/C++:   The object file directory
C/C++:     C:/Users/flood/hiconnect/higo-platform/node_modules/.pnpm/react-native-screens@4.25.2_2ff10e5e35d62e75ef3e80445743cd5d/node_modules/react-native-screens/android/.cxx/RelWithDebInfo/606e585m/x86/CMakeFiles/rnscreens.dir/./
C/C++:   has 221 characters.  The maximum full path to an object file is 250
C/C++:   characters (see CMAKE_OBJECT_PATH_MAX).  Object file
C/C++:     src/main/cpp/jni-adapter.cpp.o
C/C++:   cannot be safely placed under this directory.  The build may not work
C/C++:   correctly.

> Task :react-native-safe-area-context:assembleRelease
> Task :sentry_react-native:bundleReleaseAar
> Task :sentry_react-native:mapReleaseSourceSetPaths

> Task :react-native-worklets:buildCMakeRelWithDebInfo[armeabi-v7a][worklets]
C/C++: CMake Warning in CMakeLists.txt:
C/C++:   The object file directory
C/C++:     C:/Users/flood/hiconnect/higo-platform/node_modules/.pnpm/react-native-worklets@0.8.3_0c963d7fe504361936d05065f4a6a04d/node_modules/react-native-worklets/android/.cxx/RelWithDebInfo/3o5nu4n2/armeabi-v7a/CMakeFiles/worklets.dir/./
C/C++:   has 229 characters.  The maximum full path to an object file is 250
C/C++:   characters (see CMAKE_OBJECT_PATH_MAX).  Object file
C/C++:     C_/Users/flood/hiconnect/higo-platform/node_modules/.pnpm/react-native-worklets@0.8.3_0c963d7fe504361936d05065f4a6a04d/node_modules/react-native-worklets/Common/cpp/worklets/NativeModules/JSIWorkletsModuleProxy.cpp.o
C/C++:   cannot be safely placed under this directory.  The build may not work
C/C++:   correctly.
C/C++: CMake Warning in CMakeLists.txt:
C/C++:   The object file directory
C/C++:     C:/Users/flood/hiconnect/higo-platform/node_modules/.pnpm/react-native-worklets@0.8.3_0c963d7fe504361936d05065f4a6a04d/node_modules/react-native-worklets/android/.cxx/RelWithDebInfo/3o5nu4n2/armeabi-v7a/CMakeFiles/worklets.dir/./
C/C++:   has 229 characters.  The maximum full path to an object file is 250
C/C++:   characters (see CMAKE_OBJECT_PATH_MAX).  Object file
C/C++:     C_/Users/flood/hiconnect/higo-platform/node_modules/.pnpm/react-native-worklets@0.8.3_0c963d7fe504361936d05065f4a6a04d/node_modules/react-native-worklets/Common/cpp/worklets/Resources/ShareableGuestUnpacker.cpp.o
C/C++:   cannot be safely placed under this directory.  The build may not work
C/C++:   correctly.
C/C++: CMake Warning in CMakeLists.txt:
C/C++:   The object file directory
C/C++:     C:/Users/flood/hiconnect/higo-platform/node_modules/.pnpm/react-native-worklets@0.8.3_0c963d7fe504361936d05065f4a6a04d/node_modules/react-native-worklets/android/.cxx/RelWithDebInfo/3o5nu4n2/armeabi-v7a/CMakeFiles/worklets.dir/./
C/C++:   has 229 characters.  The maximum full path to an object file is 250
C/C++:   characters (see CMAKE_OBJECT_PATH_MAX).  Object file
C/C++:     C_/Users/flood/hiconnect/higo-platform/node_modules/.pnpm/react-native-worklets@0.8.3_0c963d7fe504361936d05065f4a6a04d/node_modules/react-native-worklets/Common/cpp/worklets/Resources/ShareableGuestUnpacker.cpp.o
C/C++:   cannot be safely placed under this directory.  The build may not work
C/C++:   correctly.
C/C++: CMake Warning in CMakeLists.txt:
C/C++:   The object file directory
C/C++:     C:/Users/flood/hiconnect/higo-platform/node_modules/.pnpm/react-native-worklets@0.8.3_0c963d7fe504361936d05065f4a6a04d/node_modules/react-native-worklets/android/.cxx/RelWithDebInfo/3o5nu4n2/armeabi-v7a/CMakeFiles/worklets.dir/./
C/C++:   has 229 characters.  The maximum full path to an object file is 250
C/C++:   characters (see CMAKE_OBJECT_PATH_MAX).  Object file
C/C++:     C_/Users/flood/hiconnect/higo-platform/node_modules/.pnpm/react-native-worklets@0.8.3_0c963d7fe504361936d05065f4a6a04d/node_modules/react-native-worklets/Common/cpp/worklets/Compat/StableApi.cpp.o
C/C++:   cannot be safely placed under this directory.  The build may not work
C/C++:   correctly.
C/C++: CMake Warning in CMakeLists.txt:
C/C++:   The object file directory
C/C++:     C:/Users/flood/hiconnect/higo-platform/node_modules/.pnpm/react-native-worklets@0.8.3_0c963d7fe504361936d05065f4a6a04d/node_modules/react-native-worklets/android/.cxx/RelWithDebInfo/3o5nu4n2/armeabi-v7a/CMakeFiles/worklets.dir/./
C/C++:   has 229 characters.  The maximum full path to an object file is 250
C/C++:   characters (see CMAKE_OBJECT_PATH_MAX).  Object file
C/C++:     C_/Users/flood/hiconnect/higo-platform/node_modules/.pnpm/react-native-worklets@0.8.3_0c963d7fe504361936d05065f4a6a04d/node_modules/react-native-worklets/Common/cpp/worklets/Compat/StableApi.cpp.o
C/C++:   cannot be safely placed under this directory.  The build may not work
C/C++:   correctly.

> Task :react-native-webview:mergeReleaseResources

> Task :react-native-screens:buildCMakeRelWithDebInfo[x86]
C/C++: CMake Warning in CMakeLists.txt:
C/C++:   The object file directory
C/C++:     C:/Users/flood/hiconnect/higo-platform/node_modules/.pnpm/react-native-screens@4.25.2_2ff10e5e35d62e75ef3e80445743cd5d/node_modules/react-native-screens/android/.cxx/RelWithDebInfo/606e585m/x86/CMakeFiles/rnscreens.dir/./
C/C++:   has 221 characters.  The maximum full path to an object file is 250
C/C++:   characters (see CMAKE_OBJECT_PATH_MAX).  Object file
C/C++:     C_/Users/flood/hiconnect/higo-platform/node_modules/.pnpm/react-native-screens@4.25.2_2ff10e5e35d62e75ef3e80445743cd5d/node_modules/react-native-screens/cpp/RNSScreenRemovalListener.cpp.o
C/C++:   cannot be safely placed under this directory.  The build may not work
C/C++:   correctly.
C/C++: CMake Warning in CMakeLists.txt:
C/C++:   The object file directory
C/C++:     C:/Users/flood/hiconnect/higo-platform/node_modules/.pnpm/react-native-screens@4.25.2_2ff10e5e35d62e75ef3e80445743cd5d/node_modules/react-native-screens/android/.cxx/RelWithDebInfo/606e585m/x86/CMakeFiles/rnscreens.dir/./
C/C++:   has 221 characters.  The maximum full path to an object file is 250
C/C++:   characters (see CMAKE_OBJECT_PATH_MAX).  Object file
C/C++:     C_/Users/flood/hiconnect/higo-platform/node_modules/.pnpm/react-native-screens@4.25.2_2ff10e5e35d62e75ef3e80445743cd5d/node_modules/react-native-screens/cpp/RNSScreenRemovalListener.cpp.o
C/C++:   cannot be safely placed under this directory.  The build may not work
C/C++:   correctly.
C/C++: CMake Warning in CMakeLists.txt:
C/C++:   The object file directory
C/C++:     C:/Users/flood/hiconnect/higo-platform/node_modules/.pnpm/react-native-screens@4.25.2_2ff10e5e35d62e75ef3e80445743cd5d/node_modules/react-native-screens/android/.cxx/RelWithDebInfo/606e585m/x86/CMakeFiles/rnscreens.dir/./
C/C++:   has 221 characters.  The maximum full path to an object file is 250
C/C++:   characters (see CMAKE_OBJECT_PATH_MAX).  Object file
C/C++:     src/main/cpp/jni-adapter.cpp.o
C/C++:   cannot be safely placed under this directory.  The build may not work
C/C++:   correctly.
C/C++: CMake Warning in CMakeLists.txt:
C/C++:   The object file directory
C/C++:     C:/Users/flood/hiconnect/higo-platform/node_modules/.pnpm/react-native-screens@4.25.2_2ff10e5e35d62e75ef3e80445743cd5d/node_modules/react-native-screens/android/.cxx/RelWithDebInfo/606e585m/x86/CMakeFiles/rnscreens.dir/./
C/C++:   has 221 characters.  The maximum full path to an object file is 250
C/C++:   characters (see CMAKE_OBJECT_PATH_MAX).  Object file
C/C++:     src/main/cpp/NativeProxy.cpp.o
C/C++:   cannot be safely placed under this directory.  The build may not work
C/C++:   correctly.
C/C++: CMake Warning in CMakeLists.txt:
C/C++:   The object file directory
C/C++:     C:/Users/flood/hiconnect/higo-platform/node_modules/.pnpm/react-native-screens@4.25.2_2ff10e5e35d62e75ef3e80445743cd5d/node_modules/react-native-screens/android/.cxx/RelWithDebInfo/606e585m/x86/CMakeFiles/rnscreens.dir/./
C/C++:   has 221 characters.  The maximum full path to an object file is 250
C/C++:   characters (see CMAKE_OBJECT_PATH_MAX).  Object file
C/C++:     src/main/cpp/jni-adapter.cpp.o
C/C++:   cannot be safely placed under this directory.  The build may not work
C/C++:   correctly.
C/C++: CMake Warning in CMakeLists.txt:
C/C++:   The object file directory
C/C++:     C:/Users/flood/hiconnect/higo-platform/node_modules/.pnpm/react-native-screens@4.25.2_2ff10e5e35d62e75ef3e80445743cd5d/node_modules/react-native-screens/android/.cxx/RelWithDebInfo/606e585m/x86/CMakeFiles/rnscreens.dir/./
C/C++:   has 221 characters.  The maximum full path to an object file is 250
C/C++:   characters (see CMAKE_OBJECT_PATH_MAX).  Object file
C/C++:     C_/Users/flood/hiconnect/higo-platform/node_modules/.pnpm/react-native-screens@4.25.2_2ff10e5e35d62e75ef3e80445743cd5d/node_modules/react-native-screens/cpp/RNSScreenRemovalListener.cpp.o
C/C++:   cannot be safely placed under this directory.  The build may not work
C/C++:   correctly.
C/C++: CMake Warning in CMakeLists.txt:
C/C++:   The object file directory
C/C++:     C:/Users/flood/hiconnect/higo-platform/node_modules/.pnpm/react-native-screens@4.25.2_2ff10e5e35d62e75ef3e80445743cd5d/node_modules/react-native-screens/android/.cxx/RelWithDebInfo/606e585m/x86/CMakeFiles/rnscreens.dir/./
C/C++:   has 221 characters.  The maximum full path to an object file is 250
C/C++:   characters (see CMAKE_OBJECT_PATH_MAX).  Object file
C/C++:     C_/Users/flood/hiconnect/higo-platform/node_modules/.pnpm/react-native-screens@4.25.2_2ff10e5e35d62e75ef3e80445743cd5d/node_modules/react-native-screens/cpp/RNScreensTurboModule.cpp.o
C/C++:   cannot be safely placed under this directory.  The build may not work
C/C++:   correctly.
C/C++: CMake Warning in CMakeLists.txt:
C/C++:   The object file directory
C/C++:     C:/Users/flood/hiconnect/higo-platform/node_modules/.pnpm/react-native-screens@4.25.2_2ff10e5e35d62e75ef3e80445743cd5d/node_modules/react-native-screens/android/.cxx/RelWithDebInfo/606e585m/x86/CMakeFiles/rnscreens.dir/./
C/C++:   has 221 characters.  The maximum full path to an object file is 250
C/C++:   characters (see CMAKE_OBJECT_PATH_MAX).  Object file
C/C++:     src/main/cpp/jni-adapter.cpp.o
C/C++:   cannot be safely placed under this directory.  The build may not work
C/C++:   correctly.

> Task :sentry_react-native:mergeReleaseResources

> Task :react-native-worklets:buildCMakeRelWithDebInfo[armeabi-v7a][worklets]
C/C++: CMake Warning in CMakeLists.txt:
C/C++:   The object file directory
C/C++:     C:/Users/flood/hiconnect/higo-platform/node_modules/.pnpm/react-native-worklets@0.8.3_0c963d7fe504361936d05065f4a6a04d/node_modules/react-native-worklets/android/.cxx/RelWithDebInfo/3o5nu4n2/armeabi-v7a/CMakeFiles/worklets.dir/./
C/C++:   has 229 characters.  The maximum full path to an object file is 250
C/C++:   characters (see CMAKE_OBJECT_PATH_MAX).  Object file
C/C++:     C_/Users/flood/hiconnect/higo-platform/node_modules/.pnpm/react-native-worklets@0.8.3_0c963d7fe504361936d05065f4a6a04d/node_modules/react-native-worklets/Common/cpp/worklets/AnimationFrameQueue/AnimationFrameBatchinator.cpp.o
C/C++:   cannot be safely placed under this directory.  The build may not work
C/C++:   correctly.
C/C++: CMake Warning in CMakeLists.txt:
C/C++:   The object file directory
C/C++:     C:/Users/flood/hiconnect/higo-platform/node_modules/.pnpm/react-native-worklets@0.8.3_0c963d7fe504361936d05065f4a6a04d/node_modules/react-native-worklets/android/.cxx/RelWithDebInfo/3o5nu4n2/armeabi-v7a/CMakeFiles/worklets.dir/./
C/C++:   has 229 characters.  The maximum full path to an object file is 250
C/C++:   characters (see CMAKE_OBJECT_PATH_MAX).  Object file
C/C++:     C_/Users/flood/hiconnect/higo-platform/node_modules/.pnpm/react-native-worklets@0.8.3_0c963d7fe504361936d05065f4a6a04d/node_modules/react-native-worklets/Common/cpp/worklets/AnimationFrameQueue/AnimationFrameBatchinator.cpp.o
C/C++:   cannot be safely placed under this directory.  The build may not work
C/C++:   correctly.
C/C++: CMake Warning in CMakeLists.txt:
C/C++:   The object file directory
C/C++:     C:/Users/flood/hiconnect/higo-platform/node_modules/.pnpm/react-native-worklets@0.8.3_0c963d7fe504361936d05065f4a6a04d/node_modules/react-native-worklets/android/.cxx/RelWithDebInfo/3o5nu4n2/armeabi-v7a/CMakeFiles/worklets.dir/./
C/C++:   has 229 characters.  The maximum full path to an object file is 250
C/C++:   characters (see CMAKE_OBJECT_PATH_MAX).  Object file
C/C++:     C_/Users/flood/hiconnect/higo-platform/node_modules/.pnpm/react-native-worklets@0.8.3_0c963d7fe504361936d05065f4a6a04d/node_modules/react-native-worklets/Common/cpp/worklets/Compat/StableApi.cpp.o
C/C++:   cannot be safely placed under this directory.  The build may not work
C/C++:   correctly.
C/C++: CMake Warning in CMakeLists.txt:
C/C++:   The object file directory
C/C++:     C:/Users/flood/hiconnect/higo-platform/node_modules/.pnpm/react-native-worklets@0.8.3_0c963d7fe504361936d05065f4a6a04d/node_modules/react-native-worklets/android/.cxx/RelWithDebInfo/3o5nu4n2/armeabi-v7a/CMakeFiles/worklets.dir/./
C/C++:   has 229 characters.  The maximum full path to an object file is 250
C/C++:   characters (see CMAKE_OBJECT_PATH_MAX).  Object file
C/C++:     C_/Users/flood/hiconnect/higo-platform/node_modules/.pnpm/react-native-worklets@0.8.3_0c963d7fe504361936d05065f4a6a04d/node_modules/react-native-worklets/Common/cpp/worklets/NativeModules/JSIWorkletsModuleProxy.cpp.o
C/C++:   cannot be safely placed under this directory.  The build may not work
C/C++:   correctly.
C/C++: CMake Warning in CMakeLists.txt:
C/C++:   The object file directory
C/C++:     C:/Users/flood/hiconnect/higo-platform/node_modules/.pnpm/react-native-worklets@0.8.3_0c963d7fe504361936d05065f4a6a04d/node_modules/react-native-worklets/android/.cxx/RelWithDebInfo/3o5nu4n2/armeabi-v7a/CMakeFiles/worklets.dir/./
C/C++:   has 229 characters.  The maximum full path to an object file is 250
C/C++:   characters (see CMAKE_OBJECT_PATH_MAX).  Object file
C/C++:     C_/Users/flood/hiconnect/higo-platform/node_modules/.pnpm/react-native-worklets@0.8.3_0c963d7fe504361936d05065f4a6a04d/node_modules/react-native-worklets/Common/cpp/worklets/NativeModules/WorkletsModuleProxy.cpp.o
C/C++:   cannot be safely placed under this directory.  The build may not work
C/C++:   correctly.
C/C++: CMake Warning in CMakeLists.txt:
C/C++:   The object file directory
C/C++:     C:/Users/flood/hiconnect/higo-platform/node_modules/.pnpm/react-native-worklets@0.8.3_0c963d7fe504361936d05065f4a6a04d/node_modules/react-native-worklets/android/.cxx/RelWithDebInfo/3o5nu4n2/armeabi-v7a/CMakeFiles/worklets.dir/./
C/C++:   has 229 characters.  The maximum full path to an object file is 250
C/C++:   characters (see CMAKE_OBJECT_PATH_MAX).  Object file
C/C++:     C_/Users/flood/hiconnect/higo-platform/node_modules/.pnpm/react-native-worklets@0.8.3_0c963d7fe504361936d05065f4a6a04d/node_modules/react-native-worklets/Common/cpp/worklets/NativeModules/JSIWorkletsModuleProxy.cpp.o
C/C++:   cannot be safely placed under this directory.  The build may not work
C/C++:   correctly.

> Task :react-native-screens:buildCMakeRelWithDebInfo[x86]
C/C++: CMake Warning in CMakeLists.txt:
C/C++:   The object file directory
C/C++:     C:/Users/flood/hiconnect/higo-platform/node_modules/.pnpm/react-native-screens@4.25.2_2ff10e5e35d62e75ef3e80445743cd5d/node_modules/react-native-screens/android/.cxx/RelWithDebInfo/606e585m/x86/CMakeFiles/rnscreens.dir/./
C/C++:   has 221 characters.  The maximum full path to an object file is 250
C/C++:   characters (see CMAKE_OBJECT_PATH_MAX).  Object file
C/C++:     src/main/cpp/NativeProxy.cpp.o
C/C++:   cannot be safely placed under this directory.  The build may not work
C/C++:   correctly.
C/C++: CMake Warning in CMakeLists.txt:
C/C++:   The object file directory
C/C++:     C:/Users/flood/hiconnect/higo-platform/node_modules/.pnpm/react-native-screens@4.25.2_2ff10e5e35d62e75ef3e80445743cd5d/node_modules/react-native-screens/android/.cxx/RelWithDebInfo/606e585m/x86/CMakeFiles/rnscreens.dir/./
C/C++:   has 221 characters.  The maximum full path to an object file is 250
C/C++:   characters (see CMAKE_OBJECT_PATH_MAX).  Object file
C/C++:     src/main/cpp/NativeProxy.cpp.o
C/C++:   cannot be safely placed under this directory.  The build may not work
C/C++:   correctly.
C/C++: CMake Warning in CMakeLists.txt:
C/C++:   The object file directory
C/C++:     C:/Users/flood/hiconnect/higo-platform/node_modules/.pnpm/react-native-screens@4.25.2_2ff10e5e35d62e75ef3e80445743cd5d/node_modules/react-native-screens/android/.cxx/RelWithDebInfo/606e585m/x86/CMakeFiles/rnscreens.dir/./
C/C++:   has 221 characters.  The maximum full path to an object file is 250
C/C++:   characters (see CMAKE_OBJECT_PATH_MAX).  Object file
C/C++:     C_/Users/flood/hiconnect/higo-platform/node_modules/.pnpm/react-native-screens@4.25.2_2ff10e5e35d62e75ef3e80445743cd5d/node_modules/react-native-screens/cpp/RNSScreenRemovalListener.cpp.o
C/C++:   cannot be safely placed under this directory.  The build may not work
C/C++:   correctly.
C/C++: CMake Warning in CMakeLists.txt:
C/C++:   The object file directory
C/C++:     C:/Users/flood/hiconnect/higo-platform/node_modules/.pnpm/react-native-screens@4.25.2_2ff10e5e35d62e75ef3e80445743cd5d/node_modules/react-native-screens/android/.cxx/RelWithDebInfo/606e585m/x86/CMakeFiles/rnscreens.dir/./
C/C++:   has 221 characters.  The maximum full path to an object file is 250
C/C++:   characters (see CMAKE_OBJECT_PATH_MAX).  Object file
C/C++:     C_/Users/flood/hiconnect/higo-platform/node_modules/.pnpm/react-native-screens@4.25.2_2ff10e5e35d62e75ef3e80445743cd5d/node_modules/react-native-screens/cpp/RNScreensTurboModule.cpp.o
C/C++:   cannot be safely placed under this directory.  The build may not work
C/C++:   correctly.
C/C++: CMake Warning in CMakeLists.txt:
C/C++:   The object file directory
C/C++:     C:/Users/flood/hiconnect/higo-platform/node_modules/.pnpm/react-native-screens@4.25.2_2ff10e5e35d62e75ef3e80445743cd5d/node_modules/react-native-screens/android/.cxx/RelWithDebInfo/606e585m/x86/CMakeFiles/rnscreens.dir/./
C/C++:   has 221 characters.  The maximum full path to an object file is 250
C/C++:   characters (see CMAKE_OBJECT_PATH_MAX).  Object file
C/C++:     src/main/cpp/NativeProxy.cpp.o
C/C++:   cannot be safely placed under this directory.  The build may not work
C/C++:   correctly.
C/C++: CMake Warning in CMakeLists.txt:
C/C++:   The object file directory
C/C++:     C:/Users/flood/hiconnect/higo-platform/node_modules/.pnpm/react-native-screens@4.25.2_2ff10e5e35d62e75ef3e80445743cd5d/node_modules/react-native-screens/android/.cxx/RelWithDebInfo/606e585m/x86/CMakeFiles/rnscreens.dir/./
C/C++:   has 221 characters.  The maximum full path to an object file is 250
C/C++:   characters (see CMAKE_OBJECT_PATH_MAX).  Object file
C/C++:     C_/Users/flood/hiconnect/higo-platform/node_modules/.pnpm/react-native-screens@4.25.2_2ff10e5e35d62e75ef3e80445743cd5d/node_modules/react-native-screens/cpp/RNSScreenRemovalListener.cpp.o
C/C++:   cannot be safely placed under this directory.  The build may not work
C/C++:   correctly.
C/C++: CMake Warning in CMakeLists.txt:
C/C++:   The object file directory
C/C++:     C:/Users/flood/hiconnect/higo-platform/node_modules/.pnpm/react-native-screens@4.25.2_2ff10e5e35d62e75ef3e80445743cd5d/node_modules/react-native-screens/android/.cxx/RelWithDebInfo/606e585m/x86/CMakeFiles/rnscreens.dir/./
C/C++:   has 221 characters.  The maximum full path to an object file is 250
C/C++:   characters (see CMAKE_OBJECT_PATH_MAX).  Object file
C/C++:     C_/Users/flood/hiconnect/higo-platform/node_modules/.pnpm/react-native-screens@4.25.2_2ff10e5e35d62e75ef3e80445743cd5d/node_modules/react-native-screens/cpp/RNScreensTurboModule.cpp.o
C/C++:   cannot be safely placed under this directory.  The build may not work
C/C++:   correctly.
C/C++: CMake Warning in CMakeLists.txt:
C/C++:   The object file directory
C/C++:     C:/Users/flood/hiconnect/higo-platform/node_modules/.pnpm/react-native-screens@4.25.2_2ff10e5e35d62e75ef3e80445743cd5d/node_modules/react-native-screens/android/.cxx/RelWithDebInfo/606e585m/x86/CMakeFiles/rnscreens.dir/./
C/C++:   has 221 characters.  The maximum full path to an object file is 250
C/C++:   characters (see CMAKE_OBJECT_PATH_MAX).  Object file
C/C++:     src/main/cpp/NativeProxy.cpp.o
C/C++:   cannot be safely placed under this directory.  The build may not work
C/C++:   correctly.
C/C++: CMake Warning in CMakeLists.txt:
C/C++:   The object file directory
C/C++:     C:/Users/flood/hiconnect/higo-platform/node_modules/.pnpm/react-native-screens@4.25.2_2ff10e5e35d62e75ef3e80445743cd5d/node_modules/react-native-screens/android/.cxx/RelWithDebInfo/606e585m/x86/CMakeFiles/rnscreens.dir/./
C/C++:   has 221 characters.  The maximum full path to an object file is 250
C/C++:   characters (see CMAKE_OBJECT_PATH_MAX).  Object file
C/C++:     C_/Users/flood/hiconnect/higo-platform/node_modules/.pnpm/react-native-screens@4.25.2_2ff10e5e35d62e75ef3e80445743cd5d/node_modules/react-native-screens/cpp/RNScreensTurboModule.cpp.o
C/C++:   cannot be safely placed under this directory.  The build may not work
C/C++:   correctly.
C/C++: CMake Warning in CMakeLists.txt:
C/C++:   The object file directory
C/C++:     C:/Users/flood/hiconnect/higo-platform/node_modules/.pnpm/react-native-screens@4.25.2_2ff10e5e35d62e75ef3e80445743cd5d/node_modules/react-native-screens/android/.cxx/RelWithDebInfo/606e585m/x86/CMakeFiles/rnscreens.dir/./
C/C++:   has 221 characters.  The maximum full path to an object file is 250
C/C++:   characters (see CMAKE_OBJECT_PATH_MAX).  Object file
C/C++:     C_/Users/flood/hiconnect/higo-platform/node_modules/.pnpm/react-native-screens@4.25.2_2ff10e5e35d62e75ef3e80445743cd5d/node_modules/react-native-screens/cpp/RNScreensTurboModule.cpp.o
C/C++:   cannot be safely placed under this directory.  The build may not work
C/C++:   correctly.
C/C++: CMake Warning in CMakeLists.txt:
C/C++:   The object file directory
C/C++:     C:/Users/flood/hiconnect/higo-platform/node_modules/.pnpm/react-native-screens@4.25.2_2ff10e5e35d62e75ef3e80445743cd5d/node_modules/react-native-screens/android/.cxx/RelWithDebInfo/606e585m/x86/CMakeFiles/rnscreens.dir/./
C/C++:   has 221 characters.  The maximum full path to an object file is 250
C/C++:   characters (see CMAKE_OBJECT_PATH_MAX).  Object file
C/C++:     C_/Users/flood/hiconnect/higo-platform/node_modules/.pnpm/react-native-screens@4.25.2_2ff10e5e35d62e75ef3e80445743cd5d/node_modules/react-native-screens/cpp/RNSScreenRemovalListener.cpp.o
C/C++:   cannot be safely placed under this directory.  The build may not work
C/C++:   correctly.
C/C++: CMake Warning in CMakeLists.txt:
C/C++:   The object file directory
C/C++:     C:/Users/flood/hiconnect/higo-platform/node_modules/.pnpm/react-native-screens@4.25.2_2ff10e5e35d62e75ef3e80445743cd5d/node_modules/react-native-screens/android/.cxx/RelWithDebInfo/606e585m/x86/CMakeFiles/rnscreens.dir/./
C/C++:   has 221 characters.  The maximum full path to an object file is 250
C/C++:   characters (see CMAKE_OBJECT_PATH_MAX).  Object file
C/C++:     src/main/cpp/NativeProxy.cpp.o
C/C++:   cannot be safely placed under this directory.  The build may not work
C/C++:   correctly.
C/C++: CMake Warning in CMakeLists.txt:
C/C++:   The object file directory
C/C++:     C:/Users/flood/hiconnect/higo-platform/node_modules/.pnpm/react-native-screens@4.25.2_2ff10e5e35d62e75ef3e80445743cd5d/node_modules/react-native-screens/android/.cxx/RelWithDebInfo/606e585m/x86/CMakeFiles/rnscreens.dir/./
C/C++:   has 221 characters.  The maximum full path to an object file is 250
C/C++:   characters (see CMAKE_OBJECT_PATH_MAX).  Object file
C/C++:     src/main/cpp/jni-adapter.cpp.o
C/C++:   cannot be safely placed under this directory.  The build may not work
C/C++:   correctly.
C/C++: CMake Warning in CMakeLists.txt:
C/C++:   The object file directory
C/C++:     C:/Users/flood/hiconnect/higo-platform/node_modules/.pnpm/react-native-screens@4.25.2_2ff10e5e35d62e75ef3e80445743cd5d/node_modules/react-native-screens/android/.cxx/RelWithDebInfo/606e585m/x86/CMakeFiles/rnscreens.dir/./
C/C++:   has 221 characters.  The maximum full path to an object file is 250
C/C++:   characters (see CMAKE_OBJECT_PATH_MAX).  Object file
C/C++:     C_/Users/flood/hiconnect/higo-platform/node_modules/.pnpm/react-native-screens@4.25.2_2ff10e5e35d62e75ef3e80445743cd5d/node_modules/react-native-screens/cpp/RNScreensTurboModule.cpp.o
C/C++:   cannot be safely placed under this directory.  The build may not work
C/C++:   correctly.
C/C++: CMake Warning in CMakeLists.txt:
C/C++:   The object file directory
C/C++:     C:/Users/flood/hiconnect/higo-platform/node_modules/.pnpm/react-native-screens@4.25.2_2ff10e5e35d62e75ef3e80445743cd5d/node_modules/react-native-screens/android/.cxx/RelWithDebInfo/606e585m/x86/CMakeFiles/rnscreens.dir/./
C/C++:   has 221 characters.  The maximum full path to an object file is 250
C/C++:   characters (see CMAKE_OBJECT_PATH_MAX).  Object file
C/C++:     C_/Users/flood/hiconnect/higo-platform/node_modules/.pnpm/react-native-screens@4.25.2_2ff10e5e35d62e75ef3e80445743cd5d/node_modules/react-native-screens/cpp/RNScreensTurboModule.cpp.o
C/C++:   cannot be safely placed under this directory.  The build may not work
C/C++:   correctly.
C/C++: CMake Warning in CMakeLists.txt:
C/C++:   The object file directory
C/C++:     C:/Users/flood/hiconnect/higo-platform/node_modules/.pnpm/react-native-screens@4.25.2_2ff10e5e35d62e75ef3e80445743cd5d/node_modules/react-native-screens/android/.cxx/RelWithDebInfo/606e585m/x86/CMakeFiles/rnscreens.dir/./
C/C++:   has 221 characters.  The maximum full path to an object file is 250
C/C++:   characters (see CMAKE_OBJECT_PATH_MAX).  Object file
C/C++:     src/main/cpp/NativeProxy.cpp.o
C/C++:   cannot be safely placed under this directory.  The build may not work
C/C++:   correctly.
C/C++: CMake Warning in CMakeLists.txt:
C/C++:   The object file directory
C/C++:     C:/Users/flood/hiconnect/higo-platform/node_modules/.pnpm/react-native-screens@4.25.2_2ff10e5e35d62e75ef3e80445743cd5d/node_modules/react-native-screens/android/.cxx/RelWithDebInfo/606e585m/x86/CMakeFiles/rnscreens.dir/./
C/C++:   has 221 characters.  The maximum full path to an object file is 250
C/C++:   characters (see CMAKE_OBJECT_PATH_MAX).  Object file
C/C++:     src/main/cpp/jni-adapter.cpp.o
C/C++:   cannot be safely placed under this directory.  The build may not work
C/C++:   correctly.
C/C++: CMake Warning in CMakeLists.txt:
C/C++:   The object file directory
C/C++:     C:/Users/flood/hiconnect/higo-platform/node_modules/.pnpm/react-native-screens@4.25.2_2ff10e5e35d62e75ef3e80445743cd5d/node_modules/react-native-screens/android/.cxx/RelWithDebInfo/606e585m/x86/CMakeFiles/rnscreens.dir/./
C/C++:   has 221 characters.  The maximum full path to an object file is 250
C/C++:   characters (see CMAKE_OBJECT_PATH_MAX).  Object file
C/C++:     src/main/cpp/NativeProxy.cpp.o
C/C++:   cannot be safely placed under this directory.  The build may not work
C/C++:   correctly.
C/C++: CMake Warning in CMakeLists.txt:
C/C++:   The object file directory
C/C++:     C:/Users/flood/hiconnect/higo-platform/node_modules/.pnpm/react-native-screens@4.25.2_2ff10e5e35d62e75ef3e80445743cd5d/node_modules/react-native-screens/android/.cxx/RelWithDebInfo/606e585m/x86/CMakeFiles/rnscreens.dir/./
C/C++:   has 221 characters.  The maximum full path to an object file is 250
C/C++:   characters (see CMAKE_OBJECT_PATH_MAX).  Object file
C/C++:     src/main/cpp/NativeProxy.cpp.o
C/C++:   cannot be safely placed under this directory.  The build may not work
C/C++:   correctly.

> Task :react-native-webview:verifyReleaseResources
> Task :sentry_react-native:verifyReleaseResources

> Task :react-native-screens:buildCMakeRelWithDebInfo[x86] FAILED
C/C++: CMake Warning in CMakeLists.txt:
C/C++:   The object file directory
C/C++:     C:/Users/flood/hiconnect/higo-platform/node_modules/.pnpm/react-native-screens@4.25.2_2ff10e5e35d62e75ef3e80445743cd5d/node_modules/react-native-screens/android/.cxx/RelWithDebInfo/606e585m/x86/CMakeFiles/rnscreens.dir/./
C/C++:   has 221 characters.  The maximum full path to an object file is 250
C/C++:   characters (see CMAKE_OBJECT_PATH_MAX).  Object file
C/C++:     C_/Users/flood/hiconnect/higo-platform/node_modules/.pnpm/react-native-screens@4.25.2_2ff10e5e35d62e75ef3e80445743cd5d/node_modules/react-native-screens/cpp/RNSScreenRemovalListener.cpp.o
C/C++:   cannot be safely placed under this directory.  The build may not work
C/C++:   correctly.
C/C++: CMake Warning in CMakeLists.txt:
C/C++:   The object file directory
C/C++:     C:/Users/flood/hiconnect/higo-platform/node_modules/.pnpm/react-native-screens@4.25.2_2ff10e5e35d62e75ef3e80445743cd5d/node_modules/react-native-screens/android/.cxx/RelWithDebInfo/606e585m/x86/CMakeFiles/rnscreens.dir/./
C/C++:   has 221 characters.  The maximum full path to an object file is 250
C/C++:   characters (see CMAKE_OBJECT_PATH_MAX).  Object file
C/C++:     src/main/cpp/jni-adapter.cpp.o
C/C++:   cannot be safely placed under this directory.  The build may not work
C/C++:   correctly.
C/C++: CMake Warning in CMakeLists.txt:
C/C++:   The object file directory
C/C++:     C:/Users/flood/hiconnect/higo-platform/node_modules/.pnpm/react-native-screens@4.25.2_2ff10e5e35d62e75ef3e80445743cd5d/node_modules/react-native-screens/android/.cxx/RelWithDebInfo/606e585m/x86/CMakeFiles/rnscreens.dir/./
C/C++:   has 221 characters.  The maximum full path to an object file is 250
C/C++:   characters (see CMAKE_OBJECT_PATH_MAX).  Object file
C/C++:     src/main/cpp/jni-adapter.cpp.o
C/C++:   cannot be safely placed under this directory.  The build may not work
C/C++:   correctly.
C/C++: CMake Warning in CMakeLists.txt:
C/C++:   The object file directory
C/C++:     C:/Users/flood/hiconnect/higo-platform/node_modules/.pnpm/react-native-screens@4.25.2_2ff10e5e35d62e75ef3e80445743cd5d/node_modules/react-native-screens/android/.cxx/RelWithDebInfo/606e585m/x86/CMakeFiles/rnscreens.dir/./
C/C++:   has 221 characters.  The maximum full path to an object file is 250
C/C++:   characters (see CMAKE_OBJECT_PATH_MAX).  Object file
C/C++:     C_/Users/flood/hiconnect/higo-platform/node_modules/.pnpm/react-native-screens@4.25.2_2ff10e5e35d62e75ef3e80445743cd5d/node_modules/react-native-screens/cpp/RNScreensTurboModule.cpp.o
C/C++:   cannot be safely placed under this directory.  The build may not work
C/C++:   correctly.
C/C++: CMake Warning in CMakeLists.txt:
C/C++:   The object file directory
C/C++:     C:/Users/flood/hiconnect/higo-platform/node_modules/.pnpm/react-native-screens@4.25.2_2ff10e5e35d62e75ef3e80445743cd5d/node_modules/react-native-screens/android/.cxx/RelWithDebInfo/606e585m/x86/CMakeFiles/rnscreens.dir/./
C/C++:   has 221 characters.  The maximum full path to an object file is 250
C/C++:   characters (see CMAKE_OBJECT_PATH_MAX).  Object file
C/C++:     C_/Users/flood/hiconnect/higo-platform/node_modules/.pnpm/react-native-screens@4.25.2_2ff10e5e35d62e75ef3e80445743cd5d/node_modules/react-native-screens/cpp/RNSScreenRemovalListener.cpp.o
C/C++:   cannot be safely placed under this directory.  The build may not work
C/C++:   correctly.
C/C++: CMake Warning in CMakeLists.txt:
C/C++:   The object file directory
C/C++:     C:/Users/flood/hiconnect/higo-platform/node_modules/.pnpm/react-native-screens@4.25.2_2ff10e5e35d62e75ef3e80445743cd5d/node_modules/react-native-screens/android/.cxx/RelWithDebInfo/606e585m/x86/CMakeFiles/rnscreens.dir/./
C/C++:   has 221 characters.  The maximum full path to an object file is 250
C/C++:   characters (see CMAKE_OBJECT_PATH_MAX).  Object file
C/C++:     C_/Users/flood/hiconnect/higo-platform/node_modules/.pnpm/react-native-screens@4.25.2_2ff10e5e35d62e75ef3e80445743cd5d/node_modules/react-native-screens/cpp/RNScreensTurboModule.cpp.o
C/C++:   cannot be safely placed under this directory.  The build may not work
C/C++:   correctly.
C/C++: CMake Warning in CMakeLists.txt:
C/C++:   The object file directory
C/C++:     C:/Users/flood/hiconnect/higo-platform/node_modules/.pnpm/react-native-screens@4.25.2_2ff10e5e35d62e75ef3e80445743cd5d/node_modules/react-native-screens/android/.cxx/RelWithDebInfo/606e585m/x86/CMakeFiles/rnscreens.dir/./
C/C++:   has 221 characters.  The maximum full path to an object file is 250
C/C++:   characters (see CMAKE_OBJECT_PATH_MAX).  Object file
C/C++:     src/main/cpp/jni-adapter.cpp.o
C/C++:   cannot be safely placed under this directory.  The build may not work
C/C++:   correctly.
C/C++: CMake Warning in CMakeLists.txt:
C/C++:   The object file directory
C/C++:     C:/Users/flood/hiconnect/higo-platform/node_modules/.pnpm/react-native-screens@4.25.2_2ff10e5e35d62e75ef3e80445743cd5d/node_modules/react-native-screens/android/.cxx/RelWithDebInfo/606e585m/x86/CMakeFiles/rnscreens.dir/./
C/C++:   has 221 characters.  The maximum full path to an object file is 250
C/C++:   characters (see CMAKE_OBJECT_PATH_MAX).  Object file
C/C++:     src/main/cpp/jni-adapter.cpp.o
C/C++:   cannot be safely placed under this directory.  The build may not work
C/C++:   correctly.
C/C++: CMake Warning in CMakeLists.txt:
C/C++:   The object file directory
C/C++:     C:/Users/flood/hiconnect/higo-platform/node_modules/.pnpm/react-native-screens@4.25.2_2ff10e5e35d62e75ef3e80445743cd5d/node_modules/react-native-screens/android/.cxx/RelWithDebInfo/606e585m/x86/CMakeFiles/rnscreens.dir/./
C/C++:   has 221 characters.  The maximum full path to an object file is 250
C/C++:   characters (see CMAKE_OBJECT_PATH_MAX).  Object file
C/C++:     C_/Users/flood/hiconnect/higo-platform/node_modules/.pnpm/react-native-screens@4.25.2_2ff10e5e35d62e75ef3e80445743cd5d/node_modules/react-native-screens/cpp/RNSScreenRemovalListener.cpp.o
C/C++:   cannot be safely placed under this directory.  The build may not work
C/C++:   correctly.
C/C++: CMake Warning in CMakeLists.txt:
C/C++:   The object file directory
C/C++:     C:/Users/flood/hiconnect/higo-platform/node_modules/.pnpm/react-native-screens@4.25.2_2ff10e5e35d62e75ef3e80445743cd5d/node_modules/react-native-screens/android/.cxx/RelWithDebInfo/606e585m/x86/CMakeFiles/rnscreens.dir/./
C/C++:   has 221 characters.  The maximum full path to an object file is 250
C/C++:   characters (see CMAKE_OBJECT_PATH_MAX).  Object file
C/C++:     C_/Users/flood/hiconnect/higo-platform/node_modules/.pnpm/react-native-screens@4.25.2_2ff10e5e35d62e75ef3e80445743cd5d/node_modules/react-native-screens/cpp/RNSScreenRemovalListener.cpp.o
C/C++:   cannot be safely placed under this directory.  The build may not work
C/C++:   correctly.
C/C++: ninja: error: manifest 'build.ninja' still dirty after 100 tries

> Task :react-native-worklets:buildCMakeRelWithDebInfo[armeabi-v7a][worklets]
C/C++: CMake Warning in CMakeLists.txt:
C/C++:   The object file directory
C/C++:     C:/Users/flood/hiconnect/higo-platform/node_modules/.pnpm/react-native-worklets@0.8.3_0c963d7fe504361936d05065f4a6a04d/node_modules/react-native-worklets/android/.cxx/RelWithDebInfo/3o5nu4n2/armeabi-v7a/CMakeFiles/worklets.dir/./
C/C++:   has 229 characters.  The maximum full path to an object file is 250
C/C++:   characters (see CMAKE_OBJECT_PATH_MAX).  Object file
C/C++:     C_/Users/flood/hiconnect/higo-platform/node_modules/.pnpm/react-native-worklets@0.8.3_0c963d7fe504361936d05065f4a6a04d/node_modules/react-native-worklets/Common/cpp/worklets/Compat/StableApi.cpp.o
C/C++:   cannot be safely placed under this directory.  The build may not work
C/C++:   correctly.
C/C++: CMake Warning in CMakeLists.txt:
C/C++:   The object file directory
C/C++:     C:/Users/flood/hiconnect/higo-platform/node_modules/.pnpm/react-native-worklets@0.8.3_0c963d7fe504361936d05065f4a6a04d/node_modules/react-native-worklets/android/.cxx/RelWithDebInfo/3o5nu4n2/armeabi-v7a/CMakeFiles/worklets.dir/./
C/C++:   has 229 characters.  The maximum full path to an object file is 250
C/C++:   characters (see CMAKE_OBJECT_PATH_MAX).  Object file
C/C++:     C_/Users/flood/hiconnect/higo-platform/node_modules/.pnpm/react-native-worklets@0.8.3_0c963d7fe504361936d05065f4a6a04d/node_modules/react-native-worklets/Common/cpp/worklets/AnimationFrameQueue/AnimationFrameBatchinator.cpp.o
C/C++:   cannot be safely placed under this directory.  The build may not work
C/C++:   correctly.
C/C++: CMake Warning in CMakeLists.txt:
C/C++:   The object file directory
C/C++:     C:/Users/flood/hiconnect/higo-platform/node_modules/.pnpm/react-native-worklets@0.8.3_0c963d7fe504361936d05065f4a6a04d/node_modules/react-native-worklets/android/.cxx/RelWithDebInfo/3o5nu4n2/armeabi-v7a/CMakeFiles/worklets.dir/./
C/C++:   has 229 characters.  The maximum full path to an object file is 250
C/C++:   characters (see CMAKE_OBJECT_PATH_MAX).  Object file
C/C++:     C_/Users/flood/hiconnect/higo-platform/node_modules/.pnpm/react-native-worklets@0.8.3_0c963d7fe504361936d05065f4a6a04d/node_modules/react-native-worklets/Common/cpp/worklets/Compat/StableApi.cpp.o
C/C++:   cannot be safely placed under this directory.  The build may not work
C/C++:   correctly.
C/C++: CMake Warning in CMakeLists.txt:
C/C++:   The object file directory
C/C++:     C:/Users/flood/hiconnect/higo-platform/node_modules/.pnpm/react-native-worklets@0.8.3_0c963d7fe504361936d05065f4a6a04d/node_modules/react-native-worklets/android/.cxx/RelWithDebInfo/3o5nu4n2/armeabi-v7a/CMakeFiles/worklets.dir/./
C/C++:   has 229 characters.  The maximum full path to an object file is 250
C/C++:   characters (see CMAKE_OBJECT_PATH_MAX).  Object file
C/C++:     C_/Users/flood/hiconnect/higo-platform/node_modules/.pnpm/react-native-worklets@0.8.3_0c963d7fe504361936d05065f4a6a04d/node_modules/react-native-worklets/Common/cpp/worklets/NativeModules/WorkletsModuleProxy.cpp.o
C/C++:   cannot be safely placed under this directory.  The build may not work
C/C++:   correctly.
C/C++: CMake Warning in CMakeLists.txt:
C/C++:   The object file directory
C/C++:     C:/Users/flood/hiconnect/higo-platform/node_modules/.pnpm/react-native-worklets@0.8.3_0c963d7fe504361936d05065f4a6a04d/node_modules/react-native-worklets/android/.cxx/RelWithDebInfo/3o5nu4n2/armeabi-v7a/CMakeFiles/worklets.dir/./
C/C++:   has 229 characters.  The maximum full path to an object file is 250
C/C++:   characters (see CMAKE_OBJECT_PATH_MAX).  Object file
C/C++:     C_/Users/flood/hiconnect/higo-platform/node_modules/.pnpm/react-native-worklets@0.8.3_0c963d7fe504361936d05065f4a6a04d/node_modules/react-native-worklets/Common/cpp/worklets/NativeModules/JSIWorkletsModuleProxy.cpp.o
C/C++:   cannot be safely placed under this directory.  The build may not work
C/C++:   correctly.
C/C++: CMake Warning in CMakeLists.txt:
C/C++:   The object file directory
C/C++:     C:/Users/flood/hiconnect/higo-platform/node_modules/.pnpm/react-native-worklets@0.8.3_0c963d7fe504361936d05065f4a6a04d/node_modules/react-native-worklets/android/.cxx/RelWithDebInfo/3o5nu4n2/armeabi-v7a/CMakeFiles/worklets.dir/./
C/C++:   has 229 characters.  The maximum full path to an object file is 250
C/C++:   characters (see CMAKE_OBJECT_PATH_MAX).  Object file
C/C++:     C_/Users/flood/hiconnect/higo-platform/node_modules/.pnpm/react-native-worklets@0.8.3_0c963d7fe504361936d05065f4a6a04d/node_modules/react-native-worklets/Common/cpp/worklets/Registries/WorkletRuntimeRegistry.cpp.o
C/C++:   cannot be safely placed under this directory.  The build may not work
C/C++:   correctly.
C/C++: CMake Warning in CMakeLists.txt:
C/C++:   The object file directory
C/C++:     C:/Users/flood/hiconnect/higo-platform/node_modules/.pnpm/react-native-worklets@0.8.3_0c963d7fe504361936d05065f4a6a04d/node_modules/react-native-worklets/android/.cxx/RelWithDebInfo/3o5nu4n2/armeabi-v7a/CMakeFiles/worklets.dir/./
C/C++:   has 229 characters.  The maximum full path to an object file is 250
C/C++:   characters (see CMAKE_OBJECT_PATH_MAX).  Object file
C/C++:     C_/Users/flood/hiconnect/higo-platform/node_modules/.pnpm/react-native-worklets@0.8.3_0c963d7fe504361936d05065f4a6a04d/node_modules/react-native-worklets/Common/cpp/worklets/AnimationFrameQueue/AnimationFrameBatchinator.cpp.o
C/C++:   cannot be safely placed under this directory.  The build may not work
C/C++:   correctly.
C/C++: CMake Warning in CMakeLists.txt:
C/C++:   The object file directory
C/C++:     C:/Users/flood/hiconnect/higo-platform/node_modules/.pnpm/react-native-worklets@0.8.3_0c963d7fe504361936d05065f4a6a04d/node_modules/react-native-worklets/android/.cxx/RelWithDebInfo/3o5nu4n2/armeabi-v7a/CMakeFiles/worklets.dir/./
C/C++:   has 229 characters.  The maximum full path to an object file is 250
C/C++:   characters (see CMAKE_OBJECT_PATH_MAX).  Object file
C/C++:     C_/Users/flood/hiconnect/higo-platform/node_modules/.pnpm/react-native-worklets@0.8.3_0c963d7fe504361936d05065f4a6a04d/node_modules/react-native-worklets/Common/cpp/worklets/NativeModules/JSIWorkletsModuleProxy.cpp.o
C/C++:   cannot be safely placed under this directory.  The build may not work
C/C++:   correctly.
C/C++: CMake Warning in CMakeLists.txt:
C/C++:   The object file directory
C/C++:     C:/Users/flood/hiconnect/higo-platform/node_modules/.pnpm/react-native-worklets@0.8.3_0c963d7fe504361936d05065f4a6a04d/node_modules/react-native-worklets/android/.cxx/RelWithDebInfo/3o5nu4n2/armeabi-v7a/CMakeFiles/worklets.dir/./
C/C++:   has 229 characters.  The maximum full path to an object file is 250
C/C++:   characters (see CMAKE_OBJECT_PATH_MAX).  Object file
C/C++:     C_/Users/flood/hiconnect/higo-platform/node_modules/.pnpm/react-native-worklets@0.8.3_0c963d7fe504361936d05065f4a6a04d/node_modules/react-native-worklets/Common/cpp/worklets/NativeModules/JSIWorkletsModuleProxy.cpp.o
C/C++:   cannot be safely placed under this directory.  The build may not work
C/C++:   correctly.
C/C++: CMake Warning in CMakeLists.txt:
C/C++:   The object file directory
C/C++:     C:/Users/flood/hiconnect/higo-platform/node_modules/.pnpm/react-native-worklets@0.8.3_0c963d7fe504361936d05065f4a6a04d/node_modules/react-native-worklets/android/.cxx/RelWithDebInfo/3o5nu4n2/armeabi-v7a/CMakeFiles/worklets.dir/./
C/C++:   has 229 characters.  The maximum full path to an object file is 250
C/C++:   characters (see CMAKE_OBJECT_PATH_MAX).  Object file
C/C++:     C_/Users/flood/hiconnect/higo-platform/node_modules/.pnpm/react-native-worklets@0.8.3_0c963d7fe504361936d05065f4a6a04d/node_modules/react-native-worklets/Common/cpp/worklets/Registries/WorkletRuntimeRegistry.cpp.o
C/C++:   cannot be safely placed under this directory.  The build may not work
C/C++:   correctly.
C/C++: CMake Warning in CMakeLists.txt:
C/C++:   The object file directory
C/C++:     C:/Users/flood/hiconnect/higo-platform/node_modules/.pnpm/react-native-worklets@0.8.3_0c963d7fe504361936d05065f4a6a04d/node_modules/react-native-worklets/android/.cxx/RelWithDebInfo/3o5nu4n2/armeabi-v7a/CMakeFiles/worklets.dir/./
C/C++:   has 229 characters.  The maximum full path to an object file is 250
C/C++:   characters (see CMAKE_OBJECT_PATH_MAX).  Object file
C/C++:     C_/Users/flood/hiconnect/higo-platform/node_modules/.pnpm/react-native-worklets@0.8.3_0c963d7fe504361936d05065f4a6a04d/node_modules/react-native-worklets/Common/cpp/worklets/NativeModules/WorkletsModuleProxy.cpp.o
C/C++:   cannot be safely placed under this directory.  The build may not work
C/C++:   correctly.

> Task :react-native-webview:assembleRelease

> Task :react-native-worklets:buildCMakeRelWithDebInfo[armeabi-v7a][worklets]
C/C++: CMake Warning in CMakeLists.txt:
C/C++:   The object file directory
C/C++:     C:/Users/flood/hiconnect/higo-platform/node_modules/.pnpm/react-native-worklets@0.8.3_0c963d7fe504361936d05065f4a6a04d/node_modules/react-native-worklets/android/.cxx/RelWithDebInfo/3o5nu4n2/armeabi-v7a/CMakeFiles/worklets.dir/./
C/C++:   has 229 characters.  The maximum full path to an object file is 250
C/C++:   characters (see CMAKE_OBJECT_PATH_MAX).  Object file
C/C++:     C_/Users/flood/hiconnect/higo-platform/node_modules/.pnpm/react-native-worklets@0.8.3_0c963d7fe504361936d05065f4a6a04d/node_modules/react-native-worklets/Common/cpp/worklets/AnimationFrameQueue/AnimationFrameBatchinator.cpp.o
C/C++:   cannot be safely placed under this directory.  The build may not work
C/C++:   correctly.
C/C++: CMake Warning in CMakeLists.txt:
C/C++:   The object file directory
C/C++:     C:/Users/flood/hiconnect/higo-platform/node_modules/.pnpm/react-native-worklets@0.8.3_0c963d7fe504361936d05065f4a6a04d/node_modules/react-native-worklets/android/.cxx/RelWithDebInfo/3o5nu4n2/armeabi-v7a/CMakeFiles/worklets.dir/./
C/C++:   has 229 characters.  The maximum full path to an object file is 250
C/C++:   characters (see CMAKE_OBJECT_PATH_MAX).  Object file
C/C++:     C_/Users/flood/hiconnect/higo-platform/node_modules/.pnpm/react-native-worklets@0.8.3_0c963d7fe504361936d05065f4a6a04d/node_modules/react-native-worklets/Common/cpp/worklets/Resources/CustomSerializableUnpacker.cpp.o
C/C++:   cannot be safely placed under this directory.  The build may not work
C/C++:   correctly.
C/C++: CMake Warning in CMakeLists.txt:
C/C++:   The object file directory
C/C++:     C:/Users/flood/hiconnect/higo-platform/node_modules/.pnpm/react-native-worklets@0.8.3_0c963d7fe504361936d05065f4a6a04d/node_modules/react-native-worklets/android/.cxx/RelWithDebInfo/3o5nu4n2/armeabi-v7a/CMakeFiles/worklets.dir/./
C/C++:   has 229 characters.  The maximum full path to an object file is 250
C/C++:   characters (see CMAKE_OBJECT_PATH_MAX).  Object file
C/C++:     C_/Users/flood/hiconnect/higo-platform/node_modules/.pnpm/react-native-worklets@0.8.3_0c963d7fe504361936d05065f4a6a04d/node_modules/react-native-worklets/Common/cpp/worklets/Resources/ShareableHostUnpacker.cpp.o
C/C++:   cannot be safely placed under this directory.  The build may not work
C/C++:   correctly.
C/C++: CMake Warning in CMakeLists.txt:
C/C++:   The object file directory
C/C++:     C:/Users/flood/hiconnect/higo-platform/node_modules/.pnpm/react-native-worklets@0.8.3_0c963d7fe504361936d05065f4a6a04d/node_modules/react-native-worklets/android/.cxx/RelWithDebInfo/3o5nu4n2/armeabi-v7a/CMakeFiles/worklets.dir/./
C/C++:   has 229 characters.  The maximum full path to an object file is 250
C/C++:   characters (see CMAKE_OBJECT_PATH_MAX).  Object file
C/C++:     C_/Users/flood/hiconnect/higo-platform/node_modules/.pnpm/react-native-worklets@0.8.3_0c963d7fe504361936d05065f4a6a04d/node_modules/react-native-worklets/Common/cpp/worklets/Registries/WorkletRuntimeRegistry.cpp.o
C/C++:   cannot be safely placed under this directory.  The build may not work
C/C++:   correctly.
C/C++: CMake Warning in CMakeLists.txt:
C/C++:   The object file directory
C/C++:     C:/Users/flood/hiconnect/higo-platform/node_modules/.pnpm/react-native-worklets@0.8.3_0c963d7fe504361936d05065f4a6a04d/node_modules/react-native-worklets/android/.cxx/RelWithDebInfo/3o5nu4n2/armeabi-v7a/CMakeFiles/worklets.dir/./
C/C++:   has 229 characters.  The maximum full path to an object file is 250
C/C++:   characters (see CMAKE_OBJECT_PATH_MAX).  Object file
C/C++:     C_/Users/flood/hiconnect/higo-platform/node_modules/.pnpm/react-native-worklets@0.8.3_0c963d7fe504361936d05065f4a6a04d/node_modules/react-native-worklets/Common/cpp/worklets/Registries/EventHandlerRegistry.cpp.o
C/C++:   cannot be safely placed under this directory.  The build may not work
C/C++:   correctly.
C/C++: CMake Warning in CMakeLists.txt:
C/C++:   The object file directory
C/C++:     C:/Users/flood/hiconnect/higo-platform/node_modules/.pnpm/react-native-worklets@0.8.3_0c963d7fe504361936d05065f4a6a04d/node_modules/react-native-worklets/android/.cxx/RelWithDebInfo/3o5nu4n2/armeabi-v7a/CMakeFiles/worklets.dir/./
C/C++:   has 229 characters.  The maximum full path to an object file is 250
C/C++:   characters (see CMAKE_OBJECT_PATH_MAX).  Object file
C/C++:     C_/Users/flood/hiconnect/higo-platform/node_modules/.pnpm/react-native-worklets@0.8.3_0c963d7fe504361936d05065f4a6a04d/node_modules/react-native-worklets/Common/cpp/worklets/AnimationFrameQueue/AnimationFrameBatchinator.cpp.o
C/C++:   cannot be safely placed under this directory.  The build may not work
C/C++:   correctly.
C/C++: CMake Warning in CMakeLists.txt:
C/C++:   The object file directory
C/C++:     C:/Users/flood/hiconnect/higo-platform/node_modules/.pnpm/react-native-worklets@0.8.3_0c963d7fe504361936d05065f4a6a04d/node_modules/react-native-worklets/android/.cxx/RelWithDebInfo/3o5nu4n2/armeabi-v7a/CMakeFiles/worklets.dir/./
C/C++:   has 229 characters.  The maximum full path to an object file is 250
C/C++:   characters (see CMAKE_OBJECT_PATH_MAX).  Object file
C/C++:     C_/Users/flood/hiconnect/higo-platform/node_modules/.pnpm/react-native-worklets@0.8.3_0c963d7fe504361936d05065f4a6a04d/node_modules/react-native-worklets/Common/cpp/worklets/Compat/StableApi.cpp.o
C/C++:   cannot be safely placed under this directory.  The build may not work
C/C++:   correctly.
C/C++: CMake Warning in CMakeLists.txt:
C/C++:   The object file directory
C/C++:     C:/Users/flood/hiconnect/higo-platform/node_modules/.pnpm/react-native-worklets@0.8.3_0c963d7fe504361936d05065f4a6a04d/node_modules/react-native-worklets/android/.cxx/RelWithDebInfo/3o5nu4n2/armeabi-v7a/CMakeFiles/worklets.dir/./
C/C++:   has 229 characters.  The maximum full path to an object file is 250
C/C++:   characters (see CMAKE_OBJECT_PATH_MAX).  Object file
C/C++:     C_/Users/flood/hiconnect/higo-platform/node_modules/.pnpm/react-native-worklets@0.8.3_0c963d7fe504361936d05065f4a6a04d/node_modules/react-native-worklets/Common/cpp/worklets/NativeModules/JSIWorkletsModuleProxy.cpp.o
C/C++:   cannot be safely placed under this directory.  The build may not work
C/C++:   correctly.

> Task :react-native-screens:configureCMakeRelWithDebInfo[x86_64]
C/C++: CMake Warning in C:/Users/flood/hiconnect/higo-platform/node_modules/.pnpm/react-native-screens@4.25.2_2ff10e5e35d62e75ef3e80445743cd5d/node_modules/react-native-screens/android/.cxx/RelWithDebInfo/606e585m/x86_64/CMakeFiles/CMakeTmp/CMakeLists.txt:
C/C++:   The object file directory
C/C++:     C:/Users/flood/hiconnect/higo-platform/node_modules/.pnpm/react-native-screens@4.25.2_2ff10e5e35d62e75ef3e80445743cd5d/node_modules/react-native-screens/android/.cxx/RelWithDebInfo/606e585m/x86_64/CMakeFiles/CMakeTmp/CMakeFiles/cmTC_ba654.dir/./
C/C++:   has 245 characters.  The maximum full path to an object file is 250
C/C++:   characters (see CMAKE_OBJECT_PATH_MAX).  Object file
C/C++:     CMakeCCompilerABI.c.o
C/C++:   cannot be safely placed under this directory.  The build may not work
C/C++:   correctly.
C/C++: CMake Warning in C:/Users/flood/hiconnect/higo-platform/node_modules/.pnpm/react-native-screens@4.25.2_2ff10e5e35d62e75ef3e80445743cd5d/node_modules/react-native-screens/android/.cxx/RelWithDebInfo/606e585m/x86_64/CMakeFiles/CMakeTmp/CMakeLists.txt:
C/C++:   The object file directory
C/C++:     C:/Users/flood/hiconnect/higo-platform/node_modules/.pnpm/react-native-screens@4.25.2_2ff10e5e35d62e75ef3e80445743cd5d/node_modules/react-native-screens/android/.cxx/RelWithDebInfo/606e585m/x86_64/CMakeFiles/CMakeTmp/CMakeFiles/cmTC_e1d89.dir/./
C/C++:   has 245 characters.  The maximum full path to an object file is 250
C/C++:   characters (see CMAKE_OBJECT_PATH_MAX).  Object file
C/C++:     CMakeCXXCompilerABI.cpp.o
C/C++:   cannot be safely placed under this directory.  The build may not work
C/C++:   correctly.
C/C++: CMake Warning in CMakeLists.txt:
C/C++:   The object file directory
C/C++:     C:/Users/flood/hiconnect/higo-platform/node_modules/.pnpm/react-native-screens@4.25.2_2ff10e5e35d62e75ef3e80445743cd5d/node_modules/react-native-screens/android/.cxx/RelWithDebInfo/606e585m/x86_64/CMakeFiles/rnscreens.dir/./
C/C++:   has 224 characters.  The maximum full path to an object file is 250
C/C++:   characters (see CMAKE_OBJECT_PATH_MAX).  Object file
C/C++:     C_/Users/flood/hiconnect/higo-platform/node_modules/.pnpm/react-native-screens@4.25.2_2ff10e5e35d62e75ef3e80445743cd5d/node_modules/react-native-screens/cpp/RNSScreenRemovalListener.cpp.o
C/C++:   cannot be safely placed under this directory.  The build may not work
C/C++:   correctly.

> Task :react-native-worklets:buildCMakeRelWithDebInfo[armeabi-v7a][worklets] FAILED
C/C++: CMake Warning in CMakeLists.txt:
C/C++:   The object file directory
C/C++:     C:/Users/flood/hiconnect/higo-platform/node_modules/.pnpm/react-native-worklets@0.8.3_0c963d7fe504361936d05065f4a6a04d/node_modules/react-native-worklets/android/.cxx/RelWithDebInfo/3o5nu4n2/armeabi-v7a/CMakeFiles/worklets.dir/./
C/C++:   has 229 characters.  The maximum full path to an object file is 250
C/C++:   characters (see CMAKE_OBJECT_PATH_MAX).  Object file
C/C++:     C_/Users/flood/hiconnect/higo-platform/node_modules/.pnpm/react-native-worklets@0.8.3_0c963d7fe504361936d05065f4a6a04d/node_modules/react-native-worklets/Common/cpp/worklets/NativeModules/JSIWorkletsModuleProxy.cpp.o
C/C++:   cannot be safely placed under this directory.  The build may not work
C/C++:   correctly.
C/C++: ninja: error: manifest 'build.ninja' still dirty after 100 tries

> Task :react-native-screens:buildCMakeRelWithDebInfo[x86_64]
C/C++: CMake Warning in CMakeLists.txt:
C/C++:   The object file directory
C/C++:     C:/Users/flood/hiconnect/higo-platform/node_modules/.pnpm/react-native-screens@4.25.2_2ff10e5e35d62e75ef3e80445743cd5d/node_modules/react-native-screens/android/.cxx/RelWithDebInfo/606e585m/x86_64/CMakeFiles/rnscreens.dir/./
C/C++:   has 224 characters.  The maximum full path to an object file is 250
C/C++:   characters (see CMAKE_OBJECT_PATH_MAX).  Object file
C/C++:     src/main/cpp/NativeProxy.cpp.o
C/C++:   cannot be safely placed under this directory.  The build may not work
C/C++:   correctly.
C/C++: CMake Warning in CMakeLists.txt:
C/C++:   The object file directory
C/C++:     C:/Users/flood/hiconnect/higo-platform/node_modules/.pnpm/react-native-screens@4.25.2_2ff10e5e35d62e75ef3e80445743cd5d/node_modules/react-native-screens/android/.cxx/RelWithDebInfo/606e585m/x86_64/CMakeFiles/rnscreens.dir/./
C/C++:   has 224 characters.  The maximum full path to an object file is 250
C/C++:   characters (see CMAKE_OBJECT_PATH_MAX).  Object file
C/C++:     src/main/cpp/NativeProxy.cpp.o
C/C++:   cannot be safely placed under this directory.  The build may not work
C/C++:   correctly.
C/C++: CMake Warning in CMakeLists.txt:
C/C++:   The object file directory
C/C++:     C:/Users/flood/hiconnect/higo-platform/node_modules/.pnpm/react-native-screens@4.25.2_2ff10e5e35d62e75ef3e80445743cd5d/node_modules/react-native-screens/android/.cxx/RelWithDebInfo/606e585m/x86_64/CMakeFiles/rnscreens.dir/./
C/C++:   has 224 characters.  The maximum full path to an object file is 250
C/C++:   characters (see CMAKE_OBJECT_PATH_MAX).  Object file
C/C++:     C_/Users/flood/hiconnect/higo-platform/node_modules/.pnpm/react-native-screens@4.25.2_2ff10e5e35d62e75ef3e80445743cd5d/node_modules/react-native-screens/cpp/RNScreensTurboModule.cpp.o
C/C++:   cannot be safely placed under this directory.  The build may not work
C/C++:   correctly.
C/C++: CMake Warning in CMakeLists.txt:
C/C++:   The object file directory
C/C++:     C:/Users/flood/hiconnect/higo-platform/node_modules/.pnpm/react-native-screens@4.25.2_2ff10e5e35d62e75ef3e80445743cd5d/node_modules/react-native-screens/android/.cxx/RelWithDebInfo/606e585m/x86_64/CMakeFiles/rnscreens.dir/./
C/C++:   has 224 characters.  The maximum full path to an object file is 250
C/C++:   characters (see CMAKE_OBJECT_PATH_MAX).  Object file
C/C++:     C_/Users/flood/hiconnect/higo-platform/node_modules/.pnpm/react-native-screens@4.25.2_2ff10e5e35d62e75ef3e80445743cd5d/node_modules/react-native-screens/cpp/RNSScreenRemovalListener.cpp.o
C/C++:   cannot be safely placed under this directory.  The build may not work
C/C++:   correctly.

> Task :sentry_react-native:assembleRelease

> Task :react-native-screens:buildCMakeRelWithDebInfo[x86_64]
C/C++: CMake Warning in CMakeLists.txt:
C/C++:   The object file directory
C/C++:     C:/Users/flood/hiconnect/higo-platform/node_modules/.pnpm/react-native-screens@4.25.2_2ff10e5e35d62e75ef3e80445743cd5d/node_modules/react-native-screens/android/.cxx/RelWithDebInfo/606e585m/x86_64/CMakeFiles/rnscreens.dir/./
C/C++:   has 224 characters.  The maximum full path to an object file is 250
C/C++:   characters (see CMAKE_OBJECT_PATH_MAX).  Object file
C/C++:     src/main/cpp/jni-adapter.cpp.o
C/C++:   cannot be safely placed under this directory.  The build may not work
C/C++:   correctly.
C/C++: CMake Warning in CMakeLists.txt:
C/C++:   The object file directory
C/C++:     C:/Users/flood/hiconnect/higo-platform/node_modules/.pnpm/react-native-screens@4.25.2_2ff10e5e35d62e75ef3e80445743cd5d/node_modules/react-native-screens/android/.cxx/RelWithDebInfo/606e585m/x86_64/CMakeFiles/rnscreens.dir/./
C/C++:   has 224 characters.  The maximum full path to an object file is 250
C/C++:   characters (see CMAKE_OBJECT_PATH_MAX).  Object file
C/C++:     src/main/cpp/jni-adapter.cpp.o
C/C++:   cannot be safely placed under this directory.  The build may not work
C/C++:   correctly.
C/C++: CMake Warning in CMakeLists.txt:
C/C++:   The object file directory
C/C++:     C:/Users/flood/hiconnect/higo-platform/node_modules/.pnpm/react-native-screens@4.25.2_2ff10e5e35d62e75ef3e80445743cd5d/node_modules/react-native-screens/android/.cxx/RelWithDebInfo/606e585m/x86_64/CMakeFiles/rnscreens.dir/./
C/C++:   has 224 characters.  The maximum full path to an object file is 250
C/C++:   characters (see CMAKE_OBJECT_PATH_MAX).  Object file
C/C++:     C_/Users/flood/hiconnect/higo-platform/node_modules/.pnpm/react-native-screens@4.25.2_2ff10e5e35d62e75ef3e80445743cd5d/node_modules/react-native-screens/cpp/RNScreensTurboModule.cpp.o
C/C++:   cannot be safely placed under this directory.  The build may not work
C/C++:   correctly.
C/C++: CMake Warning in CMakeLists.txt:
C/C++:   The object file directory
C/C++:     C:/Users/flood/hiconnect/higo-platform/node_modules/.pnpm/react-native-screens@4.25.2_2ff10e5e35d62e75ef3e80445743cd5d/node_modules/react-native-screens/android/.cxx/RelWithDebInfo/606e585m/x86_64/CMakeFiles/rnscreens.dir/./
C/C++:   has 224 characters.  The maximum full path to an object file is 250
C/C++:   characters (see CMAKE_OBJECT_PATH_MAX).  Object file
C/C++:     C_/Users/flood/hiconnect/higo-platform/node_modules/.pnpm/react-native-screens@4.25.2_2ff10e5e35d62e75ef3e80445743cd5d/node_modules/react-native-screens/cpp/RNScreensTurboModule.cpp.o
C/C++:   cannot be safely placed under this directory.  The build may not work
C/C++:   correctly.
C/C++: CMake Warning in CMakeLists.txt:
C/C++:   The object file directory
C/C++:     C:/Users/flood/hiconnect/higo-platform/node_modules/.pnpm/react-native-screens@4.25.2_2ff10e5e35d62e75ef3e80445743cd5d/node_modules/react-native-screens/android/.cxx/RelWithDebInfo/606e585m/x86_64/CMakeFiles/rnscreens.dir/./
C/C++:   has 224 characters.  The maximum full path to an object file is 250
C/C++:   characters (see CMAKE_OBJECT_PATH_MAX).  Object file
C/C++:     src/main/cpp/jni-adapter.cpp.o
C/C++:   cannot be safely placed under this directory.  The build may not work
C/C++:   correctly.
C/C++: CMake Warning in CMakeLists.txt:
C/C++:   The object file directory
C/C++:     C:/Users/flood/hiconnect/higo-platform/node_modules/.pnpm/react-native-screens@4.25.2_2ff10e5e35d62e75ef3e80445743cd5d/node_modules/react-native-screens/android/.cxx/RelWithDebInfo/606e585m/x86_64/CMakeFiles/rnscreens.dir/./
C/C++:   has 224 characters.  The maximum full path to an object file is 250
C/C++:   characters (see CMAKE_OBJECT_PATH_MAX).  Object file
C/C++:     C_/Users/flood/hiconnect/higo-platform/node_modules/.pnpm/react-native-screens@4.25.2_2ff10e5e35d62e75ef3e80445743cd5d/node_modules/react-native-screens/cpp/RNScreensTurboModule.cpp.o
C/C++:   cannot be safely placed under this directory.  The build may not work
C/C++:   correctly.
C/C++: CMake Warning in CMakeLists.txt:
C/C++:   The object file directory
C/C++:     C:/Users/flood/hiconnect/higo-platform/node_modules/.pnpm/react-native-screens@4.25.2_2ff10e5e35d62e75ef3e80445743cd5d/node_modules/react-native-screens/android/.cxx/RelWithDebInfo/606e585m/x86_64/CMakeFiles/rnscreens.dir/./
C/C++:   has 224 characters.  The maximum full path to an object file is 250
C/C++:   characters (see CMAKE_OBJECT_PATH_MAX).  Object file
C/C++:     src/main/cpp/NativeProxy.cpp.o
C/C++:   cannot be safely placed under this directory.  The build may not work
C/C++:   correctly.
C/C++: CMake Warning in CMakeLists.txt:
C/C++:   The object file directory
C/C++:     C:/Users/flood/hiconnect/higo-platform/node_modules/.pnpm/react-native-screens@4.25.2_2ff10e5e35d62e75ef3e80445743cd5d/node_modules/react-native-screens/android/.cxx/RelWithDebInfo/606e585m/x86_64/CMakeFiles/rnscreens.dir/./
C/C++:   has 224 characters.  The maximum full path to an object file is 250
C/C++:   characters (see CMAKE_OBJECT_PATH_MAX).  Object file
C/C++:     C_/Users/flood/hiconnect/higo-platform/node_modules/.pnpm/react-native-screens@4.25.2_2ff10e5e35d62e75ef3e80445743cd5d/node_modules/react-native-screens/cpp/RNScreensTurboModule.cpp.o
C/C++:   cannot be safely placed under this directory.  The build may not work
C/C++:   correctly.
C/C++: CMake Warning in CMakeLists.txt:
C/C++:   The object file directory
C/C++:     C:/Users/flood/hiconnect/higo-platform/node_modules/.pnpm/react-native-screens@4.25.2_2ff10e5e35d62e75ef3e80445743cd5d/node_modules/react-native-screens/android/.cxx/RelWithDebInfo/606e585m/x86_64/CMakeFiles/rnscreens.dir/./
C/C++:   has 224 characters.  The maximum full path to an object file is 250
C/C++:   characters (see CMAKE_OBJECT_PATH_MAX).  Object file
C/C++:     src/main/cpp/NativeProxy.cpp.o
C/C++:   cannot be safely placed under this directory.  The build may not work
C/C++:   correctly.
C/C++: CMake Warning in CMakeLists.txt:
C/C++:   The object file directory
C/C++:     C:/Users/flood/hiconnect/higo-platform/node_modules/.pnpm/react-native-screens@4.25.2_2ff10e5e35d62e75ef3e80445743cd5d/node_modules/react-native-screens/android/.cxx/RelWithDebInfo/606e585m/x86_64/CMakeFiles/rnscreens.dir/./
C/C++:   has 224 characters.  The maximum full path to an object file is 250
C/C++:   characters (see CMAKE_OBJECT_PATH_MAX).  Object file
C/C++:     src/main/cpp/NativeProxy.cpp.o
C/C++:   cannot be safely placed under this directory.  The build may not work
C/C++:   correctly.
C/C++: CMake Warning in CMakeLists.txt:
C/C++:   The object file directory
C/C++:     C:/Users/flood/hiconnect/higo-platform/node_modules/.pnpm/react-native-screens@4.25.2_2ff10e5e35d62e75ef3e80445743cd5d/node_modules/react-native-screens/android/.cxx/RelWithDebInfo/606e585m/x86_64/CMakeFiles/rnscreens.dir/./
C/C++:   has 224 characters.  The maximum full path to an object file is 250
C/C++:   characters (see CMAKE_OBJECT_PATH_MAX).  Object file
C/C++:     C_/Users/flood/hiconnect/higo-platform/node_modules/.pnpm/react-native-screens@4.25.2_2ff10e5e35d62e75ef3e80445743cd5d/node_modules/react-native-screens/cpp/RNScreensTurboModule.cpp.o
C/C++:   cannot be safely placed under this directory.  The build may not work
C/C++:   correctly.
C/C++: CMake Warning in CMakeLists.txt:
C/C++:   The object file directory
C/C++:     C:/Users/flood/hiconnect/higo-platform/node_modules/.pnpm/react-native-screens@4.25.2_2ff10e5e35d62e75ef3e80445743cd5d/node_modules/react-native-screens/android/.cxx/RelWithDebInfo/606e585m/x86_64/CMakeFiles/rnscreens.dir/./
C/C++:   has 224 characters.  The maximum full path to an object file is 250
C/C++:   characters (see CMAKE_OBJECT_PATH_MAX).  Object file
C/C++:     src/main/cpp/NativeProxy.cpp.o
C/C++:   cannot be safely placed under this directory.  The build may not work
C/C++:   correctly.

> Task :react-native-worklets:configureCMakeRelWithDebInfo[x86]
C/C++: CMake Warning in C:/Users/flood/hiconnect/higo-platform/node_modules/.pnpm/react-native-worklets@0.8.3_0c963d7fe504361936d05065f4a6a04d/node_modules/react-native-worklets/android/.cxx/RelWithDebInfo/3o5nu4n2/x86/CMakeFiles/CMakeTmp/CMakeLists.txt:
C/C++:   The object file directory
C/C++:     C:/Users/flood/hiconnect/higo-platform/node_modules/.pnpm/react-native-worklets@0.8.3_0c963d7fe504361936d05065f4a6a04d/node_modules/react-native-worklets/android/.cxx/RelWithDebInfo/3o5nu4n2/x86/CMakeFiles/CMakeTmp/CMakeFiles/cmTC_0faa7.dir/./
C/C++:   has 243 characters.  The maximum full path to an object file is 250
C/C++:   characters (see CMAKE_OBJECT_PATH_MAX).  Object file
C/C++:     CMakeCCompilerABI.c.o
C/C++:   cannot be safely placed under this directory.  The build may not work
C/C++:   correctly.
C/C++: CMake Warning in C:/Users/flood/hiconnect/higo-platform/node_modules/.pnpm/react-native-worklets@0.8.3_0c963d7fe504361936d05065f4a6a04d/node_modules/react-native-worklets/android/.cxx/RelWithDebInfo/3o5nu4n2/x86/CMakeFiles/CMakeTmp/CMakeLists.txt:
C/C++:   The object file directory
C/C++:     C:/Users/flood/hiconnect/higo-platform/node_modules/.pnpm/react-native-worklets@0.8.3_0c963d7fe504361936d05065f4a6a04d/node_modules/react-native-worklets/android/.cxx/RelWithDebInfo/3o5nu4n2/x86/CMakeFiles/CMakeTmp/CMakeFiles/cmTC_30c7c.dir/./
C/C++:   has 243 characters.  The maximum full path to an object file is 250
C/C++:   characters (see CMAKE_OBJECT_PATH_MAX).  Object file
C/C++:     CMakeCXXCompilerABI.cpp.o
C/C++:   cannot be safely placed under this directory.  The build may not work
C/C++:   correctly.
C/C++: CMake Warning in CMakeLists.txt:
C/C++:   The object file directory
C/C++:     C:/Users/flood/hiconnect/higo-platform/node_modules/.pnpm/react-native-worklets@0.8.3_0c963d7fe504361936d05065f4a6a04d/node_modules/react-native-worklets/android/.cxx/RelWithDebInfo/3o5nu4n2/x86/CMakeFiles/worklets.dir/./
C/C++:   has 221 characters.  The maximum full path to an object file is 250
C/C++:   characters (see CMAKE_OBJECT_PATH_MAX).  Object file
C/C++:     C_/Users/flood/hiconnect/higo-platform/node_modules/.pnpm/react-native-worklets@0.8.3_0c963d7fe504361936d05065f4a6a04d/node_modules/react-native-worklets/Common/cpp/worklets/AnimationFrameQueue/AnimationFrameBatchinator.cpp.o
C/C++:   cannot be safely placed under this directory.  The build may not work
C/C++:   correctly.

> Task :react-native-screens:buildCMakeRelWithDebInfo[x86_64]
C/C++: CMake Warning in CMakeLists.txt:
C/C++:   The object file directory
C/C++:     C:/Users/flood/hiconnect/higo-platform/node_modules/.pnpm/react-native-screens@4.25.2_2ff10e5e35d62e75ef3e80445743cd5d/node_modules/react-native-screens/android/.cxx/RelWithDebInfo/606e585m/x86_64/CMakeFiles/rnscreens.dir/./
C/C++:   has 224 characters.  The maximum full path to an object file is 250
C/C++:   characters (see CMAKE_OBJECT_PATH_MAX).  Object file
C/C++:     C_/Users/flood/hiconnect/higo-platform/node_modules/.pnpm/react-native-screens@4.25.2_2ff10e5e35d62e75ef3e80445743cd5d/node_modules/react-native-screens/cpp/RNScreensTurboModule.cpp.o
C/C++:   cannot be safely placed under this directory.  The build may not work
C/C++:   correctly.
C/C++: CMake Warning in CMakeLists.txt:
C/C++:   The object file directory
C/C++:     C:/Users/flood/hiconnect/higo-platform/node_modules/.pnpm/react-native-screens@4.25.2_2ff10e5e35d62e75ef3e80445743cd5d/node_modules/react-native-screens/android/.cxx/RelWithDebInfo/606e585m/x86_64/CMakeFiles/rnscreens.dir/./
C/C++:   has 224 characters.  The maximum full path to an object file is 250
C/C++:   characters (see CMAKE_OBJECT_PATH_MAX).  Object file
C/C++:     src/main/cpp/NativeProxy.cpp.o
C/C++:   cannot be safely placed under this directory.  The build may not work
C/C++:   correctly.
C/C++: CMake Warning in CMakeLists.txt:
C/C++:   The object file directory
C/C++:     C:/Users/flood/hiconnect/higo-platform/node_modules/.pnpm/react-native-screens@4.25.2_2ff10e5e35d62e75ef3e80445743cd5d/node_modules/react-native-screens/android/.cxx/RelWithDebInfo/606e585m/x86_64/CMakeFiles/rnscreens.dir/./
C/C++:   has 224 characters.  The maximum full path to an object file is 250
C/C++:   characters (see CMAKE_OBJECT_PATH_MAX).  Object file
C/C++:     src/main/cpp/jni-adapter.cpp.o
C/C++:   cannot be safely placed under this directory.  The build may not work
C/C++:   correctly.
C/C++: CMake Warning in CMakeLists.txt:
C/C++:   The object file directory
C/C++:     C:/Users/flood/hiconnect/higo-platform/node_modules/.pnpm/react-native-screens@4.25.2_2ff10e5e35d62e75ef3e80445743cd5d/node_modules/react-native-screens/android/.cxx/RelWithDebInfo/606e585m/x86_64/CMakeFiles/rnscreens.dir/./
C/C++:   has 224 characters.  The maximum full path to an object file is 250
C/C++:   characters (see CMAKE_OBJECT_PATH_MAX).  Object file
C/C++:     C_/Users/flood/hiconnect/higo-platform/node_modules/.pnpm/react-native-screens@4.25.2_2ff10e5e35d62e75ef3e80445743cd5d/node_modules/react-native-screens/cpp/RNScreensTurboModule.cpp.o
C/C++:   cannot be safely placed under this directory.  The build may not work
C/C++:   correctly.
C/C++: CMake Warning in CMakeLists.txt:
C/C++:   The object file directory
C/C++:     C:/Users/flood/hiconnect/higo-platform/node_modules/.pnpm/react-native-screens@4.25.2_2ff10e5e35d62e75ef3e80445743cd5d/node_modules/react-native-screens/android/.cxx/RelWithDebInfo/606e585m/x86_64/CMakeFiles/rnscreens.dir/./
C/C++:   has 224 characters.  The maximum full path to an object file is 250
C/C++:   characters (see CMAKE_OBJECT_PATH_MAX).  Object file
C/C++:     C_/Users/flood/hiconnect/higo-platform/node_modules/.pnpm/react-native-screens@4.25.2_2ff10e5e35d62e75ef3e80445743cd5d/node_modules/react-native-screens/cpp/RNSScreenRemovalListener.cpp.o
C/C++:   cannot be safely placed under this directory.  The build may not work
C/C++:   correctly.
C/C++: CMake Warning in CMakeLists.txt:
C/C++:   The object file directory
C/C++:     C:/Users/flood/hiconnect/higo-platform/node_modules/.pnpm/react-native-screens@4.25.2_2ff10e5e35d62e75ef3e80445743cd5d/node_modules/react-native-screens/android/.cxx/RelWithDebInfo/606e585m/x86_64/CMakeFiles/rnscreens.dir/./
C/C++:   has 224 characters.  The maximum full path to an object file is 250
C/C++:   characters (see CMAKE_OBJECT_PATH_MAX).  Object file
C/C++:     C_/Users/flood/hiconnect/higo-platform/node_modules/.pnpm/react-native-screens@4.25.2_2ff10e5e35d62e75ef3e80445743cd5d/node_modules/react-native-screens/cpp/RNSScreenRemovalListener.cpp.o
C/C++:   cannot be safely placed under this directory.  The build may not work
C/C++:   correctly.
C/C++: CMake Warning in CMakeLists.txt:
C/C++:   The object file directory
C/C++:     C:/Users/flood/hiconnect/higo-platform/node_modules/.pnpm/react-native-screens@4.25.2_2ff10e5e35d62e75ef3e80445743cd5d/node_modules/react-native-screens/android/.cxx/RelWithDebInfo/606e585m/x86_64/CMakeFiles/rnscreens.dir/./
C/C++:   has 224 characters.  The maximum full path to an object file is 250
C/C++:   characters (see CMAKE_OBJECT_PATH_MAX).  Object file
C/C++:     C_/Users/flood/hiconnect/higo-platform/node_modules/.pnpm/react-native-screens@4.25.2_2ff10e5e35d62e75ef3e80445743cd5d/node_modules/react-native-screens/cpp/RNScreensTurboModule.cpp.o
C/C++:   cannot be safely placed under this directory.  The build may not work
C/C++:   correctly.
C/C++: CMake Warning in CMakeLists.txt:
C/C++:   The object file directory
C/C++:     C:/Users/flood/hiconnect/higo-platform/node_modules/.pnpm/react-native-screens@4.25.2_2ff10e5e35d62e75ef3e80445743cd5d/node_modules/react-native-screens/android/.cxx/RelWithDebInfo/606e585m/x86_64/CMakeFiles/rnscreens.dir/./
C/C++:   has 224 characters.  The maximum full path to an object file is 250
C/C++:   characters (see CMAKE_OBJECT_PATH_MAX).  Object file
C/C++:     C_/Users/flood/hiconnect/higo-platform/node_modules/.pnpm/react-native-screens@4.25.2_2ff10e5e35d62e75ef3e80445743cd5d/node_modules/react-native-screens/cpp/RNSScreenRemovalListener.cpp.o
C/C++:   cannot be safely placed under this directory.  The build may not work
C/C++:   correctly.
C/C++: CMake Warning in CMakeLists.txt:
C/C++:   The object file directory
C/C++:     C:/Users/flood/hiconnect/higo-platform/node_modules/.pnpm/react-native-screens@4.25.2_2ff10e5e35d62e75ef3e80445743cd5d/node_modules/react-native-screens/android/.cxx/RelWithDebInfo/606e585m/x86_64/CMakeFiles/rnscreens.dir/./
C/C++:   has 224 characters.  The maximum full path to an object file is 250
C/C++:   characters (see CMAKE_OBJECT_PATH_MAX).  Object file
C/C++:     C_/Users/flood/hiconnect/higo-platform/node_modules/.pnpm/react-native-screens@4.25.2_2ff10e5e35d62e75ef3e80445743cd5d/node_modules/react-native-screens/cpp/RNScreensTurboModule.cpp.o
C/C++:   cannot be safely placed under this directory.  The build may not work
C/C++:   correctly.
C/C++: CMake Warning in CMakeLists.txt:
C/C++:   The object file directory
C/C++:     C:/Users/flood/hiconnect/higo-platform/node_modules/.pnpm/react-native-screens@4.25.2_2ff10e5e35d62e75ef3e80445743cd5d/node_modules/react-native-screens/android/.cxx/RelWithDebInfo/606e585m/x86_64/CMakeFiles/rnscreens.dir/./
C/C++:   has 224 characters.  The maximum full path to an object file is 250
C/C++:   characters (see CMAKE_OBJECT_PATH_MAX).  Object file
C/C++:     src/main/cpp/jni-adapter.cpp.o
C/C++:   cannot be safely placed under this directory.  The build may not work
C/C++:   correctly.
C/C++: CMake Warning in CMakeLists.txt:
C/C++:   The object file directory
C/C++:     C:/Users/flood/hiconnect/higo-platform/node_modules/.pnpm/react-native-screens@4.25.2_2ff10e5e35d62e75ef3e80445743cd5d/node_modules/react-native-screens/android/.cxx/RelWithDebInfo/606e585m/x86_64/CMakeFiles/rnscreens.dir/./
C/C++:   has 224 characters.  The maximum full path to an object file is 250
C/C++:   characters (see CMAKE_OBJECT_PATH_MAX).  Object file
C/C++:     src/main/cpp/NativeProxy.cpp.o
C/C++:   cannot be safely placed under this directory.  The build may not work
C/C++:   correctly.
C/C++: CMake Warning in CMakeLists.txt:
C/C++:   The object file directory
C/C++:     C:/Users/flood/hiconnect/higo-platform/node_modules/.pnpm/react-native-screens@4.25.2_2ff10e5e35d62e75ef3e80445743cd5d/node_modules/react-native-screens/android/.cxx/RelWithDebInfo/606e585m/x86_64/CMakeFiles/rnscreens.dir/./
C/C++:   has 224 characters.  The maximum full path to an object file is 250
C/C++:   characters (see CMAKE_OBJECT_PATH_MAX).  Object file
C/C++:     C_/Users/flood/hiconnect/higo-platform/node_modules/.pnpm/react-native-screens@4.25.2_2ff10e5e35d62e75ef3e80445743cd5d/node_modules/react-native-screens/cpp/RNScreensTurboModule.cpp.o
C/C++:   cannot be safely placed under this directory.  The build may not work
C/C++:   correctly.
C/C++: CMake Warning in CMakeLists.txt:
C/C++:   The object file directory
C/C++:     C:/Users/flood/hiconnect/higo-platform/node_modules/.pnpm/react-native-screens@4.25.2_2ff10e5e35d62e75ef3e80445743cd5d/node_modules/react-native-screens/android/.cxx/RelWithDebInfo/606e585m/x86_64/CMakeFiles/rnscreens.dir/./
C/C++:   has 224 characters.  The maximum full path to an object file is 250
C/C++:   characters (see CMAKE_OBJECT_PATH_MAX).  Object file
C/C++:     src/main/cpp/NativeProxy.cpp.o
C/C++:   cannot be safely placed under this directory.  The build may not work
C/C++:   correctly.
C/C++: CMake Warning in CMakeLists.txt:
C/C++:   The object file directory
C/C++:     C:/Users/flood/hiconnect/higo-platform/node_modules/.pnpm/react-native-screens@4.25.2_2ff10e5e35d62e75ef3e80445743cd5d/node_modules/react-native-screens/android/.cxx/RelWithDebInfo/606e585m/x86_64/CMakeFiles/rnscreens.dir/./
C/C++:   has 224 characters.  The maximum full path to an object file is 250
C/C++:   characters (see CMAKE_OBJECT_PATH_MAX).  Object file
C/C++:     src/main/cpp/NativeProxy.cpp.o
C/C++:   cannot be safely placed under this directory.  The build may not work
C/C++:   correctly.
C/C++: CMake Warning in CMakeLists.txt:
C/C++:   The object file directory
C/C++:     C:/Users/flood/hiconnect/higo-platform/node_modules/.pnpm/react-native-screens@4.25.2_2ff10e5e35d62e75ef3e80445743cd5d/node_modules/react-native-screens/android/.cxx/RelWithDebInfo/606e585m/x86_64/CMakeFiles/rnscreens.dir/./
C/C++:   has 224 characters.  The maximum full path to an object file is 250
C/C++:   characters (see CMAKE_OBJECT_PATH_MAX).  Object file
C/C++:     src/main/cpp/NativeProxy.cpp.o
C/C++:   cannot be safely placed under this directory.  The build may not work
C/C++:   correctly.
C/C++: CMake Warning in CMakeLists.txt:
C/C++:   The object file directory
C/C++:     C:/Users/flood/hiconnect/higo-platform/node_modules/.pnpm/react-native-screens@4.25.2_2ff10e5e35d62e75ef3e80445743cd5d/node_modules/react-native-screens/android/.cxx/RelWithDebInfo/606e585m/x86_64/CMakeFiles/rnscreens.dir/./
C/C++:   has 224 characters.  The maximum full path to an object file is 250
C/C++:   characters (see CMAKE_OBJECT_PATH_MAX).  Object file
C/C++:     C_/Users/flood/hiconnect/higo-platform/node_modules/.pnpm/react-native-screens@4.25.2_2ff10e5e35d62e75ef3e80445743cd5d/node_modules/react-native-screens/cpp/RNSScreenRemovalListener.cpp.o
C/C++:   cannot be safely placed under this directory.  The build may not work
C/C++:   correctly.
C/C++: CMake Warning in CMakeLists.txt:
C/C++:   The object file directory
C/C++:     C:/Users/flood/hiconnect/higo-platform/node_modules/.pnpm/react-native-screens@4.25.2_2ff10e5e35d62e75ef3e80445743cd5d/node_modules/react-native-screens/android/.cxx/RelWithDebInfo/606e585m/x86_64/CMakeFiles/rnscreens.dir/./
C/C++:   has 224 characters.  The maximum full path to an object file is 250
C/C++:   characters (see CMAKE_OBJECT_PATH_MAX).  Object file
C/C++:     src/main/cpp/NativeProxy.cpp.o
C/C++:   cannot be safely placed under this directory.  The build may not work
C/C++:   correctly.

> Task :react-native-worklets:buildCMakeRelWithDebInfo[x86][worklets]
C/C++: CMake Warning in CMakeLists.txt:
C/C++:   The object file directory
C/C++:     C:/Users/flood/hiconnect/higo-platform/node_modules/.pnpm/react-native-worklets@0.8.3_0c963d7fe504361936d05065f4a6a04d/node_modules/react-native-worklets/android/.cxx/RelWithDebInfo/3o5nu4n2/x86/CMakeFiles/worklets.dir/./
C/C++:   has 221 characters.  The maximum full path to an object file is 250
C/C++:   characters (see CMAKE_OBJECT_PATH_MAX).  Object file
C/C++:     C_/Users/flood/hiconnect/higo-platform/node_modules/.pnpm/react-native-worklets@0.8.3_0c963d7fe504361936d05065f4a6a04d/node_modules/react-native-worklets/Common/cpp/worklets/Registries/EventHandlerRegistry.cpp.o
C/C++:   cannot be safely placed under this directory.  The build may not work
C/C++:   correctly.
C/C++: CMake Warning in CMakeLists.txt:
C/C++:   The object file directory
C/C++:     C:/Users/flood/hiconnect/higo-platform/node_modules/.pnpm/react-native-worklets@0.8.3_0c963d7fe504361936d05065f4a6a04d/node_modules/react-native-worklets/android/.cxx/RelWithDebInfo/3o5nu4n2/x86/CMakeFiles/worklets.dir/./
C/C++:   has 221 characters.  The maximum full path to an object file is 250
C/C++:   characters (see CMAKE_OBJECT_PATH_MAX).  Object file
C/C++:     C_/Users/flood/hiconnect/higo-platform/node_modules/.pnpm/react-native-worklets@0.8.3_0c963d7fe504361936d05065f4a6a04d/node_modules/react-native-worklets/Common/cpp/worklets/NativeModules/WorkletsModuleProxy.cpp.o
C/C++:   cannot be safely placed under this directory.  The build may not work
C/C++:   correctly.
C/C++: CMake Warning in CMakeLists.txt:
C/C++:   The object file directory
C/C++:     C:/Users/flood/hiconnect/higo-platform/node_modules/.pnpm/react-native-worklets@0.8.3_0c963d7fe504361936d05065f4a6a04d/node_modules/react-native-worklets/android/.cxx/RelWithDebInfo/3o5nu4n2/x86/CMakeFiles/worklets.dir/./
C/C++:   has 221 characters.  The maximum full path to an object file is 250
C/C++:   characters (see CMAKE_OBJECT_PATH_MAX).  Object file
C/C++:     C_/Users/flood/hiconnect/higo-platform/node_modules/.pnpm/react-native-worklets@0.8.3_0c963d7fe504361936d05065f4a6a04d/node_modules/react-native-worklets/Common/cpp/worklets/AnimationFrameQueue/AnimationFrameBatchinator.cpp.o
C/C++:   cannot be safely placed under this directory.  The build may not work
C/C++:   correctly.
C/C++: CMake Warning in CMakeLists.txt:
C/C++:   The object file directory
C/C++:     C:/Users/flood/hiconnect/higo-platform/node_modules/.pnpm/react-native-worklets@0.8.3_0c963d7fe504361936d05065f4a6a04d/node_modules/react-native-worklets/android/.cxx/RelWithDebInfo/3o5nu4n2/x86/CMakeFiles/worklets.dir/./
C/C++:   has 221 characters.  The maximum full path to an object file is 250
C/C++:   characters (see CMAKE_OBJECT_PATH_MAX).  Object file
C/C++:     C_/Users/flood/hiconnect/higo-platform/node_modules/.pnpm/react-native-worklets@0.8.3_0c963d7fe504361936d05065f4a6a04d/node_modules/react-native-worklets/Common/cpp/worklets/Compat/StableApi.cpp.o
C/C++:   cannot be safely placed under this directory.  The build may not work
C/C++:   correctly.
C/C++: CMake Warning in CMakeLists.txt:
C/C++:   The object file directory
C/C++:     C:/Users/flood/hiconnect/higo-platform/node_modules/.pnpm/react-native-worklets@0.8.3_0c963d7fe504361936d05065f4a6a04d/node_modules/react-native-worklets/android/.cxx/RelWithDebInfo/3o5nu4n2/x86/CMakeFiles/worklets.dir/./
C/C++:   has 221 characters.  The maximum full path to an object file is 250
C/C++:   characters (see CMAKE_OBJECT_PATH_MAX).  Object file
C/C++:     C_/Users/flood/hiconnect/higo-platform/node_modules/.pnpm/react-native-worklets@0.8.3_0c963d7fe504361936d05065f4a6a04d/node_modules/react-native-worklets/Common/cpp/worklets/NativeModules/JSIWorkletsModuleProxy.cpp.o
C/C++:   cannot be safely placed under this directory.  The build may not work
C/C++:   correctly.
C/C++: CMake Warning in CMakeLists.txt:
C/C++:   The object file directory
C/C++:     C:/Users/flood/hiconnect/higo-platform/node_modules/.pnpm/react-native-worklets@0.8.3_0c963d7fe504361936d05065f4a6a04d/node_modules/react-native-worklets/android/.cxx/RelWithDebInfo/3o5nu4n2/x86/CMakeFiles/worklets.dir/./
C/C++:   has 221 characters.  The maximum full path to an object file is 250
C/C++:   characters (see CMAKE_OBJECT_PATH_MAX).  Object file
C/C++:     C_/Users/flood/hiconnect/higo-platform/node_modules/.pnpm/react-native-worklets@0.8.3_0c963d7fe504361936d05065f4a6a04d/node_modules/react-native-worklets/Common/cpp/worklets/Resources/CustomSerializableUnpacker.cpp.o
C/C++:   cannot be safely placed under this directory.  The build may not work
C/C++:   correctly.
C/C++: CMake Warning in CMakeLists.txt:
C/C++:   The object file directory
C/C++:     C:/Users/flood/hiconnect/higo-platform/node_modules/.pnpm/react-native-worklets@0.8.3_0c963d7fe504361936d05065f4a6a04d/node_modules/react-native-worklets/android/.cxx/RelWithDebInfo/3o5nu4n2/x86/CMakeFiles/worklets.dir/./
C/C++:   has 221 characters.  The maximum full path to an object file is 250
C/C++:   characters (see CMAKE_OBJECT_PATH_MAX).  Object file
C/C++:     C_/Users/flood/hiconnect/higo-platform/node_modules/.pnpm/react-native-worklets@0.8.3_0c963d7fe504361936d05065f4a6a04d/node_modules/react-native-worklets/Common/cpp/worklets/Resources/CustomSerializableUnpacker.cpp.o
C/C++:   cannot be safely placed under this directory.  The build may not work
C/C++:   correctly.
C/C++: CMake Warning in CMakeLists.txt:
C/C++:   The object file directory
C/C++:     C:/Users/flood/hiconnect/higo-platform/node_modules/.pnpm/react-native-worklets@0.8.3_0c963d7fe504361936d05065f4a6a04d/node_modules/react-native-worklets/android/.cxx/RelWithDebInfo/3o5nu4n2/x86/CMakeFiles/worklets.dir/./
C/C++:   has 221 characters.  The maximum full path to an object file is 250
C/C++:   characters (see CMAKE_OBJECT_PATH_MAX).  Object file
C/C++:     C_/Users/flood/hiconnect/higo-platform/node_modules/.pnpm/react-native-worklets@0.8.3_0c963d7fe504361936d05065f4a6a04d/node_modules/react-native-worklets/Common/cpp/worklets/NativeModules/JSIWorkletsModuleProxy.cpp.o
C/C++:   cannot be safely placed under this directory.  The build may not work
C/C++:   correctly.
C/C++: CMake Warning in CMakeLists.txt:
C/C++:   The object file directory
C/C++:     C:/Users/flood/hiconnect/higo-platform/node_modules/.pnpm/react-native-worklets@0.8.3_0c963d7fe504361936d05065f4a6a04d/node_modules/react-native-worklets/android/.cxx/RelWithDebInfo/3o5nu4n2/x86/CMakeFiles/worklets.dir/./
C/C++:   has 221 characters.  The maximum full path to an object file is 250
C/C++:   characters (see CMAKE_OBJECT_PATH_MAX).  Object file
C/C++:     C_/Users/flood/hiconnect/higo-platform/node_modules/.pnpm/react-native-worklets@0.8.3_0c963d7fe504361936d05065f4a6a04d/node_modules/react-native-worklets/Common/cpp/worklets/AnimationFrameQueue/AnimationFrameBatchinator.cpp.o
C/C++:   cannot be safely placed under this directory.  The build may not work
C/C++:   correctly.
C/C++: CMake Warning in CMakeLists.txt:
C/C++:   The object file directory
C/C++:     C:/Users/flood/hiconnect/higo-platform/node_modules/.pnpm/react-native-worklets@0.8.3_0c963d7fe504361936d05065f4a6a04d/node_modules/react-native-worklets/android/.cxx/RelWithDebInfo/3o5nu4n2/x86/CMakeFiles/worklets.dir/./
C/C++:   has 221 characters.  The maximum full path to an object file is 250
C/C++:   characters (see CMAKE_OBJECT_PATH_MAX).  Object file
C/C++:     src/main/cpp/worklets/android/AndroidUIScheduler.cpp.o
C/C++:   cannot be safely placed under this directory.  The build may not work
C/C++:   correctly.
C/C++: CMake Warning in CMakeLists.txt:
C/C++:   The object file directory
C/C++:     C:/Users/flood/hiconnect/higo-platform/node_modules/.pnpm/react-native-worklets@0.8.3_0c963d7fe504361936d05065f4a6a04d/node_modules/react-native-worklets/android/.cxx/RelWithDebInfo/3o5nu4n2/x86/CMakeFiles/worklets.dir/./
C/C++:   has 221 characters.  The maximum full path to an object file is 250
C/C++:   characters (see CMAKE_OBJECT_PATH_MAX).  Object file
C/C++:     C_/Users/flood/hiconnect/higo-platform/node_modules/.pnpm/react-native-worklets@0.8.3_0c963d7fe504361936d05065f4a6a04d/node_modules/react-native-worklets/Common/cpp/worklets/NativeModules/WorkletsModuleProxy.cpp.o
C/C++:   cannot be safely placed under this directory.  The build may not work
C/C++:   correctly.

> Task :react-native-screens:buildCMakeRelWithDebInfo[x86_64]
C/C++: CMake Warning in CMakeLists.txt:
C/C++:   The object file directory
C/C++:     C:/Users/flood/hiconnect/higo-platform/node_modules/.pnpm/react-native-screens@4.25.2_2ff10e5e35d62e75ef3e80445743cd5d/node_modules/react-native-screens/android/.cxx/RelWithDebInfo/606e585m/x86_64/CMakeFiles/rnscreens.dir/./
C/C++:   has 224 characters.  The maximum full path to an object file is 250
C/C++:   characters (see CMAKE_OBJECT_PATH_MAX).  Object file
C/C++:     C_/Users/flood/hiconnect/higo-platform/node_modules/.pnpm/react-native-screens@4.25.2_2ff10e5e35d62e75ef3e80445743cd5d/node_modules/react-native-screens/cpp/RNSScreenRemovalListener.cpp.o
C/C++:   cannot be safely placed under this directory.  The build may not work
C/C++:   correctly.
C/C++: CMake Warning in CMakeLists.txt:
C/C++:   The object file directory
C/C++:     C:/Users/flood/hiconnect/higo-platform/node_modules/.pnpm/react-native-screens@4.25.2_2ff10e5e35d62e75ef3e80445743cd5d/node_modules/react-native-screens/android/.cxx/RelWithDebInfo/606e585m/x86_64/CMakeFiles/rnscreens.dir/./
C/C++:   has 224 characters.  The maximum full path to an object file is 250
C/C++:   characters (see CMAKE_OBJECT_PATH_MAX).  Object file
C/C++:     src/main/cpp/jni-adapter.cpp.o
C/C++:   cannot be safely placed under this directory.  The build may not work
C/C++:   correctly.
C/C++: CMake Warning in CMakeLists.txt:
C/C++:   The object file directory
C/C++:     C:/Users/flood/hiconnect/higo-platform/node_modules/.pnpm/react-native-screens@4.25.2_2ff10e5e35d62e75ef3e80445743cd5d/node_modules/react-native-screens/android/.cxx/RelWithDebInfo/606e585m/x86_64/CMakeFiles/rnscreens.dir/./
C/C++:   has 224 characters.  The maximum full path to an object file is 250
C/C++:   characters (see CMAKE_OBJECT_PATH_MAX).  Object file
C/C++:     src/main/cpp/NativeProxy.cpp.o
C/C++:   cannot be safely placed under this directory.  The build may not work
C/C++:   correctly.
C/C++: CMake Warning in CMakeLists.txt:
C/C++:   The object file directory
C/C++:     C:/Users/flood/hiconnect/higo-platform/node_modules/.pnpm/react-native-screens@4.25.2_2ff10e5e35d62e75ef3e80445743cd5d/node_modules/react-native-screens/android/.cxx/RelWithDebInfo/606e585m/x86_64/CMakeFiles/rnscreens.dir/./
C/C++:   has 224 characters.  The maximum full path to an object file is 250
C/C++:   characters (see CMAKE_OBJECT_PATH_MAX).  Object file
C/C++:     C_/Users/flood/hiconnect/higo-platform/node_modules/.pnpm/react-native-screens@4.25.2_2ff10e5e35d62e75ef3e80445743cd5d/node_modules/react-native-screens/cpp/RNSScreenRemovalListener.cpp.o
C/C++:   cannot be safely placed under this directory.  The build may not work
C/C++:   correctly.
C/C++: CMake Warning in CMakeLists.txt:
C/C++:   The object file directory
C/C++:     C:/Users/flood/hiconnect/higo-platform/node_modules/.pnpm/react-native-screens@4.25.2_2ff10e5e35d62e75ef3e80445743cd5d/node_modules/react-native-screens/android/.cxx/RelWithDebInfo/606e585m/x86_64/CMakeFiles/rnscreens.dir/./
C/C++:   has 224 characters.  The maximum full path to an object file is 250
C/C++:   characters (see CMAKE_OBJECT_PATH_MAX).  Object file
C/C++:     src/main/cpp/jni-adapter.cpp.o
C/C++:   cannot be safely placed under this directory.  The build may not work
C/C++:   correctly.
C/C++: CMake Warning in CMakeLists.txt:
C/C++:   The object file directory
C/C++:     C:/Users/flood/hiconnect/higo-platform/node_modules/.pnpm/react-native-screens@4.25.2_2ff10e5e35d62e75ef3e80445743cd5d/node_modules/react-native-screens/android/.cxx/RelWithDebInfo/606e585m/x86_64/CMakeFiles/rnscreens.dir/./
C/C++:   has 224 characters.  The maximum full path to an object file is 250
C/C++:   characters (see CMAKE_OBJECT_PATH_MAX).  Object file
C/C++:     src/main/cpp/jni-adapter.cpp.o
C/C++:   cannot be safely placed under this directory.  The build may not work
C/C++:   correctly.
C/C++: CMake Warning in CMakeLists.txt:
C/C++:   The object file directory
C/C++:     C:/Users/flood/hiconnect/higo-platform/node_modules/.pnpm/react-native-screens@4.25.2_2ff10e5e35d62e75ef3e80445743cd5d/node_modules/react-native-screens/android/.cxx/RelWithDebInfo/606e585m/x86_64/CMakeFiles/rnscreens.dir/./
C/C++:   has 224 characters.  The maximum full path to an object file is 250
C/C++:   characters (see CMAKE_OBJECT_PATH_MAX).  Object file
C/C++:     C_/Users/flood/hiconnect/higo-platform/node_modules/.pnpm/react-native-screens@4.25.2_2ff10e5e35d62e75ef3e80445743cd5d/node_modules/react-native-screens/cpp/RNScreensTurboModule.cpp.o
C/C++:   cannot be safely placed under this directory.  The build may not work
C/C++:   correctly.

> Task :react-native-worklets:buildCMakeRelWithDebInfo[x86][worklets]
C/C++: CMake Warning in CMakeLists.txt:
C/C++:   The object file directory
C/C++:     C:/Users/flood/hiconnect/higo-platform/node_modules/.pnpm/react-native-worklets@0.8.3_0c963d7fe504361936d05065f4a6a04d/node_modules/react-native-worklets/android/.cxx/RelWithDebInfo/3o5nu4n2/x86/CMakeFiles/worklets.dir/./
C/C++:   has 221 characters.  The maximum full path to an object file is 250
C/C++:   characters (see CMAKE_OBJECT_PATH_MAX).  Object file
C/C++:     C_/Users/flood/hiconnect/higo-platform/node_modules/.pnpm/react-native-worklets@0.8.3_0c963d7fe504361936d05065f4a6a04d/node_modules/react-native-worklets/Common/cpp/worklets/Registries/EventHandlerRegistry.cpp.o
C/C++:   cannot be safely placed under this directory.  The build may not work
C/C++:   correctly.
C/C++: CMake Warning in CMakeLists.txt:
C/C++:   The object file directory
C/C++:     C:/Users/flood/hiconnect/higo-platform/node_modules/.pnpm/react-native-worklets@0.8.3_0c963d7fe504361936d05065f4a6a04d/node_modules/react-native-worklets/android/.cxx/RelWithDebInfo/3o5nu4n2/x86/CMakeFiles/worklets.dir/./
C/C++:   has 221 characters.  The maximum full path to an object file is 250
C/C++:   characters (see CMAKE_OBJECT_PATH_MAX).  Object file
C/C++:     C_/Users/flood/hiconnect/higo-platform/node_modules/.pnpm/react-native-worklets@0.8.3_0c963d7fe504361936d05065f4a6a04d/node_modules/react-native-worklets/Common/cpp/worklets/Registries/WorkletRuntimeRegistry.cpp.o
C/C++:   cannot be safely placed under this directory.  The build may not work
C/C++:   correctly.
C/C++: CMake Warning in CMakeLists.txt:
C/C++:   The object file directory
C/C++:     C:/Users/flood/hiconnect/higo-platform/node_modules/.pnpm/react-native-worklets@0.8.3_0c963d7fe504361936d05065f4a6a04d/node_modules/react-native-worklets/android/.cxx/RelWithDebInfo/3o5nu4n2/x86/CMakeFiles/worklets.dir/./
C/C++:   has 221 characters.  The maximum full path to an object file is 250
C/C++:   characters (see CMAKE_OBJECT_PATH_MAX).  Object file
C/C++:     C_/Users/flood/hiconnect/higo-platform/node_modules/.pnpm/react-native-worklets@0.8.3_0c963d7fe504361936d05065f4a6a04d/node_modules/react-native-worklets/Common/cpp/worklets/Registries/WorkletRuntimeRegistry.cpp.o
C/C++:   cannot be safely placed under this directory.  The build may not work
C/C++:   correctly.
C/C++: CMake Warning in CMakeLists.txt:
C/C++:   The object file directory
C/C++:     C:/Users/flood/hiconnect/higo-platform/node_modules/.pnpm/react-native-worklets@0.8.3_0c963d7fe504361936d05065f4a6a04d/node_modules/react-native-worklets/android/.cxx/RelWithDebInfo/3o5nu4n2/x86/CMakeFiles/worklets.dir/./
C/C++:   has 221 characters.  The maximum full path to an object file is 250
C/C++:   characters (see CMAKE_OBJECT_PATH_MAX).  Object file
C/C++:     C_/Users/flood/hiconnect/higo-platform/node_modules/.pnpm/react-native-worklets@0.8.3_0c963d7fe504361936d05065f4a6a04d/node_modules/react-native-worklets/Common/cpp/worklets/NativeModules/WorkletsModuleProxy.cpp.o
C/C++:   cannot be safely placed under this directory.  The build may not work
C/C++:   correctly.
C/C++: CMake Warning in CMakeLists.txt:
C/C++:   The object file directory
C/C++:     C:/Users/flood/hiconnect/higo-platform/node_modules/.pnpm/react-native-worklets@0.8.3_0c963d7fe504361936d05065f4a6a04d/node_modules/react-native-worklets/android/.cxx/RelWithDebInfo/3o5nu4n2/x86/CMakeFiles/worklets.dir/./
C/C++:   has 221 characters.  The maximum full path to an object file is 250
C/C++:   characters (see CMAKE_OBJECT_PATH_MAX).  Object file
C/C++:     C_/Users/flood/hiconnect/higo-platform/node_modules/.pnpm/react-native-worklets@0.8.3_0c963d7fe504361936d05065f4a6a04d/node_modules/react-native-worklets/Common/cpp/worklets/AnimationFrameQueue/AnimationFrameBatchinator.cpp.o
C/C++:   cannot be safely placed under this directory.  The build may not work
C/C++:   correctly.
C/C++: CMake Warning in CMakeLists.txt:
C/C++:   The object file directory
C/C++:     C:/Users/flood/hiconnect/higo-platform/node_modules/.pnpm/react-native-worklets@0.8.3_0c963d7fe504361936d05065f4a6a04d/node_modules/react-native-worklets/android/.cxx/RelWithDebInfo/3o5nu4n2/x86/CMakeFiles/worklets.dir/./
C/C++:   has 221 characters.  The maximum full path to an object file is 250
C/C++:   characters (see CMAKE_OBJECT_PATH_MAX).  Object file
C/C++:     C_/Users/flood/hiconnect/higo-platform/node_modules/.pnpm/react-native-worklets@0.8.3_0c963d7fe504361936d05065f4a6a04d/node_modules/react-native-worklets/Common/cpp/worklets/Resources/ShareableGuestUnpacker.cpp.o
C/C++:   cannot be safely placed under this directory.  The build may not work
C/C++:   correctly.
C/C++: CMake Warning in CMakeLists.txt:
C/C++:   The object file directory
C/C++:     C:/Users/flood/hiconnect/higo-platform/node_modules/.pnpm/react-native-worklets@0.8.3_0c963d7fe504361936d05065f4a6a04d/node_modules/react-native-worklets/android/.cxx/RelWithDebInfo/3o5nu4n2/x86/CMakeFiles/worklets.dir/./
C/C++:   has 221 characters.  The maximum full path to an object file is 250
C/C++:   characters (see CMAKE_OBJECT_PATH_MAX).  Object file
C/C++:     C_/Users/flood/hiconnect/higo-platform/node_modules/.pnpm/react-native-worklets@0.8.3_0c963d7fe504361936d05065f4a6a04d/node_modules/react-native-worklets/Common/cpp/worklets/Registries/EventHandlerRegistry.cpp.o
C/C++:   cannot be safely placed under this directory.  The build may not work
C/C++:   correctly.
C/C++: CMake Warning in CMakeLists.txt:
C/C++:   The object file directory
C/C++:     C:/Users/flood/hiconnect/higo-platform/node_modules/.pnpm/react-native-worklets@0.8.3_0c963d7fe504361936d05065f4a6a04d/node_modules/react-native-worklets/android/.cxx/RelWithDebInfo/3o5nu4n2/x86/CMakeFiles/worklets.dir/./
C/C++:   has 221 characters.  The maximum full path to an object file is 250
C/C++:   characters (see CMAKE_OBJECT_PATH_MAX).  Object file
C/C++:     C_/Users/flood/hiconnect/higo-platform/node_modules/.pnpm/react-native-worklets@0.8.3_0c963d7fe504361936d05065f4a6a04d/node_modules/react-native-worklets/Common/cpp/worklets/Registries/WorkletRuntimeRegistry.cpp.o
C/C++:   cannot be safely placed under this directory.  The build may not work
C/C++:   correctly.
C/C++: CMake Warning in CMakeLists.txt:
C/C++:   The object file directory
C/C++:     C:/Users/flood/hiconnect/higo-platform/node_modules/.pnpm/react-native-worklets@0.8.3_0c963d7fe504361936d05065f4a6a04d/node_modules/react-native-worklets/android/.cxx/RelWithDebInfo/3o5nu4n2/x86/CMakeFiles/worklets.dir/./
C/C++:   has 221 characters.  The maximum full path to an object file is 250
C/C++:   characters (see CMAKE_OBJECT_PATH_MAX).  Object file
C/C++:     C_/Users/flood/hiconnect/higo-platform/node_modules/.pnpm/react-native-worklets@0.8.3_0c963d7fe504361936d05065f4a6a04d/node_modules/react-native-worklets/Common/cpp/worklets/Registries/EventHandlerRegistry.cpp.o
C/C++:   cannot be safely placed under this directory.  The build may not work
C/C++:   correctly.
C/C++: CMake Warning in CMakeLists.txt:
C/C++:   The object file directory
C/C++:     C:/Users/flood/hiconnect/higo-platform/node_modules/.pnpm/react-native-worklets@0.8.3_0c963d7fe504361936d05065f4a6a04d/node_modules/react-native-worklets/android/.cxx/RelWithDebInfo/3o5nu4n2/x86/CMakeFiles/worklets.dir/./
C/C++:   has 221 characters.  The maximum full path to an object file is 250
C/C++:   characters (see CMAKE_OBJECT_PATH_MAX).  Object file
C/C++:     C_/Users/flood/hiconnect/higo-platform/node_modules/.pnpm/react-native-worklets@0.8.3_0c963d7fe504361936d05065f4a6a04d/node_modules/react-native-worklets/Common/cpp/worklets/Compat/StableApi.cpp.o
C/C++:   cannot be safely placed under this directory.  The build may not work
C/C++:   correctly.
C/C++: CMake Warning in CMakeLists.txt:
C/C++:   The object file directory
C/C++:     C:/Users/flood/hiconnect/higo-platform/node_modules/.pnpm/react-native-worklets@0.8.3_0c963d7fe504361936d05065f4a6a04d/node_modules/react-native-worklets/android/.cxx/RelWithDebInfo/3o5nu4n2/x86/CMakeFiles/worklets.dir/./
C/C++:   has 221 characters.  The maximum full path to an object file is 250
C/C++:   characters (see CMAKE_OBJECT_PATH_MAX).  Object file
C/C++:     C_/Users/flood/hiconnect/higo-platform/node_modules/.pnpm/react-native-worklets@0.8.3_0c963d7fe504361936d05065f4a6a04d/node_modules/react-native-worklets/Common/cpp/worklets/AnimationFrameQueue/AnimationFrameBatchinator.cpp.o
C/C++:   cannot be safely placed under this directory.  The build may not work
C/C++:   correctly.
C/C++: CMake Warning in CMakeLists.txt:
C/C++:   The object file directory
C/C++:     C:/Users/flood/hiconnect/higo-platform/node_modules/.pnpm/react-native-worklets@0.8.3_0c963d7fe504361936d05065f4a6a04d/node_modules/react-native-worklets/android/.cxx/RelWithDebInfo/3o5nu4n2/x86/CMakeFiles/worklets.dir/./
C/C++:   has 221 characters.  The maximum full path to an object file is 250
C/C++:   characters (see CMAKE_OBJECT_PATH_MAX).  Object file
C/C++:     C_/Users/flood/hiconnect/higo-platform/node_modules/.pnpm/react-native-worklets@0.8.3_0c963d7fe504361936d05065f4a6a04d/node_modules/react-native-worklets/Common/cpp/worklets/AnimationFrameQueue/AnimationFrameBatchinator.cpp.o
C/C++:   cannot be safely placed under this directory.  The build may not work
C/C++:   correctly.
C/C++: CMake Warning in CMakeLists.txt:
C/C++:   The object file directory
C/C++:     C:/Users/flood/hiconnect/higo-platform/node_modules/.pnpm/react-native-worklets@0.8.3_0c963d7fe504361936d05065f4a6a04d/node_modules/react-native-worklets/android/.cxx/RelWithDebInfo/3o5nu4n2/x86/CMakeFiles/worklets.dir/./
C/C++:   has 221 characters.  The maximum full path to an object file is 250
C/C++:   characters (see CMAKE_OBJECT_PATH_MAX).  Object file
C/C++:     C_/Users/flood/hiconnect/higo-platform/node_modules/.pnpm/react-native-worklets@0.8.3_0c963d7fe504361936d05065f4a6a04d/node_modules/react-native-worklets/Common/cpp/worklets/AnimationFrameQueue/AnimationFrameBatchinator.cpp.o
C/C++:   cannot be safely placed under this directory.  The build may not work
C/C++:   correctly.
C/C++: CMake Warning in CMakeLists.txt:
C/C++:   The object file directory
C/C++:     C:/Users/flood/hiconnect/higo-platform/node_modules/.pnpm/react-native-worklets@0.8.3_0c963d7fe504361936d05065f4a6a04d/node_modules/react-native-worklets/android/.cxx/RelWithDebInfo/3o5nu4n2/x86/CMakeFiles/worklets.dir/./
C/C++:   has 221 characters.  The maximum full path to an object file is 250
C/C++:   characters (see CMAKE_OBJECT_PATH_MAX).  Object file
C/C++:     C_/Users/flood/hiconnect/higo-platform/node_modules/.pnpm/react-native-worklets@0.8.3_0c963d7fe504361936d05065f4a6a04d/node_modules/react-native-worklets/Common/cpp/worklets/Compat/StableApi.cpp.o
C/C++:   cannot be safely placed under this directory.  The build may not work
C/C++:   correctly.
C/C++: CMake Warning in CMakeLists.txt:
C/C++:   The object file directory
C/C++:     C:/Users/flood/hiconnect/higo-platform/node_modules/.pnpm/react-native-worklets@0.8.3_0c963d7fe504361936d05065f4a6a04d/node_modules/react-native-worklets/android/.cxx/RelWithDebInfo/3o5nu4n2/x86/CMakeFiles/worklets.dir/./
C/C++:   has 221 characters.  The maximum full path to an object file is 250
C/C++:   characters (see CMAKE_OBJECT_PATH_MAX).  Object file
C/C++:     C_/Users/flood/hiconnect/higo-platform/node_modules/.pnpm/react-native-worklets@0.8.3_0c963d7fe504361936d05065f4a6a04d/node_modules/react-native-worklets/Common/cpp/worklets/Tools/JSScheduler.cpp.o
C/C++:   cannot be safely placed under this directory.  The build may not work
C/C++:   correctly.
C/C++: CMake Warning in CMakeLists.txt:
C/C++:   The object file directory
C/C++:     C:/Users/flood/hiconnect/higo-platform/node_modules/.pnpm/react-native-worklets@0.8.3_0c963d7fe504361936d05065f4a6a04d/node_modules/react-native-worklets/android/.cxx/RelWithDebInfo/3o5nu4n2/x86/CMakeFiles/worklets.dir/./
C/C++:   has 221 characters.  The maximum full path to an object file is 250
C/C++:   characters (see CMAKE_OBJECT_PATH_MAX).  Object file
C/C++:     C_/Users/flood/hiconnect/higo-platform/node_modules/.pnpm/react-native-worklets@0.8.3_0c963d7fe504361936d05065f4a6a04d/node_modules/react-native-worklets/Common/cpp/worklets/NativeModules/WorkletsModuleProxy.cpp.o
C/C++:   cannot be safely placed under this directory.  The build may not work
C/C++:   correctly.
C/C++: CMake Warning in CMakeLists.txt:
C/C++:   The object file directory
C/C++:     C:/Users/flood/hiconnect/higo-platform/node_modules/.pnpm/react-native-worklets@0.8.3_0c963d7fe504361936d05065f4a6a04d/node_modules/react-native-worklets/android/.cxx/RelWithDebInfo/3o5nu4n2/x86/CMakeFiles/worklets.dir/./
C/C++:   has 221 characters.  The maximum full path to an object file is 250
C/C++:   characters (see CMAKE_OBJECT_PATH_MAX).  Object file
C/C++:     C_/Users/flood/hiconnect/higo-platform/node_modules/.pnpm/react-native-worklets@0.8.3_0c963d7fe504361936d05065f4a6a04d/node_modules/react-native-worklets/Common/cpp/worklets/NativeModules/JSIWorkletsModuleProxy.cpp.o
C/C++:   cannot be safely placed under this directory.  The build may not work
C/C++:   correctly.
C/C++: CMake Warning in CMakeLists.txt:
C/C++:   The object file directory
C/C++:     C:/Users/flood/hiconnect/higo-platform/node_modules/.pnpm/react-native-worklets@0.8.3_0c963d7fe504361936d05065f4a6a04d/node_modules/react-native-worklets/android/.cxx/RelWithDebInfo/3o5nu4n2/x86/CMakeFiles/worklets.dir/./
C/C++:   has 221 characters.  The maximum full path to an object file is 250
C/C++:   characters (see CMAKE_OBJECT_PATH_MAX).  Object file
C/C++:     C_/Users/flood/hiconnect/higo-platform/node_modules/.pnpm/react-native-worklets@0.8.3_0c963d7fe504361936d05065f4a6a04d/node_modules/react-native-worklets/Common/cpp/worklets/Registries/WorkletRuntimeRegistry.cpp.o
C/C++:   cannot be safely placed under this directory.  The build may not work
C/C++:   correctly.
C/C++: CMake Warning in CMakeLists.txt:
C/C++:   The object file directory
C/C++:     C:/Users/flood/hiconnect/higo-platform/node_modules/.pnpm/react-native-worklets@0.8.3_0c963d7fe504361936d05065f4a6a04d/node_modules/react-native-worklets/android/.cxx/RelWithDebInfo/3o5nu4n2/x86/CMakeFiles/worklets.dir/./
C/C++:   has 221 characters.  The maximum full path to an object file is 250
C/C++:   characters (see CMAKE_OBJECT_PATH_MAX).  Object file
C/C++:     C_/Users/flood/hiconnect/higo-platform/node_modules/.pnpm/react-native-worklets@0.8.3_0c963d7fe504361936d05065f4a6a04d/node_modules/react-native-worklets/Common/cpp/worklets/NativeModules/JSIWorkletsModuleProxy.cpp.o
C/C++:   cannot be safely placed under this directory.  The build may not work
C/C++:   correctly.

> Task :react-native-screens:buildCMakeRelWithDebInfo[x86_64]
C/C++: CMake Warning in CMakeLists.txt:
C/C++:   The object file directory
C/C++:     C:/Users/flood/hiconnect/higo-platform/node_modules/.pnpm/react-native-screens@4.25.2_2ff10e5e35d62e75ef3e80445743cd5d/node_modules/react-native-screens/android/.cxx/RelWithDebInfo/606e585m/x86_64/CMakeFiles/rnscreens.dir/./
C/C++:   has 224 characters.  The maximum full path to an object file is 250
C/C++:   characters (see CMAKE_OBJECT_PATH_MAX).  Object file
C/C++:     src/main/cpp/jni-adapter.cpp.o
C/C++:   cannot be safely placed under this directory.  The build may not work
C/C++:   correctly.
C/C++: CMake Warning in CMakeLists.txt:
C/C++:   The object file directory
C/C++:     C:/Users/flood/hiconnect/higo-platform/node_modules/.pnpm/react-native-screens@4.25.2_2ff10e5e35d62e75ef3e80445743cd5d/node_modules/react-native-screens/android/.cxx/RelWithDebInfo/606e585m/x86_64/CMakeFiles/rnscreens.dir/./
C/C++:   has 224 characters.  The maximum full path to an object file is 250
C/C++:   characters (see CMAKE_OBJECT_PATH_MAX).  Object file
C/C++:     C_/Users/flood/hiconnect/higo-platform/node_modules/.pnpm/react-native-screens@4.25.2_2ff10e5e35d62e75ef3e80445743cd5d/node_modules/react-native-screens/cpp/RNSScreenRemovalListener.cpp.o
C/C++:   cannot be safely placed under this directory.  The build may not work
C/C++:   correctly.
C/C++: CMake Warning in CMakeLists.txt:
C/C++:   The object file directory
C/C++:     C:/Users/flood/hiconnect/higo-platform/node_modules/.pnpm/react-native-screens@4.25.2_2ff10e5e35d62e75ef3e80445743cd5d/node_modules/react-native-screens/android/.cxx/RelWithDebInfo/606e585m/x86_64/CMakeFiles/rnscreens.dir/./
C/C++:   has 224 characters.  The maximum full path to an object file is 250
C/C++:   characters (see CMAKE_OBJECT_PATH_MAX).  Object file
C/C++:     C_/Users/flood/hiconnect/higo-platform/node_modules/.pnpm/react-native-screens@4.25.2_2ff10e5e35d62e75ef3e80445743cd5d/node_modules/react-native-screens/cpp/RNSScreenRemovalListener.cpp.o
C/C++:   cannot be safely placed under this directory.  The build may not work
C/C++:   correctly.
C/C++: CMake Warning in CMakeLists.txt:
C/C++:   The object file directory
C/C++:     C:/Users/flood/hiconnect/higo-platform/node_modules/.pnpm/react-native-screens@4.25.2_2ff10e5e35d62e75ef3e80445743cd5d/node_modules/react-native-screens/android/.cxx/RelWithDebInfo/606e585m/x86_64/CMakeFiles/rnscreens.dir/./
C/C++:   has 224 characters.  The maximum full path to an object file is 250
C/C++:   characters (see CMAKE_OBJECT_PATH_MAX).  Object file
C/C++:     src/main/cpp/NativeProxy.cpp.o
C/C++:   cannot be safely placed under this directory.  The build may not work
C/C++:   correctly.
C/C++: CMake Warning in CMakeLists.txt:
C/C++:   The object file directory
C/C++:     C:/Users/flood/hiconnect/higo-platform/node_modules/.pnpm/react-native-screens@4.25.2_2ff10e5e35d62e75ef3e80445743cd5d/node_modules/react-native-screens/android/.cxx/RelWithDebInfo/606e585m/x86_64/CMakeFiles/rnscreens.dir/./
C/C++:   has 224 characters.  The maximum full path to an object file is 250
C/C++:   characters (see CMAKE_OBJECT_PATH_MAX).  Object file
C/C++:     src/main/cpp/NativeProxy.cpp.o
C/C++:   cannot be safely placed under this directory.  The build may not work
C/C++:   correctly.
C/C++: CMake Warning in CMakeLists.txt:
C/C++:   The object file directory
C/C++:     C:/Users/flood/hiconnect/higo-platform/node_modules/.pnpm/react-native-screens@4.25.2_2ff10e5e35d62e75ef3e80445743cd5d/node_modules/react-native-screens/android/.cxx/RelWithDebInfo/606e585m/x86_64/CMakeFiles/rnscreens.dir/./
C/C++:   has 224 characters.  The maximum full path to an object file is 250
C/C++:   characters (see CMAKE_OBJECT_PATH_MAX).  Object file
C/C++:     C_/Users/flood/hiconnect/higo-platform/node_modules/.pnpm/react-native-screens@4.25.2_2ff10e5e35d62e75ef3e80445743cd5d/node_modules/react-native-screens/cpp/RNSScreenRemovalListener.cpp.o
C/C++:   cannot be safely placed under this directory.  The build may not work
C/C++:   correctly.
C/C++: CMake Warning in CMakeLists.txt:
C/C++:   The object file directory
C/C++:     C:/Users/flood/hiconnect/higo-platform/node_modules/.pnpm/react-native-screens@4.25.2_2ff10e5e35d62e75ef3e80445743cd5d/node_modules/react-native-screens/android/.cxx/RelWithDebInfo/606e585m/x86_64/CMakeFiles/rnscreens.dir/./
C/C++:   has 224 characters.  The maximum full path to an object file is 250
C/C++:   characters (see CMAKE_OBJECT_PATH_MAX).  Object file
C/C++:     C_/Users/flood/hiconnect/higo-platform/node_modules/.pnpm/react-native-screens@4.25.2_2ff10e5e35d62e75ef3e80445743cd5d/node_modules/react-native-screens/cpp/RNSScreenRemovalListener.cpp.o
C/C++:   cannot be safely placed under this directory.  The build may not work
C/C++:   correctly.
C/C++: CMake Warning in CMakeLists.txt:
C/C++:   The object file directory
C/C++:     C:/Users/flood/hiconnect/higo-platform/node_modules/.pnpm/react-native-screens@4.25.2_2ff10e5e35d62e75ef3e80445743cd5d/node_modules/react-native-screens/android/.cxx/RelWithDebInfo/606e585m/x86_64/CMakeFiles/rnscreens.dir/./
C/C++:   has 224 characters.  The maximum full path to an object file is 250
C/C++:   characters (see CMAKE_OBJECT_PATH_MAX).  Object file
C/C++:     C_/Users/flood/hiconnect/higo-platform/node_modules/.pnpm/react-native-screens@4.25.2_2ff10e5e35d62e75ef3e80445743cd5d/node_modules/react-native-screens/cpp/RNScreensTurboModule.cpp.o
C/C++:   cannot be safely placed under this directory.  The build may not work
C/C++:   correctly.
C/C++: CMake Warning in CMakeLists.txt:
C/C++:   The object file directory
C/C++:     C:/Users/flood/hiconnect/higo-platform/node_modules/.pnpm/react-native-screens@4.25.2_2ff10e5e35d62e75ef3e80445743cd5d/node_modules/react-native-screens/android/.cxx/RelWithDebInfo/606e585m/x86_64/CMakeFiles/rnscreens.dir/./
C/C++:   has 224 characters.  The maximum full path to an object file is 250
C/C++:   characters (see CMAKE_OBJECT_PATH_MAX).  Object file
C/C++:     src/main/cpp/jni-adapter.cpp.o
C/C++:   cannot be safely placed under this directory.  The build may not work
C/C++:   correctly.
C/C++: CMake Warning in CMakeLists.txt:
C/C++:   The object file directory
C/C++:     C:/Users/flood/hiconnect/higo-platform/node_modules/.pnpm/react-native-screens@4.25.2_2ff10e5e35d62e75ef3e80445743cd5d/node_modules/react-native-screens/android/.cxx/RelWithDebInfo/606e585m/x86_64/CMakeFiles/rnscreens.dir/./
C/C++:   has 224 characters.  The maximum full path to an object file is 250
C/C++:   characters (see CMAKE_OBJECT_PATH_MAX).  Object file
C/C++:     src/main/cpp/jni-adapter.cpp.o
C/C++:   cannot be safely placed under this directory.  The build may not work
C/C++:   correctly.
C/C++: CMake Warning in CMakeLists.txt:
C/C++:   The object file directory
C/C++:     C:/Users/flood/hiconnect/higo-platform/node_modules/.pnpm/react-native-screens@4.25.2_2ff10e5e35d62e75ef3e80445743cd5d/node_modules/react-native-screens/android/.cxx/RelWithDebInfo/606e585m/x86_64/CMakeFiles/rnscreens.dir/./
C/C++:   has 224 characters.  The maximum full path to an object file is 250
C/C++:   characters (see CMAKE_OBJECT_PATH_MAX).  Object file
C/C++:     src/main/cpp/jni-adapter.cpp.o
C/C++:   cannot be safely placed under this directory.  The build may not work
C/C++:   correctly.
C/C++: CMake Warning in CMakeLists.txt:
C/C++:   The object file directory
C/C++:     C:/Users/flood/hiconnect/higo-platform/node_modules/.pnpm/react-native-screens@4.25.2_2ff10e5e35d62e75ef3e80445743cd5d/node_modules/react-native-screens/android/.cxx/RelWithDebInfo/606e585m/x86_64/CMakeFiles/rnscreens.dir/./
C/C++:   has 224 characters.  The maximum full path to an object file is 250
C/C++:   characters (see CMAKE_OBJECT_PATH_MAX).  Object file
C/C++:     src/main/cpp/NativeProxy.cpp.o
C/C++:   cannot be safely placed under this directory.  The build may not work
C/C++:   correctly.
C/C++: CMake Warning in CMakeLists.txt:
C/C++:   The object file directory
C/C++:     C:/Users/flood/hiconnect/higo-platform/node_modules/.pnpm/react-native-screens@4.25.2_2ff10e5e35d62e75ef3e80445743cd5d/node_modules/react-native-screens/android/.cxx/RelWithDebInfo/606e585m/x86_64/CMakeFiles/rnscreens.dir/./
C/C++:   has 224 characters.  The maximum full path to an object file is 250
C/C++:   characters (see CMAKE_OBJECT_PATH_MAX).  Object file
C/C++:     src/main/cpp/jni-adapter.cpp.o
C/C++:   cannot be safely placed under this directory.  The build may not work
C/C++:   correctly.
C/C++: CMake Warning in CMakeLists.txt:
C/C++:   The object file directory
C/C++:     C:/Users/flood/hiconnect/higo-platform/node_modules/.pnpm/react-native-screens@4.25.2_2ff10e5e35d62e75ef3e80445743cd5d/node_modules/react-native-screens/android/.cxx/RelWithDebInfo/606e585m/x86_64/CMakeFiles/rnscreens.dir/./
C/C++:   has 224 characters.  The maximum full path to an object file is 250
C/C++:   characters (see CMAKE_OBJECT_PATH_MAX).  Object file
C/C++:     C_/Users/flood/hiconnect/higo-platform/node_modules/.pnpm/react-native-screens@4.25.2_2ff10e5e35d62e75ef3e80445743cd5d/node_modules/react-native-screens/cpp/RNSScreenRemovalListener.cpp.o
C/C++:   cannot be safely placed under this directory.  The build may not work
C/C++:   correctly.
C/C++: CMake Warning in CMakeLists.txt:
C/C++:   The object file directory
C/C++:     C:/Users/flood/hiconnect/higo-platform/node_modules/.pnpm/react-native-screens@4.25.2_2ff10e5e35d62e75ef3e80445743cd5d/node_modules/react-native-screens/android/.cxx/RelWithDebInfo/606e585m/x86_64/CMakeFiles/rnscreens.dir/./
C/C++:   has 224 characters.  The maximum full path to an object file is 250
C/C++:   characters (see CMAKE_OBJECT_PATH_MAX).  Object file
C/C++:     C_/Users/flood/hiconnect/higo-platform/node_modules/.pnpm/react-native-screens@4.25.2_2ff10e5e35d62e75ef3e80445743cd5d/node_modules/react-native-screens/cpp/RNScreensTurboModule.cpp.o
C/C++:   cannot be safely placed under this directory.  The build may not work
C/C++:   correctly.
C/C++: CMake Warning in CMakeLists.txt:
C/C++:   The object file directory
C/C++:     C:/Users/flood/hiconnect/higo-platform/node_modules/.pnpm/react-native-screens@4.25.2_2ff10e5e35d62e75ef3e80445743cd5d/node_modules/react-native-screens/android/.cxx/RelWithDebInfo/606e585m/x86_64/CMakeFiles/rnscreens.dir/./
C/C++:   has 224 characters.  The maximum full path to an object file is 250
C/C++:   characters (see CMAKE_OBJECT_PATH_MAX).  Object file
C/C++:     src/main/cpp/jni-adapter.cpp.o
C/C++:   cannot be safely placed under this directory.  The build may not work
C/C++:   correctly.
C/C++: CMake Warning in CMakeLists.txt:
C/C++:   The object file directory
C/C++:     C:/Users/flood/hiconnect/higo-platform/node_modules/.pnpm/react-native-screens@4.25.2_2ff10e5e35d62e75ef3e80445743cd5d/node_modules/react-native-screens/android/.cxx/RelWithDebInfo/606e585m/x86_64/CMakeFiles/rnscreens.dir/./
C/C++:   has 224 characters.  The maximum full path to an object file is 250
C/C++:   characters (see CMAKE_OBJECT_PATH_MAX).  Object file
C/C++:     C_/Users/flood/hiconnect/higo-platform/node_modules/.pnpm/react-native-screens@4.25.2_2ff10e5e35d62e75ef3e80445743cd5d/node_modules/react-native-screens/cpp/RNScreensTurboModule.cpp.o
C/C++:   cannot be safely placed under this directory.  The build may not work
C/C++:   correctly.
C/C++: CMake Warning in CMakeLists.txt:
C/C++:   The object file directory
C/C++:     C:/Users/flood/hiconnect/higo-platform/node_modules/.pnpm/react-native-screens@4.25.2_2ff10e5e35d62e75ef3e80445743cd5d/node_modules/react-native-screens/android/.cxx/RelWithDebInfo/606e585m/x86_64/CMakeFiles/rnscreens.dir/./
C/C++:   has 224 characters.  The maximum full path to an object file is 250
C/C++:   characters (see CMAKE_OBJECT_PATH_MAX).  Object file
C/C++:     C_/Users/flood/hiconnect/higo-platform/node_modules/.pnpm/react-native-screens@4.25.2_2ff10e5e35d62e75ef3e80445743cd5d/node_modules/react-native-screens/cpp/RNSScreenRemovalListener.cpp.o
C/C++:   cannot be safely placed under this directory.  The build may not work
C/C++:   correctly.
C/C++: CMake Warning in CMakeLists.txt:
C/C++:   The object file directory
C/C++:     C:/Users/flood/hiconnect/higo-platform/node_modules/.pnpm/react-native-screens@4.25.2_2ff10e5e35d62e75ef3e80445743cd5d/node_modules/react-native-screens/android/.cxx/RelWithDebInfo/606e585m/x86_64/CMakeFiles/rnscreens.dir/./
C/C++:   has 224 characters.  The maximum full path to an object file is 250
C/C++:   characters (see CMAKE_OBJECT_PATH_MAX).  Object file
C/C++:     C_/Users/flood/hiconnect/higo-platform/node_modules/.pnpm/react-native-screens@4.25.2_2ff10e5e35d62e75ef3e80445743cd5d/node_modules/react-native-screens/cpp/RNScreensTurboModule.cpp.o
C/C++:   cannot be safely placed under this directory.  The build may not work
C/C++:   correctly.
C/C++: CMake Warning in CMakeLists.txt:
C/C++:   The object file directory
C/C++:     C:/Users/flood/hiconnect/higo-platform/node_modules/.pnpm/react-native-screens@4.25.2_2ff10e5e35d62e75ef3e80445743cd5d/node_modules/react-native-screens/android/.cxx/RelWithDebInfo/606e585m/x86_64/CMakeFiles/rnscreens.dir/./
C/C++:   has 224 characters.  The maximum full path to an object file is 250
C/C++:   characters (see CMAKE_OBJECT_PATH_MAX).  Object file
C/C++:     C_/Users/flood/hiconnect/higo-platform/node_modules/.pnpm/react-native-screens@4.25.2_2ff10e5e35d62e75ef3e80445743cd5d/node_modules/react-native-screens/cpp/RNSScreenRemovalListener.cpp.o
C/C++:   cannot be safely placed under this directory.  The build may not work
C/C++:   correctly.
C/C++: CMake Warning in CMakeLists.txt:
C/C++:   The object file directory
C/C++:     C:/Users/flood/hiconnect/higo-platform/node_modules/.pnpm/react-native-screens@4.25.2_2ff10e5e35d62e75ef3e80445743cd5d/node_modules/react-native-screens/android/.cxx/RelWithDebInfo/606e585m/x86_64/CMakeFiles/rnscreens.dir/./
C/C++:   has 224 characters.  The maximum full path to an object file is 250
C/C++:   characters (see CMAKE_OBJECT_PATH_MAX).  Object file
C/C++:     src/main/cpp/NativeProxy.cpp.o
C/C++:   cannot be safely placed under this directory.  The build may not work
C/C++:   correctly.
C/C++: CMake Warning in CMakeLists.txt:
C/C++:   The object file directory
C/C++:     C:/Users/flood/hiconnect/higo-platform/node_modules/.pnpm/react-native-screens@4.25.2_2ff10e5e35d62e75ef3e80445743cd5d/node_modules/react-native-screens/android/.cxx/RelWithDebInfo/606e585m/x86_64/CMakeFiles/rnscreens.dir/./
C/C++:   has 224 characters.  The maximum full path to an object file is 250
C/C++:   characters (see CMAKE_OBJECT_PATH_MAX).  Object file
C/C++:     C_/Users/flood/hiconnect/higo-platform/node_modules/.pnpm/react-native-screens@4.25.2_2ff10e5e35d62e75ef3e80445743cd5d/node_modules/react-native-screens/cpp/RNSScreenRemovalListener.cpp.o
C/C++:   cannot be safely placed under this directory.  The build may not work
C/C++:   correctly.
C/C++: CMake Warning in CMakeLists.txt:
C/C++:   The object file directory
C/C++:     C:/Users/flood/hiconnect/higo-platform/node_modules/.pnpm/react-native-screens@4.25.2_2ff10e5e35d62e75ef3e80445743cd5d/node_modules/react-native-screens/android/.cxx/RelWithDebInfo/606e585m/x86_64/CMakeFiles/rnscreens.dir/./
C/C++:   has 224 characters.  The maximum full path to an object file is 250
C/C++:   characters (see CMAKE_OBJECT_PATH_MAX).  Object file
C/C++:     C_/Users/flood/hiconnect/higo-platform/node_modules/.pnpm/react-native-screens@4.25.2_2ff10e5e35d62e75ef3e80445743cd5d/node_modules/react-native-screens/cpp/RNSScreenRemovalListener.cpp.o
C/C++:   cannot be safely placed under this directory.  The build may not work
C/C++:   correctly.
C/C++: CMake Warning in CMakeLists.txt:
C/C++:   The object file directory
C/C++:     C:/Users/flood/hiconnect/higo-platform/node_modules/.pnpm/react-native-screens@4.25.2_2ff10e5e35d62e75ef3e80445743cd5d/node_modules/react-native-screens/android/.cxx/RelWithDebInfo/606e585m/x86_64/CMakeFiles/rnscreens.dir/./
C/C++:   has 224 characters.  The maximum full path to an object file is 250
C/C++:   characters (see CMAKE_OBJECT_PATH_MAX).  Object file
C/C++:     src/main/cpp/NativeProxy.cpp.o
C/C++:   cannot be safely placed under this directory.  The build may not work
C/C++:   correctly.
C/C++: CMake Warning in CMakeLists.txt:
C/C++:   The object file directory
C/C++:     C:/Users/flood/hiconnect/higo-platform/node_modules/.pnpm/react-native-screens@4.25.2_2ff10e5e35d62e75ef3e80445743cd5d/node_modules/react-native-screens/android/.cxx/RelWithDebInfo/606e585m/x86_64/CMakeFiles/rnscreens.dir/./
C/C++:   has 224 characters.  The maximum full path to an object file is 250
C/C++:   characters (see CMAKE_OBJECT_PATH_MAX).  Object file
C/C++:     C_/Users/flood/hiconnect/higo-platform/node_modules/.pnpm/react-native-screens@4.25.2_2ff10e5e35d62e75ef3e80445743cd5d/node_modules/react-native-screens/cpp/RNSScreenRemovalListener.cpp.o
C/C++:   cannot be safely placed under this directory.  The build may not work
C/C++:   correctly.
C/C++: CMake Warning in CMakeLists.txt:
C/C++:   The object file directory
C/C++:     C:/Users/flood/hiconnect/higo-platform/node_modules/.pnpm/react-native-screens@4.25.2_2ff10e5e35d62e75ef3e80445743cd5d/node_modules/react-native-screens/android/.cxx/RelWithDebInfo/606e585m/x86_64/CMakeFiles/rnscreens.dir/./
C/C++:   has 224 characters.  The maximum full path to an object file is 250
C/C++:   characters (see CMAKE_OBJECT_PATH_MAX).  Object file
C/C++:     C_/Users/flood/hiconnect/higo-platform/node_modules/.pnpm/react-native-screens@4.25.2_2ff10e5e35d62e75ef3e80445743cd5d/node_modules/react-native-screens/cpp/RNScreensTurboModule.cpp.o
C/C++:   cannot be safely placed under this directory.  The build may not work
C/C++:   correctly.
C/C++: CMake Warning in CMakeLists.txt:
C/C++:   The object file directory
C/C++:     C:/Users/flood/hiconnect/higo-platform/node_modules/.pnpm/react-native-screens@4.25.2_2ff10e5e35d62e75ef3e80445743cd5d/node_modules/react-native-screens/android/.cxx/RelWithDebInfo/606e585m/x86_64/CMakeFiles/rnscreens.dir/./
C/C++:   has 224 characters.  The maximum full path to an object file is 250
C/C++:   characters (see CMAKE_OBJECT_PATH_MAX).  Object file
C/C++:     src/main/cpp/NativeProxy.cpp.o
C/C++:   cannot be safely placed under this directory.  The build may not work
C/C++:   correctly.
C/C++: CMake Warning in CMakeLists.txt:
C/C++:   The object file directory
C/C++:     C:/Users/flood/hiconnect/higo-platform/node_modules/.pnpm/react-native-screens@4.25.2_2ff10e5e35d62e75ef3e80445743cd5d/node_modules/react-native-screens/android/.cxx/RelWithDebInfo/606e585m/x86_64/CMakeFiles/rnscreens.dir/./
C/C++:   has 224 characters.  The maximum full path to an object file is 250
C/C++:   characters (see CMAKE_OBJECT_PATH_MAX).  Object file
C/C++:     C_/Users/flood/hiconnect/higo-platform/node_modules/.pnpm/react-native-screens@4.25.2_2ff10e5e35d62e75ef3e80445743cd5d/node_modules/react-native-screens/cpp/RNSScreenRemovalListener.cpp.o
C/C++:   cannot be safely placed under this directory.  The build may not work
C/C++:   correctly.
C/C++: CMake Warning in CMakeLists.txt:
C/C++:   The object file directory
C/C++:     C:/Users/flood/hiconnect/higo-platform/node_modules/.pnpm/react-native-screens@4.25.2_2ff10e5e35d62e75ef3e80445743cd5d/node_modules/react-native-screens/android/.cxx/RelWithDebInfo/606e585m/x86_64/CMakeFiles/rnscreens.dir/./
C/C++:   has 224 characters.  The maximum full path to an object file is 250
C/C++:   characters (see CMAKE_OBJECT_PATH_MAX).  Object file
C/C++:     C_/Users/flood/hiconnect/higo-platform/node_modules/.pnpm/react-native-screens@4.25.2_2ff10e5e35d62e75ef3e80445743cd5d/node_modules/react-native-screens/cpp/RNScreensTurboModule.cpp.o
C/C++:   cannot be safely placed under this directory.  The build may not work
C/C++:   correctly.
C/C++: CMake Warning in CMakeLists.txt:
C/C++:   The object file directory
C/C++:     C:/Users/flood/hiconnect/higo-platform/node_modules/.pnpm/react-native-screens@4.25.2_2ff10e5e35d62e75ef3e80445743cd5d/node_modules/react-native-screens/android/.cxx/RelWithDebInfo/606e585m/x86_64/CMakeFiles/rnscreens.dir/./
C/C++:   has 224 characters.  The maximum full path to an object file is 250
C/C++:   characters (see CMAKE_OBJECT_PATH_MAX).  Object file
C/C++:     src/main/cpp/NativeProxy.cpp.o
C/C++:   cannot be safely placed under this directory.  The build may not work
C/C++:   correctly.
C/C++: CMake Warning in CMakeLists.txt:
C/C++:   The object file directory
C/C++:     C:/Users/flood/hiconnect/higo-platform/node_modules/.pnpm/react-native-screens@4.25.2_2ff10e5e35d62e75ef3e80445743cd5d/node_modules/react-native-screens/android/.cxx/RelWithDebInfo/606e585m/x86_64/CMakeFiles/rnscreens.dir/./
C/C++:   has 224 characters.  The maximum full path to an object file is 250
C/C++:   characters (see CMAKE_OBJECT_PATH_MAX).  Object file
C/C++:     src/main/cpp/NativeProxy.cpp.o
C/C++:   cannot be safely placed under this directory.  The build may not work
C/C++:   correctly.
C/C++: CMake Warning in CMakeLists.txt:
C/C++:   The object file directory
C/C++:     C:/Users/flood/hiconnect/higo-platform/node_modules/.pnpm/react-native-screens@4.25.2_2ff10e5e35d62e75ef3e80445743cd5d/node_modules/react-native-screens/android/.cxx/RelWithDebInfo/606e585m/x86_64/CMakeFiles/rnscreens.dir/./
C/C++:   has 224 characters.  The maximum full path to an object file is 250
C/C++:   characters (see CMAKE_OBJECT_PATH_MAX).  Object file
C/C++:     src/main/cpp/jni-adapter.cpp.o
C/C++:   cannot be safely placed under this directory.  The build may not work
C/C++:   correctly.
C/C++: CMake Warning in CMakeLists.txt:
C/C++:   The object file directory
C/C++:     C:/Users/flood/hiconnect/higo-platform/node_modules/.pnpm/react-native-screens@4.25.2_2ff10e5e35d62e75ef3e80445743cd5d/node_modules/react-native-screens/android/.cxx/RelWithDebInfo/606e585m/x86_64/CMakeFiles/rnscreens.dir/./
C/C++:   has 224 characters.  The maximum full path to an object file is 250
C/C++:   characters (see CMAKE_OBJECT_PATH_MAX).  Object file
C/C++:     src/main/cpp/NativeProxy.cpp.o
C/C++:   cannot be safely placed under this directory.  The build may not work
C/C++:   correctly.
C/C++: CMake Warning in CMakeLists.txt:
C/C++:   The object file directory
C/C++:     C:/Users/flood/hiconnect/higo-platform/node_modules/.pnpm/react-native-screens@4.25.2_2ff10e5e35d62e75ef3e80445743cd5d/node_modules/react-native-screens/android/.cxx/RelWithDebInfo/606e585m/x86_64/CMakeFiles/rnscreens.dir/./
C/C++:   has 224 characters.  The maximum full path to an object file is 250
C/C++:   characters (see CMAKE_OBJECT_PATH_MAX).  Object file
C/C++:     src/main/cpp/NativeProxy.cpp.o
C/C++:   cannot be safely placed under this directory.  The build may not work
C/C++:   correctly.
C/C++: CMake Warning in CMakeLists.txt:
C/C++:   The object file directory
C/C++:     C:/Users/flood/hiconnect/higo-platform/node_modules/.pnpm/react-native-screens@4.25.2_2ff10e5e35d62e75ef3e80445743cd5d/node_modules/react-native-screens/android/.cxx/RelWithDebInfo/606e585m/x86_64/CMakeFiles/rnscreens.dir/./
C/C++:   has 224 characters.  The maximum full path to an object file is 250
C/C++:   characters (see CMAKE_OBJECT_PATH_MAX).  Object file
C/C++:     C_/Users/flood/hiconnect/higo-platform/node_modules/.pnpm/react-native-screens@4.25.2_2ff10e5e35d62e75ef3e80445743cd5d/node_modules/react-native-screens/cpp/RNScreensTurboModule.cpp.o
C/C++:   cannot be safely placed under this directory.  The build may not work
C/C++:   correctly.
C/C++: CMake Warning in CMakeLists.txt:
C/C++:   The object file directory
C/C++:     C:/Users/flood/hiconnect/higo-platform/node_modules/.pnpm/react-native-screens@4.25.2_2ff10e5e35d62e75ef3e80445743cd5d/node_modules/react-native-screens/android/.cxx/RelWithDebInfo/606e585m/x86_64/CMakeFiles/rnscreens.dir/./
C/C++:   has 224 characters.  The maximum full path to an object file is 250
C/C++:   characters (see CMAKE_OBJECT_PATH_MAX).  Object file
C/C++:     C_/Users/flood/hiconnect/higo-platform/node_modules/.pnpm/react-native-screens@4.25.2_2ff10e5e35d62e75ef3e80445743cd5d/node_modules/react-native-screens/cpp/RNScreensTurboModule.cpp.o
C/C++:   cannot be safely placed under this directory.  The build may not work
C/C++:   correctly.
C/C++: CMake Warning in CMakeLists.txt:
C/C++:   The object file directory
C/C++:     C:/Users/flood/hiconnect/higo-platform/node_modules/.pnpm/react-native-screens@4.25.2_2ff10e5e35d62e75ef3e80445743cd5d/node_modules/react-native-screens/android/.cxx/RelWithDebInfo/606e585m/x86_64/CMakeFiles/rnscreens.dir/./
C/C++:   has 224 characters.  The maximum full path to an object file is 250
C/C++:   characters (see CMAKE_OBJECT_PATH_MAX).  Object file
C/C++:     C_/Users/flood/hiconnect/higo-platform/node_modules/.pnpm/react-native-screens@4.25.2_2ff10e5e35d62e75ef3e80445743cd5d/node_modules/react-native-screens/cpp/RNScreensTurboModule.cpp.o
C/C++:   cannot be safely placed under this directory.  The build may not work
C/C++:   correctly.
C/C++: CMake Warning in CMakeLists.txt:
C/C++:   The object file directory
C/C++:     C:/Users/flood/hiconnect/higo-platform/node_modules/.pnpm/react-native-screens@4.25.2_2ff10e5e35d62e75ef3e80445743cd5d/node_modules/react-native-screens/android/.cxx/RelWithDebInfo/606e585m/x86_64/CMakeFiles/rnscreens.dir/./
C/C++:   has 224 characters.  The maximum full path to an object file is 250
C/C++:   characters (see CMAKE_OBJECT_PATH_MAX).  Object file
C/C++:     src/main/cpp/NativeProxy.cpp.o
C/C++:   cannot be safely placed under this directory.  The build may not work
C/C++:   correctly.
C/C++: CMake Warning in CMakeLists.txt:
C/C++:   The object file directory
C/C++:     C:/Users/flood/hiconnect/higo-platform/node_modules/.pnpm/react-native-screens@4.25.2_2ff10e5e35d62e75ef3e80445743cd5d/node_modules/react-native-screens/android/.cxx/RelWithDebInfo/606e585m/x86_64/CMakeFiles/rnscreens.dir/./
C/C++:   has 224 characters.  The maximum full path to an object file is 250
C/C++:   characters (see CMAKE_OBJECT_PATH_MAX).  Object file
C/C++:     C_/Users/flood/hiconnect/higo-platform/node_modules/.pnpm/react-native-screens@4.25.2_2ff10e5e35d62e75ef3e80445743cd5d/node_modules/react-native-screens/cpp/RNSScreenRemovalListener.cpp.o
C/C++:   cannot be safely placed under this directory.  The build may not work
C/C++:   correctly.
C/C++: CMake Warning in CMakeLists.txt:
C/C++:   The object file directory
C/C++:     C:/Users/flood/hiconnect/higo-platform/node_modules/.pnpm/react-native-screens@4.25.2_2ff10e5e35d62e75ef3e80445743cd5d/node_modules/react-native-screens/android/.cxx/RelWithDebInfo/606e585m/x86_64/CMakeFiles/rnscreens.dir/./
C/C++:   has 224 characters.  The maximum full path to an object file is 250
C/C++:   characters (see CMAKE_OBJECT_PATH_MAX).  Object file
C/C++:     C_/Users/flood/hiconnect/higo-platform/node_modules/.pnpm/react-native-screens@4.25.2_2ff10e5e35d62e75ef3e80445743cd5d/node_modules/react-native-screens/cpp/RNScreensTurboModule.cpp.o
C/C++:   cannot be safely placed under this directory.  The build may not work
C/C++:   correctly.
C/C++: CMake Warning in CMakeLists.txt:
C/C++:   The object file directory
C/C++:     C:/Users/flood/hiconnect/higo-platform/node_modules/.pnpm/react-native-screens@4.25.2_2ff10e5e35d62e75ef3e80445743cd5d/node_modules/react-native-screens/android/.cxx/RelWithDebInfo/606e585m/x86_64/CMakeFiles/rnscreens.dir/./
C/C++:   has 224 characters.  The maximum full path to an object file is 250
C/C++:   characters (see CMAKE_OBJECT_PATH_MAX).  Object file
C/C++:     C_/Users/flood/hiconnect/higo-platform/node_modules/.pnpm/react-native-screens@4.25.2_2ff10e5e35d62e75ef3e80445743cd5d/node_modules/react-native-screens/cpp/RNSScreenRemovalListener.cpp.o
C/C++:   cannot be safely placed under this directory.  The build may not work
C/C++:   correctly.
C/C++: CMake Warning in CMakeLists.txt:
C/C++:   The object file directory
C/C++:     C:/Users/flood/hiconnect/higo-platform/node_modules/.pnpm/react-native-screens@4.25.2_2ff10e5e35d62e75ef3e80445743cd5d/node_modules/react-native-screens/android/.cxx/RelWithDebInfo/606e585m/x86_64/CMakeFiles/rnscreens.dir/./
C/C++:   has 224 characters.  The maximum full path to an object file is 250
C/C++:   characters (see CMAKE_OBJECT_PATH_MAX).  Object file
C/C++:     src/main/cpp/NativeProxy.cpp.o
C/C++:   cannot be safely placed under this directory.  The build may not work
C/C++:   correctly.
C/C++: CMake Warning in CMakeLists.txt:
C/C++:   The object file directory
C/C++:     C:/Users/flood/hiconnect/higo-platform/node_modules/.pnpm/react-native-screens@4.25.2_2ff10e5e35d62e75ef3e80445743cd5d/node_modules/react-native-screens/android/.cxx/RelWithDebInfo/606e585m/x86_64/CMakeFiles/rnscreens.dir/./
C/C++:   has 224 characters.  The maximum full path to an object file is 250
C/C++:   characters (see CMAKE_OBJECT_PATH_MAX).  Object file
C/C++:     C_/Users/flood/hiconnect/higo-platform/node_modules/.pnpm/react-native-screens@4.25.2_2ff10e5e35d62e75ef3e80445743cd5d/node_modules/react-native-screens/cpp/RNSScreenRemovalListener.cpp.o
C/C++:   cannot be safely placed under this directory.  The build may not work
C/C++:   correctly.
C/C++: CMake Warning in CMakeLists.txt:
C/C++:   The object file directory
C/C++:     C:/Users/flood/hiconnect/higo-platform/node_modules/.pnpm/react-native-screens@4.25.2_2ff10e5e35d62e75ef3e80445743cd5d/node_modules/react-native-screens/android/.cxx/RelWithDebInfo/606e585m/x86_64/CMakeFiles/rnscreens.dir/./
C/C++:   has 224 characters.  The maximum full path to an object file is 250
C/C++:   characters (see CMAKE_OBJECT_PATH_MAX).  Object file
C/C++:     src/main/cpp/jni-adapter.cpp.o
C/C++:   cannot be safely placed under this directory.  The build may not work
C/C++:   correctly.
C/C++: CMake Warning in CMakeLists.txt:
C/C++:   The object file directory
C/C++:     C:/Users/flood/hiconnect/higo-platform/node_modules/.pnpm/react-native-screens@4.25.2_2ff10e5e35d62e75ef3e80445743cd5d/node_modules/react-native-screens/android/.cxx/RelWithDebInfo/606e585m/x86_64/CMakeFiles/rnscreens.dir/./
C/C++:   has 224 characters.  The maximum full path to an object file is 250
C/C++:   characters (see CMAKE_OBJECT_PATH_MAX).  Object file
C/C++:     src/main/cpp/jni-adapter.cpp.o
C/C++:   cannot be safely placed under this directory.  The build may not work
C/C++:   correctly.

> Task :react-native-worklets:buildCMakeRelWithDebInfo[x86][worklets]
C/C++: CMake Warning in CMakeLists.txt:
C/C++:   The object file directory
C/C++:     C:/Users/flood/hiconnect/higo-platform/node_modules/.pnpm/react-native-worklets@0.8.3_0c963d7fe504361936d05065f4a6a04d/node_modules/react-native-worklets/android/.cxx/RelWithDebInfo/3o5nu4n2/x86/CMakeFiles/worklets.dir/./
C/C++:   has 221 characters.  The maximum full path to an object file is 250
C/C++:   characters (see CMAKE_OBJECT_PATH_MAX).  Object file
C/C++:     C_/Users/flood/hiconnect/higo-platform/node_modules/.pnpm/react-native-worklets@0.8.3_0c963d7fe504361936d05065f4a6a04d/node_modules/react-native-worklets/Common/cpp/worklets/AnimationFrameQueue/AnimationFrameBatchinator.cpp.o
C/C++:   cannot be safely placed under this directory.  The build may not work
C/C++:   correctly.
C/C++: CMake Warning in CMakeLists.txt:
C/C++:   The object file directory
C/C++:     C:/Users/flood/hiconnect/higo-platform/node_modules/.pnpm/react-native-worklets@0.8.3_0c963d7fe504361936d05065f4a6a04d/node_modules/react-native-worklets/android/.cxx/RelWithDebInfo/3o5nu4n2/x86/CMakeFiles/worklets.dir/./
C/C++:   has 221 characters.  The maximum full path to an object file is 250
C/C++:   characters (see CMAKE_OBJECT_PATH_MAX).  Object file
C/C++:     C_/Users/flood/hiconnect/higo-platform/node_modules/.pnpm/react-native-worklets@0.8.3_0c963d7fe504361936d05065f4a6a04d/node_modules/react-native-worklets/Common/cpp/worklets/Registries/EventHandlerRegistry.cpp.o
C/C++:   cannot be safely placed under this directory.  The build may not work
C/C++:   correctly.
C/C++: CMake Warning in CMakeLists.txt:
C/C++:   The object file directory
C/C++:     C:/Users/flood/hiconnect/higo-platform/node_modules/.pnpm/react-native-worklets@0.8.3_0c963d7fe504361936d05065f4a6a04d/node_modules/react-native-worklets/android/.cxx/RelWithDebInfo/3o5nu4n2/x86/CMakeFiles/worklets.dir/./
C/C++:   has 221 characters.  The maximum full path to an object file is 250
C/C++:   characters (see CMAKE_OBJECT_PATH_MAX).  Object file
C/C++:     C_/Users/flood/hiconnect/higo-platform/node_modules/.pnpm/react-native-worklets@0.8.3_0c963d7fe504361936d05065f4a6a04d/node_modules/react-native-worklets/Common/cpp/worklets/NativeModules/JSIWorkletsModuleProxy.cpp.o
C/C++:   cannot be safely placed under this directory.  The build may not work
C/C++:   correctly.
C/C++: CMake Warning in CMakeLists.txt:
C/C++:   The object file directory
C/C++:     C:/Users/flood/hiconnect/higo-platform/node_modules/.pnpm/react-native-worklets@0.8.3_0c963d7fe504361936d05065f4a6a04d/node_modules/react-native-worklets/android/.cxx/RelWithDebInfo/3o5nu4n2/x86/CMakeFiles/worklets.dir/./
C/C++:   has 221 characters.  The maximum full path to an object file is 250
C/C++:   characters (see CMAKE_OBJECT_PATH_MAX).  Object file
C/C++:     C_/Users/flood/hiconnect/higo-platform/node_modules/.pnpm/react-native-worklets@0.8.3_0c963d7fe504361936d05065f4a6a04d/node_modules/react-native-worklets/Common/cpp/worklets/Compat/StableApi.cpp.o
C/C++:   cannot be safely placed under this directory.  The build may not work
C/C++:   correctly.
C/C++: CMake Warning in CMakeLists.txt:
C/C++:   The object file directory
C/C++:     C:/Users/flood/hiconnect/higo-platform/node_modules/.pnpm/react-native-worklets@0.8.3_0c963d7fe504361936d05065f4a6a04d/node_modules/react-native-worklets/android/.cxx/RelWithDebInfo/3o5nu4n2/x86/CMakeFiles/worklets.dir/./
C/C++:   has 221 characters.  The maximum full path to an object file is 250
C/C++:   characters (see CMAKE_OBJECT_PATH_MAX).  Object file
C/C++:     C_/Users/flood/hiconnect/higo-platform/node_modules/.pnpm/react-native-worklets@0.8.3_0c963d7fe504361936d05065f4a6a04d/node_modules/react-native-worklets/Common/cpp/worklets/AnimationFrameQueue/AnimationFrameBatchinator.cpp.o
C/C++:   cannot be safely placed under this directory.  The build may not work
C/C++:   correctly.
C/C++: CMake Warning in CMakeLists.txt:
C/C++:   The object file directory
C/C++:     C:/Users/flood/hiconnect/higo-platform/node_modules/.pnpm/react-native-worklets@0.8.3_0c963d7fe504361936d05065f4a6a04d/node_modules/react-native-worklets/android/.cxx/RelWithDebInfo/3o5nu4n2/x86/CMakeFiles/worklets.dir/./
C/C++:   has 221 characters.  The maximum full path to an object file is 250
C/C++:   characters (see CMAKE_OBJECT_PATH_MAX).  Object file
C/C++:     C_/Users/flood/hiconnect/higo-platform/node_modules/.pnpm/react-native-worklets@0.8.3_0c963d7fe504361936d05065f4a6a04d/node_modules/react-native-worklets/Common/cpp/worklets/NativeModules/WorkletsModuleProxy.cpp.o
C/C++:   cannot be safely placed under this directory.  The build may not work
C/C++:   correctly.
C/C++: CMake Warning in CMakeLists.txt:
C/C++:   The object file directory
C/C++:     C:/Users/flood/hiconnect/higo-platform/node_modules/.pnpm/react-native-worklets@0.8.3_0c963d7fe504361936d05065f4a6a04d/node_modules/react-native-worklets/android/.cxx/RelWithDebInfo/3o5nu4n2/x86/CMakeFiles/worklets.dir/./
C/C++:   has 221 characters.  The maximum full path to an object file is 250
C/C++:   characters (see CMAKE_OBJECT_PATH_MAX).  Object file
C/C++:     C_/Users/flood/hiconnect/higo-platform/node_modules/.pnpm/react-native-worklets@0.8.3_0c963d7fe504361936d05065f4a6a04d/node_modules/react-native-worklets/Common/cpp/worklets/NativeModules/JSIWorkletsModuleProxy.cpp.o
C/C++:   cannot be safely placed under this directory.  The build may not work
C/C++:   correctly.
C/C++: CMake Warning in CMakeLists.txt:
C/C++:   The object file directory
C/C++:     C:/Users/flood/hiconnect/higo-platform/node_modules/.pnpm/react-native-worklets@0.8.3_0c963d7fe504361936d05065f4a6a04d/node_modules/react-native-worklets/android/.cxx/RelWithDebInfo/3o5nu4n2/x86/CMakeFiles/worklets.dir/./
C/C++:   has 221 characters.  The maximum full path to an object file is 250
C/C++:   characters (see CMAKE_OBJECT_PATH_MAX).  Object file
C/C++:     C_/Users/flood/hiconnect/higo-platform/node_modules/.pnpm/react-native-worklets@0.8.3_0c963d7fe504361936d05065f4a6a04d/node_modules/react-native-worklets/Common/cpp/worklets/Resources/CustomSerializableUnpacker.cpp.o
C/C++:   cannot be safely placed under this directory.  The build may not work
C/C++:   correctly.
C/C++: CMake Warning in CMakeLists.txt:
C/C++:   The object file directory
C/C++:     C:/Users/flood/hiconnect/higo-platform/node_modules/.pnpm/react-native-worklets@0.8.3_0c963d7fe504361936d05065f4a6a04d/node_modules/react-native-worklets/android/.cxx/RelWithDebInfo/3o5nu4n2/x86/CMakeFiles/worklets.dir/./
C/C++:   has 221 characters.  The maximum full path to an object file is 250
C/C++:   characters (see CMAKE_OBJECT_PATH_MAX).  Object file
C/C++:     C_/Users/flood/hiconnect/higo-platform/node_modules/.pnpm/react-native-worklets@0.8.3_0c963d7fe504361936d05065f4a6a04d/node_modules/react-native-worklets/Common/cpp/worklets/Resources/ShareableGuestUnpacker.cpp.o
C/C++:   cannot be safely placed under this directory.  The build may not work
C/C++:   correctly.
C/C++: CMake Warning in CMakeLists.txt:
C/C++:   The object file directory
C/C++:     C:/Users/flood/hiconnect/higo-platform/node_modules/.pnpm/react-native-worklets@0.8.3_0c963d7fe504361936d05065f4a6a04d/node_modules/react-native-worklets/android/.cxx/RelWithDebInfo/3o5nu4n2/x86/CMakeFiles/worklets.dir/./
C/C++:   has 221 characters.  The maximum full path to an object file is 250
C/C++:   characters (see CMAKE_OBJECT_PATH_MAX).  Object file
C/C++:     C_/Users/flood/hiconnect/higo-platform/node_modules/.pnpm/react-native-worklets@0.8.3_0c963d7fe504361936d05065f4a6a04d/node_modules/react-native-worklets/Common/cpp/worklets/Registries/WorkletRuntimeRegistry.cpp.o
C/C++:   cannot be safely placed under this directory.  The build may not work
C/C++:   correctly.
C/C++: CMake Warning in CMakeLists.txt:
C/C++:   The object file directory
C/C++:     C:/Users/flood/hiconnect/higo-platform/node_modules/.pnpm/react-native-worklets@0.8.3_0c963d7fe504361936d05065f4a6a04d/node_modules/react-native-worklets/android/.cxx/RelWithDebInfo/3o5nu4n2/x86/CMakeFiles/worklets.dir/./
C/C++:   has 221 characters.  The maximum full path to an object file is 250
C/C++:   characters (see CMAKE_OBJECT_PATH_MAX).  Object file
C/C++:     C_/Users/flood/hiconnect/higo-platform/node_modules/.pnpm/react-native-worklets@0.8.3_0c963d7fe504361936d05065f4a6a04d/node_modules/react-native-worklets/Common/cpp/worklets/Registries/EventHandlerRegistry.cpp.o
C/C++:   cannot be safely placed under this directory.  The build may not work
C/C++:   correctly.
C/C++: CMake Warning in CMakeLists.txt:
C/C++:   The object file directory
C/C++:     C:/Users/flood/hiconnect/higo-platform/node_modules/.pnpm/react-native-worklets@0.8.3_0c963d7fe504361936d05065f4a6a04d/node_modules/react-native-worklets/android/.cxx/RelWithDebInfo/3o5nu4n2/x86/CMakeFiles/worklets.dir/./
C/C++:   has 221 characters.  The maximum full path to an object file is 250
C/C++:   characters (see CMAKE_OBJECT_PATH_MAX).  Object file
C/C++:     C_/Users/flood/hiconnect/higo-platform/node_modules/.pnpm/react-native-worklets@0.8.3_0c963d7fe504361936d05065f4a6a04d/node_modules/react-native-worklets/Common/cpp/worklets/AnimationFrameQueue/AnimationFrameBatchinator.cpp.o
C/C++:   cannot be safely placed under this directory.  The build may not work
C/C++:   correctly.
C/C++: CMake Warning in CMakeLists.txt:
C/C++:   The object file directory
C/C++:     C:/Users/flood/hiconnect/higo-platform/node_modules/.pnpm/react-native-worklets@0.8.3_0c963d7fe504361936d05065f4a6a04d/node_modules/react-native-worklets/android/.cxx/RelWithDebInfo/3o5nu4n2/x86/CMakeFiles/worklets.dir/./
C/C++:   has 221 characters.  The maximum full path to an object file is 250
C/C++:   characters (see CMAKE_OBJECT_PATH_MAX).  Object file
C/C++:     C_/Users/flood/hiconnect/higo-platform/node_modules/.pnpm/react-native-worklets@0.8.3_0c963d7fe504361936d05065f4a6a04d/node_modules/react-native-worklets/Common/cpp/worklets/Compat/StableApi.cpp.o
C/C++:   cannot be safely placed under this directory.  The build may not work
C/C++:   correctly.
C/C++: CMake Warning in CMakeLists.txt:
C/C++:   The object file directory
C/C++:     C:/Users/flood/hiconnect/higo-platform/node_modules/.pnpm/react-native-worklets@0.8.3_0c963d7fe504361936d05065f4a6a04d/node_modules/react-native-worklets/android/.cxx/RelWithDebInfo/3o5nu4n2/x86/CMakeFiles/worklets.dir/./
C/C++:   has 221 characters.  The maximum full path to an object file is 250
C/C++:   characters (see CMAKE_OBJECT_PATH_MAX).  Object file
C/C++:     C_/Users/flood/hiconnect/higo-platform/node_modules/.pnpm/react-native-worklets@0.8.3_0c963d7fe504361936d05065f4a6a04d/node_modules/react-native-worklets/Common/cpp/worklets/Resources/ShareableGuestUnpacker.cpp.o
C/C++:   cannot be safely placed under this directory.  The build may not work
C/C++:   correctly.
C/C++: CMake Warning in CMakeLists.txt:
C/C++:   The object file directory
C/C++:     C:/Users/flood/hiconnect/higo-platform/node_modules/.pnpm/react-native-worklets@0.8.3_0c963d7fe504361936d05065f4a6a04d/node_modules/react-native-worklets/android/.cxx/RelWithDebInfo/3o5nu4n2/x86/CMakeFiles/worklets.dir/./
C/C++:   has 221 characters.  The maximum full path to an object file is 250
C/C++:   characters (see CMAKE_OBJECT_PATH_MAX).  Object file
C/C++:     C_/Users/flood/hiconnect/higo-platform/node_modules/.pnpm/react-native-worklets@0.8.3_0c963d7fe504361936d05065f4a6a04d/node_modules/react-native-worklets/Common/cpp/worklets/Resources/CustomSerializableUnpacker.cpp.o
C/C++:   cannot be safely placed under this directory.  The build may not work
C/C++:   correctly.
C/C++: CMake Warning in CMakeLists.txt:
C/C++:   The object file directory
C/C++:     C:/Users/flood/hiconnect/higo-platform/node_modules/.pnpm/react-native-worklets@0.8.3_0c963d7fe504361936d05065f4a6a04d/node_modules/react-native-worklets/android/.cxx/RelWithDebInfo/3o5nu4n2/x86/CMakeFiles/worklets.dir/./
C/C++:   has 221 characters.  The maximum full path to an object file is 250
C/C++:   characters (see CMAKE_OBJECT_PATH_MAX).  Object file
C/C++:     C_/Users/flood/hiconnect/higo-platform/node_modules/.pnpm/react-native-worklets@0.8.3_0c963d7fe504361936d05065f4a6a04d/node_modules/react-native-worklets/Common/cpp/worklets/Registries/WorkletRuntimeRegistry.cpp.o
C/C++:   cannot be safely placed under this directory.  The build may not work
C/C++:   correctly.
C/C++: CMake Warning in CMakeLists.txt:
C/C++:   The object file directory
C/C++:     C:/Users/flood/hiconnect/higo-platform/node_modules/.pnpm/react-native-worklets@0.8.3_0c963d7fe504361936d05065f4a6a04d/node_modules/react-native-worklets/android/.cxx/RelWithDebInfo/3o5nu4n2/x86/CMakeFiles/worklets.dir/./
C/C++:   has 221 characters.  The maximum full path to an object file is 250
C/C++:   characters (see CMAKE_OBJECT_PATH_MAX).  Object file
C/C++:     C_/Users/flood/hiconnect/higo-platform/node_modules/.pnpm/react-native-worklets@0.8.3_0c963d7fe504361936d05065f4a6a04d/node_modules/react-native-worklets/Common/cpp/worklets/AnimationFrameQueue/AnimationFrameBatchinator.cpp.o
C/C++:   cannot be safely placed under this directory.  The build may not work
C/C++:   correctly.
C/C++: CMake Warning in CMakeLists.txt:
C/C++:   The object file directory
C/C++:     C:/Users/flood/hiconnect/higo-platform/node_modules/.pnpm/react-native-worklets@0.8.3_0c963d7fe504361936d05065f4a6a04d/node_modules/react-native-worklets/android/.cxx/RelWithDebInfo/3o5nu4n2/x86/CMakeFiles/worklets.dir/./
C/C++:   has 221 characters.  The maximum full path to an object file is 250
C/C++:   characters (see CMAKE_OBJECT_PATH_MAX).  Object file
C/C++:     C_/Users/flood/hiconnect/higo-platform/node_modules/.pnpm/react-native-worklets@0.8.3_0c963d7fe504361936d05065f4a6a04d/node_modules/react-native-worklets/Common/cpp/worklets/AnimationFrameQueue/AnimationFrameBatchinator.cpp.o
C/C++:   cannot be safely placed under this directory.  The build may not work
C/C++:   correctly.
C/C++: CMake Warning in CMakeLists.txt:
C/C++:   The object file directory
C/C++:     C:/Users/flood/hiconnect/higo-platform/node_modules/.pnpm/react-native-worklets@0.8.3_0c963d7fe504361936d05065f4a6a04d/node_modules/react-native-worklets/android/.cxx/RelWithDebInfo/3o5nu4n2/x86/CMakeFiles/worklets.dir/./
C/C++:   has 221 characters.  The maximum full path to an object file is 250
C/C++:   characters (see CMAKE_OBJECT_PATH_MAX).  Object file
C/C++:     C_/Users/flood/hiconnect/higo-platform/node_modules/.pnpm/react-native-worklets@0.8.3_0c963d7fe504361936d05065f4a6a04d/node_modules/react-native-worklets/Common/cpp/worklets/Registries/WorkletRuntimeRegistry.cpp.o
C/C++:   cannot be safely placed under this directory.  The build may not work
C/C++:   correctly.
C/C++: CMake Warning in CMakeLists.txt:
C/C++:   The object file directory
C/C++:     C:/Users/flood/hiconnect/higo-platform/node_modules/.pnpm/react-native-worklets@0.8.3_0c963d7fe504361936d05065f4a6a04d/node_modules/react-native-worklets/android/.cxx/RelWithDebInfo/3o5nu4n2/x86/CMakeFiles/worklets.dir/./
C/C++:   has 221 characters.  The maximum full path to an object file is 250
C/C++:   characters (see CMAKE_OBJECT_PATH_MAX).  Object file
C/C++:     C_/Users/flood/hiconnect/higo-platform/node_modules/.pnpm/react-native-worklets@0.8.3_0c963d7fe504361936d05065f4a6a04d/node_modules/react-native-worklets/Common/cpp/worklets/NativeModules/JSIWorkletsModuleProxy.cpp.o
C/C++:   cannot be safely placed under this directory.  The build may not work
C/C++:   correctly.
C/C++: CMake Warning in CMakeLists.txt:
C/C++:   The object file directory
C/C++:     C:/Users/flood/hiconnect/higo-platform/node_modules/.pnpm/react-native-worklets@0.8.3_0c963d7fe504361936d05065f4a6a04d/node_modules/react-native-worklets/android/.cxx/RelWithDebInfo/3o5nu4n2/x86/CMakeFiles/worklets.dir/./
C/C++:   has 221 characters.  The maximum full path to an object file is 250
C/C++:   characters (see CMAKE_OBJECT_PATH_MAX).  Object file
C/C++:     C_/Users/flood/hiconnect/higo-platform/node_modules/.pnpm/react-native-worklets@0.8.3_0c963d7fe504361936d05065f4a6a04d/node_modules/react-native-worklets/Common/cpp/worklets/NativeModules/WorkletsModuleProxy.cpp.o
C/C++:   cannot be safely placed under this directory.  The build may not work
C/C++:   correctly.
C/C++: CMake Warning in CMakeLists.txt:
C/C++:   The object file directory
C/C++:     C:/Users/flood/hiconnect/higo-platform/node_modules/.pnpm/react-native-worklets@0.8.3_0c963d7fe504361936d05065f4a6a04d/node_modules/react-native-worklets/android/.cxx/RelWithDebInfo/3o5nu4n2/x86/CMakeFiles/worklets.dir/./
C/C++:   has 221 characters.  The maximum full path to an object file is 250
C/C++:   characters (see CMAKE_OBJECT_PATH_MAX).  Object file
C/C++:     C_/Users/flood/hiconnect/higo-platform/node_modules/.pnpm/react-native-worklets@0.8.3_0c963d7fe504361936d05065f4a6a04d/node_modules/react-native-worklets/Common/cpp/worklets/AnimationFrameQueue/AnimationFrameBatchinator.cpp.o
C/C++:   cannot be safely placed under this directory.  The build may not work
C/C++:   correctly.

> Task :react-native-screens:buildCMakeRelWithDebInfo[x86_64] FAILED
C/C++: CMake Warning in CMakeLists.txt:
C/C++:   The object file directory
C/C++:     C:/Users/flood/hiconnect/higo-platform/node_modules/.pnpm/react-native-screens@4.25.2_2ff10e5e35d62e75ef3e80445743cd5d/node_modules/react-native-screens/android/.cxx/RelWithDebInfo/606e585m/x86_64/CMakeFiles/rnscreens.dir/./
C/C++:   has 224 characters.  The maximum full path to an object file is 250
C/C++:   characters (see CMAKE_OBJECT_PATH_MAX).  Object file
C/C++:     C_/Users/flood/hiconnect/higo-platform/node_modules/.pnpm/react-native-screens@4.25.2_2ff10e5e35d62e75ef3e80445743cd5d/node_modules/react-native-screens/cpp/RNSScreenRemovalListener.cpp.o
C/C++:   cannot be safely placed under this directory.  The build may not work
C/C++:   correctly.
C/C++: CMake Warning in CMakeLists.txt:
C/C++:   The object file directory
C/C++:     C:/Users/flood/hiconnect/higo-platform/node_modules/.pnpm/react-native-screens@4.25.2_2ff10e5e35d62e75ef3e80445743cd5d/node_modules/react-native-screens/android/.cxx/RelWithDebInfo/606e585m/x86_64/CMakeFiles/rnscreens.dir/./
C/C++:   has 224 characters.  The maximum full path to an object file is 250
C/C++:   characters (see CMAKE_OBJECT_PATH_MAX).  Object file
C/C++:     C_/Users/flood/hiconnect/higo-platform/node_modules/.pnpm/react-native-screens@4.25.2_2ff10e5e35d62e75ef3e80445743cd5d/node_modules/react-native-screens/cpp/RNScreensTurboModule.cpp.o
C/C++:   cannot be safely placed under this directory.  The build may not work
C/C++:   correctly.
C/C++: CMake Warning in CMakeLists.txt:
C/C++:   The object file directory
C/C++:     C:/Users/flood/hiconnect/higo-platform/node_modules/.pnpm/react-native-screens@4.25.2_2ff10e5e35d62e75ef3e80445743cd5d/node_modules/react-native-screens/android/.cxx/RelWithDebInfo/606e585m/x86_64/CMakeFiles/rnscreens.dir/./
C/C++:   has 224 characters.  The maximum full path to an object file is 250
C/C++:   characters (see CMAKE_OBJECT_PATH_MAX).  Object file
C/C++:     C_/Users/flood/hiconnect/higo-platform/node_modules/.pnpm/react-native-screens@4.25.2_2ff10e5e35d62e75ef3e80445743cd5d/node_modules/react-native-screens/cpp/RNScreensTurboModule.cpp.o
C/C++:   cannot be safely placed under this directory.  The build may not work
C/C++:   correctly.
C/C++: CMake Warning in CMakeLists.txt:
C/C++:   The object file directory
C/C++:     C:/Users/flood/hiconnect/higo-platform/node_modules/.pnpm/react-native-screens@4.25.2_2ff10e5e35d62e75ef3e80445743cd5d/node_modules/react-native-screens/android/.cxx/RelWithDebInfo/606e585m/x86_64/CMakeFiles/rnscreens.dir/./
C/C++:   has 224 characters.  The maximum full path to an object file is 250
C/C++:   characters (see CMAKE_OBJECT_PATH_MAX).  Object file
C/C++:     src/main/cpp/jni-adapter.cpp.o
C/C++:   cannot be safely placed under this directory.  The build may not work
C/C++:   correctly.
C/C++: CMake Warning in CMakeLists.txt:
C/C++:   The object file directory
C/C++:     C:/Users/flood/hiconnect/higo-platform/node_modules/.pnpm/react-native-screens@4.25.2_2ff10e5e35d62e75ef3e80445743cd5d/node_modules/react-native-screens/android/.cxx/RelWithDebInfo/606e585m/x86_64/CMakeFiles/rnscreens.dir/./
C/C++:   has 224 characters.  The maximum full path to an object file is 250
C/C++:   characters (see CMAKE_OBJECT_PATH_MAX).  Object file
C/C++:     src/main/cpp/NativeProxy.cpp.o
C/C++:   cannot be safely placed under this directory.  The build may not work
C/C++:   correctly.
C/C++: CMake Warning in CMakeLists.txt:
C/C++:   The object file directory
C/C++:     C:/Users/flood/hiconnect/higo-platform/node_modules/.pnpm/react-native-screens@4.25.2_2ff10e5e35d62e75ef3e80445743cd5d/node_modules/react-native-screens/android/.cxx/RelWithDebInfo/606e585m/x86_64/CMakeFiles/rnscreens.dir/./
C/C++:   has 224 characters.  The maximum full path to an object file is 250
C/C++:   characters (see CMAKE_OBJECT_PATH_MAX).  Object file
C/C++:     C_/Users/flood/hiconnect/higo-platform/node_modules/.pnpm/react-native-screens@4.25.2_2ff10e5e35d62e75ef3e80445743cd5d/node_modules/react-native-screens/cpp/RNSScreenRemovalListener.cpp.o
C/C++:   cannot be safely placed under this directory.  The build may not work
C/C++:   correctly.
C/C++: CMake Warning in CMakeLists.txt:
C/C++:   The object file directory
C/C++:     C:/Users/flood/hiconnect/higo-platform/node_modules/.pnpm/react-native-screens@4.25.2_2ff10e5e35d62e75ef3e80445743cd5d/node_modules/react-native-screens/android/.cxx/RelWithDebInfo/606e585m/x86_64/CMakeFiles/rnscreens.dir/./
C/C++:   has 224 characters.  The maximum full path to an object file is 250
C/C++:   characters (see CMAKE_OBJECT_PATH_MAX).  Object file
C/C++:     src/main/cpp/jni-adapter.cpp.o
C/C++:   cannot be safely placed under this directory.  The build may not work
C/C++:   correctly.
C/C++: CMake Warning in CMakeLists.txt:
C/C++:   The object file directory
C/C++:     C:/Users/flood/hiconnect/higo-platform/node_modules/.pnpm/react-native-screens@4.25.2_2ff10e5e35d62e75ef3e80445743cd5d/node_modules/react-native-screens/android/.cxx/RelWithDebInfo/606e585m/x86_64/CMakeFiles/rnscreens.dir/./
C/C++:   has 224 characters.  The maximum full path to an object file is 250
C/C++:   characters (see CMAKE_OBJECT_PATH_MAX).  Object file
C/C++:     src/main/cpp/jni-adapter.cpp.o
C/C++:   cannot be safely placed under this directory.  The build may not work
C/C++:   correctly.
C/C++: CMake Warning in CMakeLists.txt:
C/C++:   The object file directory
C/C++:     C:/Users/flood/hiconnect/higo-platform/node_modules/.pnpm/react-native-screens@4.25.2_2ff10e5e35d62e75ef3e80445743cd5d/node_modules/react-native-screens/android/.cxx/RelWithDebInfo/606e585m/x86_64/CMakeFiles/rnscreens.dir/./
C/C++:   has 224 characters.  The maximum full path to an object file is 250
C/C++:   characters (see CMAKE_OBJECT_PATH_MAX).  Object file
C/C++:     C_/Users/flood/hiconnect/higo-platform/node_modules/.pnpm/react-native-screens@4.25.2_2ff10e5e35d62e75ef3e80445743cd5d/node_modules/react-native-screens/cpp/RNSScreenRemovalListener.cpp.o
C/C++:   cannot be safely placed under this directory.  The build may not work
C/C++:   correctly.
C/C++: CMake Warning in CMakeLists.txt:
C/C++:   The object file directory
C/C++:     C:/Users/flood/hiconnect/higo-platform/node_modules/.pnpm/react-native-screens@4.25.2_2ff10e5e35d62e75ef3e80445743cd5d/node_modules/react-native-screens/android/.cxx/RelWithDebInfo/606e585m/x86_64/CMakeFiles/rnscreens.dir/./
C/C++:   has 224 characters.  The maximum full path to an object file is 250
C/C++:   characters (see CMAKE_OBJECT_PATH_MAX).  Object file
C/C++:     src/main/cpp/jni-adapter.cpp.o
C/C++:   cannot be safely placed under this directory.  The build may not work
C/C++:   correctly.
C/C++: CMake Warning in CMakeLists.txt:
C/C++:   The object file directory
C/C++:     C:/Users/flood/hiconnect/higo-platform/node_modules/.pnpm/react-native-screens@4.25.2_2ff10e5e35d62e75ef3e80445743cd5d/node_modules/react-native-screens/android/.cxx/RelWithDebInfo/606e585m/x86_64/CMakeFiles/rnscreens.dir/./
C/C++:   has 224 characters.  The maximum full path to an object file is 250
C/C++:   characters (see CMAKE_OBJECT_PATH_MAX).  Object file
C/C++:     src/main/cpp/jni-adapter.cpp.o
C/C++:   cannot be safely placed under this directory.  The build may not work
C/C++:   correctly.
C/C++: CMake Warning in CMakeLists.txt:
C/C++:   The object file directory
C/C++:     C:/Users/flood/hiconnect/higo-platform/node_modules/.pnpm/react-native-screens@4.25.2_2ff10e5e35d62e75ef3e80445743cd5d/node_modules/react-native-screens/android/.cxx/RelWithDebInfo/606e585m/x86_64/CMakeFiles/rnscreens.dir/./
C/C++:   has 224 characters.  The maximum full path to an object file is 250
C/C++:   characters (see CMAKE_OBJECT_PATH_MAX).  Object file
C/C++:     C_/Users/flood/hiconnect/higo-platform/node_modules/.pnpm/react-native-screens@4.25.2_2ff10e5e35d62e75ef3e80445743cd5d/node_modules/react-native-screens/cpp/RNScreensTurboModule.cpp.o
C/C++:   cannot be safely placed under this directory.  The build may not work
C/C++:   correctly.
C/C++: CMake Warning in CMakeLists.txt:
C/C++:   The object file directory
C/C++:     C:/Users/flood/hiconnect/higo-platform/node_modules/.pnpm/react-native-screens@4.25.2_2ff10e5e35d62e75ef3e80445743cd5d/node_modules/react-native-screens/android/.cxx/RelWithDebInfo/606e585m/x86_64/CMakeFiles/rnscreens.dir/./
C/C++:   has 224 characters.  The maximum full path to an object file is 250
C/C++:   characters (see CMAKE_OBJECT_PATH_MAX).  Object file
C/C++:     src/main/cpp/NativeProxy.cpp.o
C/C++:   cannot be safely placed under this directory.  The build may not work
C/C++:   correctly.
C/C++: CMake Warning in CMakeLists.txt:
C/C++:   The object file directory
C/C++:     C:/Users/flood/hiconnect/higo-platform/node_modules/.pnpm/react-native-screens@4.25.2_2ff10e5e35d62e75ef3e80445743cd5d/node_modules/react-native-screens/android/.cxx/RelWithDebInfo/606e585m/x86_64/CMakeFiles/rnscreens.dir/./
C/C++:   has 224 characters.  The maximum full path to an object file is 250
C/C++:   characters (see CMAKE_OBJECT_PATH_MAX).  Object file
C/C++:     src/main/cpp/jni-adapter.cpp.o
C/C++:   cannot be safely placed under this directory.  The build may not work
C/C++:   correctly.
C/C++: CMake Warning in CMakeLists.txt:
C/C++:   The object file directory
C/C++:     C:/Users/flood/hiconnect/higo-platform/node_modules/.pnpm/react-native-screens@4.25.2_2ff10e5e35d62e75ef3e80445743cd5d/node_modules/react-native-screens/android/.cxx/RelWithDebInfo/606e585m/x86_64/CMakeFiles/rnscreens.dir/./
C/C++:   has 224 characters.  The maximum full path to an object file is 250
C/C++:   characters (see CMAKE_OBJECT_PATH_MAX).  Object file
C/C++:     C_/Users/flood/hiconnect/higo-platform/node_modules/.pnpm/react-native-screens@4.25.2_2ff10e5e35d62e75ef3e80445743cd5d/node_modules/react-native-screens/cpp/RNScreensTurboModule.cpp.o
C/C++:   cannot be safely placed under this directory.  The build may not work
C/C++:   correctly.
C/C++: ninja: error: manifest 'build.ninja' still dirty after 100 tries

> Task :react-native-screens:mergeReleaseJniLibFolders
> Task :react-native-screens:checkKotlinGradlePluginConfigurationErrors SKIPPED
> Task :react-native-screens:generateReleaseBuildConfig
> Task :react-native-screens:generateReleaseResValues
> Task :react-native-screens:generateReleaseResources

> Task :react-native-worklets:buildCMakeRelWithDebInfo[x86][worklets]
C/C++: CMake Warning in CMakeLists.txt:
C/C++:   The object file directory
C/C++:     C:/Users/flood/hiconnect/higo-platform/node_modules/.pnpm/react-native-worklets@0.8.3_0c963d7fe504361936d05065f4a6a04d/node_modules/react-native-worklets/android/.cxx/RelWithDebInfo/3o5nu4n2/x86/CMakeFiles/worklets.dir/./
C/C++:   has 221 characters.  The maximum full path to an object file is 250
C/C++:   characters (see CMAKE_OBJECT_PATH_MAX).  Object file
C/C++:     C_/Users/flood/hiconnect/higo-platform/node_modules/.pnpm/react-native-worklets@0.8.3_0c963d7fe504361936d05065f4a6a04d/node_modules/react-native-worklets/Common/cpp/worklets/Resources/ShareableGuestUnpacker.cpp.o
C/C++:   cannot be safely placed under this directory.  The build may not work
C/C++:   correctly.

> Task :react-native-screens:packageReleaseResources
> Task :react-native-screens:javaPreCompileRelease
> Task :react-native-screens:writeReleaseAarMetadata
> Task :react-native-screens:extractDeepLinksRelease
> Task :react-native-screens:parseReleaseLocalResources

> Task :react-native-worklets:buildCMakeRelWithDebInfo[x86][worklets]
C/C++: CMake Warning in CMakeLists.txt:
C/C++:   The object file directory
C/C++:     C:/Users/flood/hiconnect/higo-platform/node_modules/.pnpm/react-native-worklets@0.8.3_0c963d7fe504361936d05065f4a6a04d/node_modules/react-native-worklets/android/.cxx/RelWithDebInfo/3o5nu4n2/x86/CMakeFiles/worklets.dir/./
C/C++:   has 221 characters.  The maximum full path to an object file is 250
C/C++:   characters (see CMAKE_OBJECT_PATH_MAX).  Object file
C/C++:     C_/Users/flood/hiconnect/higo-platform/node_modules/.pnpm/react-native-worklets@0.8.3_0c963d7fe504361936d05065f4a6a04d/node_modules/react-native-worklets/Common/cpp/worklets/Compat/StableApi.cpp.o
C/C++:   cannot be safely placed under this directory.  The build may not work
C/C++:   correctly.
C/C++: CMake Warning in CMakeLists.txt:
C/C++:   The object file directory
C/C++:     C:/Users/flood/hiconnect/higo-platform/node_modules/.pnpm/react-native-worklets@0.8.3_0c963d7fe504361936d05065f4a6a04d/node_modules/react-native-worklets/android/.cxx/RelWithDebInfo/3o5nu4n2/x86/CMakeFiles/worklets.dir/./
C/C++:   has 221 characters.  The maximum full path to an object file is 250
C/C++:   characters (see CMAKE_OBJECT_PATH_MAX).  Object file
C/C++:     C_/Users/flood/hiconnect/higo-platform/node_modules/.pnpm/react-native-worklets@0.8.3_0c963d7fe504361936d05065f4a6a04d/node_modules/react-native-worklets/Common/cpp/worklets/Resources/CustomSerializableUnpacker.cpp.o
C/C++:   cannot be safely placed under this directory.  The build may not work
C/C++:   correctly.

> Task :react-native-screens:processReleaseManifest
> Task :react-native-screens:prepareReleaseArtProfile
> Task :react-native-screens:generateReleaseRFile
> Task :react-native-screens:mergeReleaseShaders
> Task :react-native-screens:compileReleaseLibraryResources

> Task :react-native-worklets:buildCMakeRelWithDebInfo[x86][worklets]
C/C++: CMake Warning in CMakeLists.txt:
C/C++:   The object file directory
C/C++:     C:/Users/flood/hiconnect/higo-platform/node_modules/.pnpm/react-native-worklets@0.8.3_0c963d7fe504361936d05065f4a6a04d/node_modules/react-native-worklets/android/.cxx/RelWithDebInfo/3o5nu4n2/x86/CMakeFiles/worklets.dir/./
C/C++:   has 221 characters.  The maximum full path to an object file is 250
C/C++:   characters (see CMAKE_OBJECT_PATH_MAX).  Object file
C/C++:     C_/Users/flood/hiconnect/higo-platform/node_modules/.pnpm/react-native-worklets@0.8.3_0c963d7fe504361936d05065f4a6a04d/node_modules/react-native-worklets/Common/cpp/worklets/NativeModules/JSIWorkletsModuleProxy.cpp.o
C/C++:   cannot be safely placed under this directory.  The build may not work
C/C++:   correctly.
C/C++: CMake Warning in CMakeLists.txt:
C/C++:   The object file directory
C/C++:     C:/Users/flood/hiconnect/higo-platform/node_modules/.pnpm/react-native-worklets@0.8.3_0c963d7fe504361936d05065f4a6a04d/node_modules/react-native-worklets/android/.cxx/RelWithDebInfo/3o5nu4n2/x86/CMakeFiles/worklets.dir/./
C/C++:   has 221 characters.  The maximum full path to an object file is 250
C/C++:   characters (see CMAKE_OBJECT_PATH_MAX).  Object file
C/C++:     C_/Users/flood/hiconnect/higo-platform/node_modules/.pnpm/react-native-worklets@0.8.3_0c963d7fe504361936d05065f4a6a04d/node_modules/react-native-worklets/Common/cpp/worklets/NativeModules/JSIWorkletsModuleProxy.cpp.o
C/C++:   cannot be safely placed under this directory.  The build may not work
C/C++:   correctly.
C/C++: CMake Warning in CMakeLists.txt:
C/C++:   The object file directory
C/C++:     C:/Users/flood/hiconnect/higo-platform/node_modules/.pnpm/react-native-worklets@0.8.3_0c963d7fe504361936d05065f4a6a04d/node_modules/react-native-worklets/android/.cxx/RelWithDebInfo/3o5nu4n2/x86/CMakeFiles/worklets.dir/./
C/C++:   has 221 characters.  The maximum full path to an object file is 250
C/C++:   characters (see CMAKE_OBJECT_PATH_MAX).  Object file
C/C++:     C_/Users/flood/hiconnect/higo-platform/node_modules/.pnpm/react-native-worklets@0.8.3_0c963d7fe504361936d05065f4a6a04d/node_modules/react-native-worklets/Common/cpp/worklets/Registries/WorkletRuntimeRegistry.cpp.o
C/C++:   cannot be safely placed under this directory.  The build may not work
C/C++:   correctly.
C/C++: CMake Warning in CMakeLists.txt:
C/C++:   The object file directory
C/C++:     C:/Users/flood/hiconnect/higo-platform/node_modules/.pnpm/react-native-worklets@0.8.3_0c963d7fe504361936d05065f4a6a04d/node_modules/react-native-worklets/android/.cxx/RelWithDebInfo/3o5nu4n2/x86/CMakeFiles/worklets.dir/./
C/C++:   has 221 characters.  The maximum full path to an object file is 250
C/C++:   characters (see CMAKE_OBJECT_PATH_MAX).  Object file
C/C++:     C_/Users/flood/hiconnect/higo-platform/node_modules/.pnpm/react-native-worklets@0.8.3_0c963d7fe504361936d05065f4a6a04d/node_modules/react-native-worklets/Common/cpp/worklets/Registries/WorkletRuntimeRegistry.cpp.o
C/C++:   cannot be safely placed under this directory.  The build may not work
C/C++:   correctly.
C/C++: CMake Warning in CMakeLists.txt:
C/C++:   The object file directory
C/C++:     C:/Users/flood/hiconnect/higo-platform/node_modules/.pnpm/react-native-worklets@0.8.3_0c963d7fe504361936d05065f4a6a04d/node_modules/react-native-worklets/android/.cxx/RelWithDebInfo/3o5nu4n2/x86/CMakeFiles/worklets.dir/./
C/C++:   has 221 characters.  The maximum full path to an object file is 250
C/C++:   characters (see CMAKE_OBJECT_PATH_MAX).  Object file
C/C++:     C_/Users/flood/hiconnect/higo-platform/node_modules/.pnpm/react-native-worklets@0.8.3_0c963d7fe504361936d05065f4a6a04d/node_modules/react-native-worklets/Common/cpp/worklets/AnimationFrameQueue/AnimationFrameBatchinator.cpp.o
C/C++:   cannot be safely placed under this directory.  The build may not work
C/C++:   correctly.

> Task :react-native-screens:compileReleaseKotlin
> Task :react-native-screens:compileReleaseShaders NO-SOURCE
> Task :react-native-screens:generateReleaseAssets UP-TO-DATE

> Task :react-native-worklets:buildCMakeRelWithDebInfo[x86][worklets]
C/C++: CMake Warning in CMakeLists.txt:
C/C++:   The object file directory
C/C++:     C:/Users/flood/hiconnect/higo-platform/node_modules/.pnpm/react-native-worklets@0.8.3_0c963d7fe504361936d05065f4a6a04d/node_modules/react-native-worklets/android/.cxx/RelWithDebInfo/3o5nu4n2/x86/CMakeFiles/worklets.dir/./
C/C++:   has 221 characters.  The maximum full path to an object file is 250
C/C++:   characters (see CMAKE_OBJECT_PATH_MAX).  Object file
C/C++:     C_/Users/flood/hiconnect/higo-platform/node_modules/.pnpm/react-native-worklets@0.8.3_0c963d7fe504361936d05065f4a6a04d/node_modules/react-native-worklets/Common/cpp/worklets/Compat/StableApi.cpp.o
C/C++:   cannot be safely placed under this directory.  The build may not work
C/C++:   correctly.
C/C++: CMake Warning in CMakeLists.txt:
C/C++:   The object file directory
C/C++:     C:/Users/flood/hiconnect/higo-platform/node_modules/.pnpm/react-native-worklets@0.8.3_0c963d7fe504361936d05065f4a6a04d/node_modules/react-native-worklets/android/.cxx/RelWithDebInfo/3o5nu4n2/x86/CMakeFiles/worklets.dir/./
C/C++:   has 221 characters.  The maximum full path to an object file is 250
C/C++:   characters (see CMAKE_OBJECT_PATH_MAX).  Object file
C/C++:     C_/Users/flood/hiconnect/higo-platform/node_modules/.pnpm/react-native-worklets@0.8.3_0c963d7fe504361936d05065f4a6a04d/node_modules/react-native-worklets/Common/cpp/worklets/NativeModules/JSIWorkletsModuleProxy.cpp.o
C/C++:   cannot be safely placed under this directory.  The build may not work
C/C++:   correctly.
C/C++: CMake Warning in CMakeLists.txt:
C/C++:   The object file directory
C/C++:     C:/Users/flood/hiconnect/higo-platform/node_modules/.pnpm/react-native-worklets@0.8.3_0c963d7fe504361936d05065f4a6a04d/node_modules/react-native-worklets/android/.cxx/RelWithDebInfo/3o5nu4n2/x86/CMakeFiles/worklets.dir/./
C/C++:   has 221 characters.  The maximum full path to an object file is 250
C/C++:   characters (see CMAKE_OBJECT_PATH_MAX).  Object file
C/C++:     C_/Users/flood/hiconnect/higo-platform/node_modules/.pnpm/react-native-worklets@0.8.3_0c963d7fe504361936d05065f4a6a04d/node_modules/react-native-worklets/Common/cpp/worklets/Compat/StableApi.cpp.o
C/C++:   cannot be safely placed under this directory.  The build may not work
C/C++:   correctly.

> Task :react-native-screens:mergeReleaseAssets
> Task :react-native-screens:extractProguardFiles
> Task :react-native-screens:prepareLintJarForPublish
> Task :react-native-screens:extractDeepLinksForAarRelease
> Task :react-native-screens:writeReleaseLintModelMetadata
> Task :react-native-screens:mapReleaseSourceSetPaths

> Task :react-native-worklets:buildCMakeRelWithDebInfo[x86][worklets]
C/C++: CMake Warning in CMakeLists.txt:
C/C++:   The object file directory
C/C++:     C:/Users/flood/hiconnect/higo-platform/node_modules/.pnpm/react-native-worklets@0.8.3_0c963d7fe504361936d05065f4a6a04d/node_modules/react-native-worklets/android/.cxx/RelWithDebInfo/3o5nu4n2/x86/CMakeFiles/worklets.dir/./
C/C++:   has 221 characters.  The maximum full path to an object file is 250
C/C++:   characters (see CMAKE_OBJECT_PATH_MAX).  Object file
C/C++:     C_/Users/flood/hiconnect/higo-platform/node_modules/.pnpm/react-native-worklets@0.8.3_0c963d7fe504361936d05065f4a6a04d/node_modules/react-native-worklets/Common/cpp/worklets/Compat/StableApi.cpp.o
C/C++:   cannot be safely placed under this directory.  The build may not work
C/C++:   correctly.
C/C++: CMake Warning in CMakeLists.txt:
C/C++:   The object file directory
C/C++:     C:/Users/flood/hiconnect/higo-platform/node_modules/.pnpm/react-native-worklets@0.8.3_0c963d7fe504361936d05065f4a6a04d/node_modules/react-native-worklets/android/.cxx/RelWithDebInfo/3o5nu4n2/x86/CMakeFiles/worklets.dir/./
C/C++:   has 221 characters.  The maximum full path to an object file is 250
C/C++:   characters (see CMAKE_OBJECT_PATH_MAX).  Object file
C/C++:     C_/Users/flood/hiconnect/higo-platform/node_modules/.pnpm/react-native-worklets@0.8.3_0c963d7fe504361936d05065f4a6a04d/node_modules/react-native-worklets/Common/cpp/worklets/Resources/ShareableHostUnpacker.cpp.o
C/C++:   cannot be safely placed under this directory.  The build may not work
C/C++:   correctly.
C/C++: CMake Warning in CMakeLists.txt:
C/C++:   The object file directory
C/C++:     C:/Users/flood/hiconnect/higo-platform/node_modules/.pnpm/react-native-worklets@0.8.3_0c963d7fe504361936d05065f4a6a04d/node_modules/react-native-worklets/android/.cxx/RelWithDebInfo/3o5nu4n2/x86/CMakeFiles/worklets.dir/./
C/C++:   has 221 characters.  The maximum full path to an object file is 250
C/C++:   characters (see CMAKE_OBJECT_PATH_MAX).  Object file
C/C++:     C_/Users/flood/hiconnect/higo-platform/node_modules/.pnpm/react-native-worklets@0.8.3_0c963d7fe504361936d05065f4a6a04d/node_modules/react-native-worklets/Common/cpp/worklets/NativeModules/WorkletsModuleProxy.cpp.o
C/C++:   cannot be safely placed under this directory.  The build may not work
C/C++:   correctly.
C/C++: CMake Warning in CMakeLists.txt:
C/C++:   The object file directory
C/C++:     C:/Users/flood/hiconnect/higo-platform/node_modules/.pnpm/react-native-worklets@0.8.3_0c963d7fe504361936d05065f4a6a04d/node_modules/react-native-worklets/android/.cxx/RelWithDebInfo/3o5nu4n2/x86/CMakeFiles/worklets.dir/./
C/C++:   has 221 characters.  The maximum full path to an object file is 250
C/C++:   characters (see CMAKE_OBJECT_PATH_MAX).  Object file
C/C++:     C_/Users/flood/hiconnect/higo-platform/node_modules/.pnpm/react-native-worklets@0.8.3_0c963d7fe504361936d05065f4a6a04d/node_modules/react-native-worklets/Common/cpp/worklets/AnimationFrameQueue/AnimationFrameBatchinator.cpp.o
C/C++:   cannot be safely placed under this directory.  The build may not work
C/C++:   correctly.
C/C++: CMake Warning in CMakeLists.txt:
C/C++:   The object file directory
C/C++:     C:/Users/flood/hiconnect/higo-platform/node_modules/.pnpm/react-native-worklets@0.8.3_0c963d7fe504361936d05065f4a6a04d/node_modules/react-native-worklets/android/.cxx/RelWithDebInfo/3o5nu4n2/x86/CMakeFiles/worklets.dir/./
C/C++:   has 221 characters.  The maximum full path to an object file is 250
C/C++:   characters (see CMAKE_OBJECT_PATH_MAX).  Object file
C/C++:     C_/Users/flood/hiconnect/higo-platform/node_modules/.pnpm/react-native-worklets@0.8.3_0c963d7fe504361936d05065f4a6a04d/node_modules/react-native-worklets/Common/cpp/worklets/Compat/StableApi.cpp.o
C/C++:   cannot be safely placed under this directory.  The build may not work
C/C++:   correctly.
C/C++: CMake Warning in CMakeLists.txt:
C/C++:   The object file directory
C/C++:     C:/Users/flood/hiconnect/higo-platform/node_modules/.pnpm/react-native-worklets@0.8.3_0c963d7fe504361936d05065f4a6a04d/node_modules/react-native-worklets/android/.cxx/RelWithDebInfo/3o5nu4n2/x86/CMakeFiles/worklets.dir/./
C/C++:   has 221 characters.  The maximum full path to an object file is 250
C/C++:   characters (see CMAKE_OBJECT_PATH_MAX).  Object file
C/C++:     C_/Users/flood/hiconnect/higo-platform/node_modules/.pnpm/react-native-worklets@0.8.3_0c963d7fe504361936d05065f4a6a04d/node_modules/react-native-worklets/Common/cpp/worklets/Resources/CustomSerializableUnpacker.cpp.o
C/C++:   cannot be safely placed under this directory.  The build may not work
C/C++:   correctly.
C/C++: CMake Warning in CMakeLists.txt:
C/C++:   The object file directory
C/C++:     C:/Users/flood/hiconnect/higo-platform/node_modules/.pnpm/react-native-worklets@0.8.3_0c963d7fe504361936d05065f4a6a04d/node_modules/react-native-worklets/android/.cxx/RelWithDebInfo/3o5nu4n2/x86/CMakeFiles/worklets.dir/./
C/C++:   has 221 characters.  The maximum full path to an object file is 250
C/C++:   characters (see CMAKE_OBJECT_PATH_MAX).  Object file
C/C++:     C_/Users/flood/hiconnect/higo-platform/node_modules/.pnpm/react-native-worklets@0.8.3_0c963d7fe504361936d05065f4a6a04d/node_modules/react-native-worklets/Common/cpp/worklets/NativeModules/WorkletsModuleProxy.cpp.o
C/C++:   cannot be safely placed under this directory.  The build may not work
C/C++:   correctly.

> Task :react-native-screens:mergeReleaseResources

> Task :react-native-worklets:buildCMakeRelWithDebInfo[x86][worklets]
C/C++: CMake Warning in CMakeLists.txt:
C/C++:   The object file directory
C/C++:     C:/Users/flood/hiconnect/higo-platform/node_modules/.pnpm/react-native-worklets@0.8.3_0c963d7fe504361936d05065f4a6a04d/node_modules/react-native-worklets/android/.cxx/RelWithDebInfo/3o5nu4n2/x86/CMakeFiles/worklets.dir/./
C/C++:   has 221 characters.  The maximum full path to an object file is 250
C/C++:   characters (see CMAKE_OBJECT_PATH_MAX).  Object file
C/C++:     C_/Users/flood/hiconnect/higo-platform/node_modules/.pnpm/react-native-worklets@0.8.3_0c963d7fe504361936d05065f4a6a04d/node_modules/react-native-worklets/Common/cpp/worklets/AnimationFrameQueue/AnimationFrameBatchinator.cpp.o
C/C++:   cannot be safely placed under this directory.  The build may not work
C/C++:   correctly.
C/C++: CMake Warning in CMakeLists.txt:
C/C++:   The object file directory
C/C++:     C:/Users/flood/hiconnect/higo-platform/node_modules/.pnpm/react-native-worklets@0.8.3_0c963d7fe504361936d05065f4a6a04d/node_modules/react-native-worklets/android/.cxx/RelWithDebInfo/3o5nu4n2/x86/CMakeFiles/worklets.dir/./
C/C++:   has 221 characters.  The maximum full path to an object file is 250
C/C++:   characters (see CMAKE_OBJECT_PATH_MAX).  Object file
C/C++:     C_/Users/flood/hiconnect/higo-platform/node_modules/.pnpm/react-native-worklets@0.8.3_0c963d7fe504361936d05065f4a6a04d/node_modules/react-native-worklets/Common/cpp/worklets/WorkletRuntime/RNRuntimeWorkletDecorator.cpp.o
C/C++:   cannot be safely placed under this directory.  The build may not work
C/C++:   correctly.

> Task :react-native-screens:verifyReleaseResources

> Task :react-native-worklets:buildCMakeRelWithDebInfo[x86][worklets]
C/C++: CMake Warning in CMakeLists.txt:
C/C++:   The object file directory
C/C++:     C:/Users/flood/hiconnect/higo-platform/node_modules/.pnpm/react-native-worklets@0.8.3_0c963d7fe504361936d05065f4a6a04d/node_modules/react-native-worklets/android/.cxx/RelWithDebInfo/3o5nu4n2/x86/CMakeFiles/worklets.dir/./
C/C++:   has 221 characters.  The maximum full path to an object file is 250
C/C++:   characters (see CMAKE_OBJECT_PATH_MAX).  Object file
C/C++:     C_/Users/flood/hiconnect/higo-platform/node_modules/.pnpm/react-native-worklets@0.8.3_0c963d7fe504361936d05065f4a6a04d/node_modules/react-native-worklets/Common/cpp/worklets/Resources/ShareableGuestUnpacker.cpp.o
C/C++:   cannot be safely placed under this directory.  The build may not work
C/C++:   correctly.
C/C++: CMake Warning in CMakeLists.txt:
C/C++:   The object file directory
C/C++:     C:/Users/flood/hiconnect/higo-platform/node_modules/.pnpm/react-native-worklets@0.8.3_0c963d7fe504361936d05065f4a6a04d/node_modules/react-native-worklets/android/.cxx/RelWithDebInfo/3o5nu4n2/x86/CMakeFiles/worklets.dir/./
C/C++:   has 221 characters.  The maximum full path to an object file is 250
C/C++:   characters (see CMAKE_OBJECT_PATH_MAX).  Object file
C/C++:     C_/Users/flood/hiconnect/higo-platform/node_modules/.pnpm/react-native-worklets@0.8.3_0c963d7fe504361936d05065f4a6a04d/node_modules/react-native-worklets/Common/cpp/worklets/Resources/CustomSerializableUnpacker.cpp.o
C/C++:   cannot be safely placed under this directory.  The build may not work
C/C++:   correctly.
C/C++: CMake Warning in CMakeLists.txt:
C/C++:   The object file directory
C/C++:     C:/Users/flood/hiconnect/higo-platform/node_modules/.pnpm/react-native-worklets@0.8.3_0c963d7fe504361936d05065f4a6a04d/node_modules/react-native-worklets/android/.cxx/RelWithDebInfo/3o5nu4n2/x86/CMakeFiles/worklets.dir/./
C/C++:   has 221 characters.  The maximum full path to an object file is 250
C/C++:   characters (see CMAKE_OBJECT_PATH_MAX).  Object file
C/C++:     C_/Users/flood/hiconnect/higo-platform/node_modules/.pnpm/react-native-worklets@0.8.3_0c963d7fe504361936d05065f4a6a04d/node_modules/react-native-worklets/Common/cpp/worklets/NativeModules/WorkletsModuleProxy.cpp.o
C/C++:   cannot be safely placed under this directory.  The build may not work
C/C++:   correctly.
C/C++: CMake Warning in CMakeLists.txt:
C/C++:   The object file directory
C/C++:     C:/Users/flood/hiconnect/higo-platform/node_modules/.pnpm/react-native-worklets@0.8.3_0c963d7fe504361936d05065f4a6a04d/node_modules/react-native-worklets/android/.cxx/RelWithDebInfo/3o5nu4n2/x86/CMakeFiles/worklets.dir/./
C/C++:   has 221 characters.  The maximum full path to an object file is 250
C/C++:   characters (see CMAKE_OBJECT_PATH_MAX).  Object file
C/C++:     C_/Users/flood/hiconnect/higo-platform/node_modules/.pnpm/react-native-worklets@0.8.3_0c963d7fe504361936d05065f4a6a04d/node_modules/react-native-worklets/Common/cpp/worklets/NativeModules/WorkletsModuleProxy.cpp.o
C/C++:   cannot be safely placed under this directory.  The build may not work
C/C++:   correctly.
C/C++: CMake Warning in CMakeLists.txt:
C/C++:   The object file directory
C/C++:     C:/Users/flood/hiconnect/higo-platform/node_modules/.pnpm/react-native-worklets@0.8.3_0c963d7fe504361936d05065f4a6a04d/node_modules/react-native-worklets/android/.cxx/RelWithDebInfo/3o5nu4n2/x86/CMakeFiles/worklets.dir/./
C/C++:   has 221 characters.  The maximum full path to an object file is 250
C/C++:   characters (see CMAKE_OBJECT_PATH_MAX).  Object file
C/C++:     C_/Users/flood/hiconnect/higo-platform/node_modules/.pnpm/react-native-worklets@0.8.3_0c963d7fe504361936d05065f4a6a04d/node_modules/react-native-worklets/Common/cpp/worklets/NativeModules/WorkletsModuleProxy.cpp.o
C/C++:   cannot be safely placed under this directory.  The build may not work
C/C++:   correctly.
C/C++: CMake Warning in CMakeLists.txt:
C/C++:   The object file directory
C/C++:     C:/Users/flood/hiconnect/higo-platform/node_modules/.pnpm/react-native-worklets@0.8.3_0c963d7fe504361936d05065f4a6a04d/node_modules/react-native-worklets/android/.cxx/RelWithDebInfo/3o5nu4n2/x86/CMakeFiles/worklets.dir/./
C/C++:   has 221 characters.  The maximum full path to an object file is 250
C/C++:   characters (see CMAKE_OBJECT_PATH_MAX).  Object file
C/C++:     C_/Users/flood/hiconnect/higo-platform/node_modules/.pnpm/react-native-worklets@0.8.3_0c963d7fe504361936d05065f4a6a04d/node_modules/react-native-worklets/Common/cpp/worklets/NativeModules/WorkletsModuleProxy.cpp.o
C/C++:   cannot be safely placed under this directory.  The build may not work
C/C++:   correctly.
C/C++: CMake Warning in CMakeLists.txt:
C/C++:   The object file directory
C/C++:     C:/Users/flood/hiconnect/higo-platform/node_modules/.pnpm/react-native-worklets@0.8.3_0c963d7fe504361936d05065f4a6a04d/node_modules/react-native-worklets/android/.cxx/RelWithDebInfo/3o5nu4n2/x86/CMakeFiles/worklets.dir/./
C/C++:   has 221 characters.  The maximum full path to an object file is 250
C/C++:   characters (see CMAKE_OBJECT_PATH_MAX).  Object file
C/C++:     C_/Users/flood/hiconnect/higo-platform/node_modules/.pnpm/react-native-worklets@0.8.3_0c963d7fe504361936d05065f4a6a04d/node_modules/react-native-worklets/Common/cpp/worklets/NativeModules/WorkletsModuleProxy.cpp.o
C/C++:   cannot be safely placed under this directory.  The build may not work
C/C++:   correctly.
C/C++: CMake Warning in CMakeLists.txt:
C/C++:   The object file directory
C/C++:     C:/Users/flood/hiconnect/higo-platform/node_modules/.pnpm/react-native-worklets@0.8.3_0c963d7fe504361936d05065f4a6a04d/node_modules/react-native-worklets/android/.cxx/RelWithDebInfo/3o5nu4n2/x86/CMakeFiles/worklets.dir/./
C/C++:   has 221 characters.  The maximum full path to an object file is 250
C/C++:   characters (see CMAKE_OBJECT_PATH_MAX).  Object file
C/C++:     C_/Users/flood/hiconnect/higo-platform/node_modules/.pnpm/react-native-worklets@0.8.3_0c963d7fe504361936d05065f4a6a04d/node_modules/react-native-worklets/Common/cpp/worklets/AnimationFrameQueue/AnimationFrameBatchinator.cpp.o
C/C++:   cannot be safely placed under this directory.  The build may not work
C/C++:   correctly.
C/C++: CMake Warning in CMakeLists.txt:
C/C++:   The object file directory
C/C++:     C:/Users/flood/hiconnect/higo-platform/node_modules/.pnpm/react-native-worklets@0.8.3_0c963d7fe504361936d05065f4a6a04d/node_modules/react-native-worklets/android/.cxx/RelWithDebInfo/3o5nu4n2/x86/CMakeFiles/worklets.dir/./
C/C++:   has 221 characters.  The maximum full path to an object file is 250
C/C++:   characters (see CMAKE_OBJECT_PATH_MAX).  Object file
C/C++:     C_/Users/flood/hiconnect/higo-platform/node_modules/.pnpm/react-native-worklets@0.8.3_0c963d7fe504361936d05065f4a6a04d/node_modules/react-native-worklets/Common/cpp/worklets/AnimationFrameQueue/AnimationFrameBatchinator.cpp.o
C/C++:   cannot be safely placed under this directory.  The build may not work
C/C++:   correctly.
C/C++: CMake Warning in CMakeLists.txt:
C/C++:   The object file directory
C/C++:     C:/Users/flood/hiconnect/higo-platform/node_modules/.pnpm/react-native-worklets@0.8.3_0c963d7fe504361936d05065f4a6a04d/node_modules/react-native-worklets/android/.cxx/RelWithDebInfo/3o5nu4n2/x86/CMakeFiles/worklets.dir/./
C/C++:   has 221 characters.  The maximum full path to an object file is 250
C/C++:   characters (see CMAKE_OBJECT_PATH_MAX).  Object file
C/C++:     C_/Users/flood/hiconnect/higo-platform/node_modules/.pnpm/react-native-worklets@0.8.3_0c963d7fe504361936d05065f4a6a04d/node_modules/react-native-worklets/Common/cpp/worklets/Compat/StableApi.cpp.o
C/C++:   cannot be safely placed under this directory.  The build may not work
C/C++:   correctly.
C/C++: CMake Warning in CMakeLists.txt:
C/C++:   The object file directory
C/C++:     C:/Users/flood/hiconnect/higo-platform/node_modules/.pnpm/react-native-worklets@0.8.3_0c963d7fe504361936d05065f4a6a04d/node_modules/react-native-worklets/android/.cxx/RelWithDebInfo/3o5nu4n2/x86/CMakeFiles/worklets.dir/./
C/C++:   has 221 characters.  The maximum full path to an object file is 250
C/C++:   characters (see CMAKE_OBJECT_PATH_MAX).  Object file
C/C++:     C_/Users/flood/hiconnect/higo-platform/node_modules/.pnpm/react-native-worklets@0.8.3_0c963d7fe504361936d05065f4a6a04d/node_modules/react-native-worklets/Common/cpp/worklets/AnimationFrameQueue/AnimationFrameBatchinator.cpp.o
C/C++:   cannot be safely placed under this directory.  The build may not work
C/C++:   correctly.
C/C++: CMake Warning in CMakeLists.txt:
C/C++:   The object file directory
C/C++:     C:/Users/flood/hiconnect/higo-platform/node_modules/.pnpm/react-native-worklets@0.8.3_0c963d7fe504361936d05065f4a6a04d/node_modules/react-native-worklets/android/.cxx/RelWithDebInfo/3o5nu4n2/x86/CMakeFiles/worklets.dir/./
C/C++:   has 221 characters.  The maximum full path to an object file is 250
C/C++:   characters (see CMAKE_OBJECT_PATH_MAX).  Object file
C/C++:     C_/Users/flood/hiconnect/higo-platform/node_modules/.pnpm/react-native-worklets@0.8.3_0c963d7fe504361936d05065f4a6a04d/node_modules/react-native-worklets/Common/cpp/worklets/NativeModules/JSIWorkletsModuleProxy.cpp.o
C/C++:   cannot be safely placed under this directory.  The build may not work
C/C++:   correctly.
C/C++: CMake Warning in CMakeLists.txt:
C/C++:   The object file directory
C/C++:     C:/Users/flood/hiconnect/higo-platform/node_modules/.pnpm/react-native-worklets@0.8.3_0c963d7fe504361936d05065f4a6a04d/node_modules/react-native-worklets/android/.cxx/RelWithDebInfo/3o5nu4n2/x86/CMakeFiles/worklets.dir/./
C/C++:   has 221 characters.  The maximum full path to an object file is 250
C/C++:   characters (see CMAKE_OBJECT_PATH_MAX).  Object file
C/C++:     C_/Users/flood/hiconnect/higo-platform/node_modules/.pnpm/react-native-worklets@0.8.3_0c963d7fe504361936d05065f4a6a04d/node_modules/react-native-worklets/Common/cpp/worklets/NativeModules/JSIWorkletsModuleProxy.cpp.o
C/C++:   cannot be safely placed under this directory.  The build may not work
C/C++:   correctly.
C/C++: CMake Warning in CMakeLists.txt:
C/C++:   The object file directory
C/C++:     C:/Users/flood/hiconnect/higo-platform/node_modules/.pnpm/react-native-worklets@0.8.3_0c963d7fe504361936d05065f4a6a04d/node_modules/react-native-worklets/android/.cxx/RelWithDebInfo/3o5nu4n2/x86/CMakeFiles/worklets.dir/./
C/C++:   has 221 characters.  The maximum full path to an object file is 250
C/C++:   characters (see CMAKE_OBJECT_PATH_MAX).  Object file
C/C++:     C_/Users/flood/hiconnect/higo-platform/node_modules/.pnpm/react-native-worklets@0.8.3_0c963d7fe504361936d05065f4a6a04d/node_modules/react-native-worklets/Common/cpp/worklets/Registries/EventHandlerRegistry.cpp.o
C/C++:   cannot be safely placed under this directory.  The build may not work
C/C++:   correctly.
C/C++: CMake Warning in CMakeLists.txt:
C/C++:   The object file directory
C/C++:     C:/Users/flood/hiconnect/higo-platform/node_modules/.pnpm/react-native-worklets@0.8.3_0c963d7fe504361936d05065f4a6a04d/node_modules/react-native-worklets/android/.cxx/RelWithDebInfo/3o5nu4n2/x86/CMakeFiles/worklets.dir/./
C/C++:   has 221 characters.  The maximum full path to an object file is 250
C/C++:   characters (see CMAKE_OBJECT_PATH_MAX).  Object file
C/C++:     C_/Users/flood/hiconnect/higo-platform/node_modules/.pnpm/react-native-worklets@0.8.3_0c963d7fe504361936d05065f4a6a04d/node_modules/react-native-worklets/Common/cpp/worklets/AnimationFrameQueue/AnimationFrameBatchinator.cpp.o
C/C++:   cannot be safely placed under this directory.  The build may not work
C/C++:   correctly.
C/C++: CMake Warning in CMakeLists.txt:
C/C++:   The object file directory
C/C++:     C:/Users/flood/hiconnect/higo-platform/node_modules/.pnpm/react-native-worklets@0.8.3_0c963d7fe504361936d05065f4a6a04d/node_modules/react-native-worklets/android/.cxx/RelWithDebInfo/3o5nu4n2/x86/CMakeFiles/worklets.dir/./
C/C++:   has 221 characters.  The maximum full path to an object file is 250
C/C++:   characters (see CMAKE_OBJECT_PATH_MAX).  Object file
C/C++:     C_/Users/flood/hiconnect/higo-platform/node_modules/.pnpm/react-native-worklets@0.8.3_0c963d7fe504361936d05065f4a6a04d/node_modules/react-native-worklets/Common/cpp/worklets/Registries/EventHandlerRegistry.cpp.o
C/C++:   cannot be safely placed under this directory.  The build may not work
C/C++:   correctly.
C/C++: CMake Warning in CMakeLists.txt:
C/C++:   The object file directory
C/C++:     C:/Users/flood/hiconnect/higo-platform/node_modules/.pnpm/react-native-worklets@0.8.3_0c963d7fe504361936d05065f4a6a04d/node_modules/react-native-worklets/android/.cxx/RelWithDebInfo/3o5nu4n2/x86/CMakeFiles/worklets.dir/./
C/C++:   has 221 characters.  The maximum full path to an object file is 250
C/C++:   characters (see CMAKE_OBJECT_PATH_MAX).  Object file
C/C++:     C_/Users/flood/hiconnect/higo-platform/node_modules/.pnpm/react-native-worklets@0.8.3_0c963d7fe504361936d05065f4a6a04d/node_modules/react-native-worklets/Common/cpp/worklets/Registries/WorkletRuntimeRegistry.cpp.o
C/C++:   cannot be safely placed under this directory.  The build may not work
C/C++:   correctly.
C/C++: CMake Warning in CMakeLists.txt:
C/C++:   The object file directory
C/C++:     C:/Users/flood/hiconnect/higo-platform/node_modules/.pnpm/react-native-worklets@0.8.3_0c963d7fe504361936d05065f4a6a04d/node_modules/react-native-worklets/android/.cxx/RelWithDebInfo/3o5nu4n2/x86/CMakeFiles/worklets.dir/./
C/C++:   has 221 characters.  The maximum full path to an object file is 250
C/C++:   characters (see CMAKE_OBJECT_PATH_MAX).  Object file
C/C++:     C_/Users/flood/hiconnect/higo-platform/node_modules/.pnpm/react-native-worklets@0.8.3_0c963d7fe504361936d05065f4a6a04d/node_modules/react-native-worklets/Common/cpp/worklets/WorkletRuntime/RuntimeManager.cpp.o
C/C++:   cannot be safely placed under this directory.  The build may not work
C/C++:   correctly.
C/C++: CMake Warning in CMakeLists.txt:
C/C++:   The object file directory
C/C++:     C:/Users/flood/hiconnect/higo-platform/node_modules/.pnpm/react-native-worklets@0.8.3_0c963d7fe504361936d05065f4a6a04d/node_modules/react-native-worklets/android/.cxx/RelWithDebInfo/3o5nu4n2/x86/CMakeFiles/worklets.dir/./
C/C++:   has 221 characters.  The maximum full path to an object file is 250
C/C++:   characters (see CMAKE_OBJECT_PATH_MAX).  Object file
C/C++:     C_/Users/flood/hiconnect/higo-platform/node_modules/.pnpm/react-native-worklets@0.8.3_0c963d7fe504361936d05065f4a6a04d/node_modules/react-native-worklets/Common/cpp/worklets/NativeModules/JSIWorkletsModuleProxy.cpp.o
C/C++:   cannot be safely placed under this directory.  The build may not work
C/C++:   correctly.
C/C++: CMake Warning in CMakeLists.txt:
C/C++:   The object file directory
C/C++:     C:/Users/flood/hiconnect/higo-platform/node_modules/.pnpm/react-native-worklets@0.8.3_0c963d7fe504361936d05065f4a6a04d/node_modules/react-native-worklets/android/.cxx/RelWithDebInfo/3o5nu4n2/x86/CMakeFiles/worklets.dir/./
C/C++:   has 221 characters.  The maximum full path to an object file is 250
C/C++:   characters (see CMAKE_OBJECT_PATH_MAX).  Object file
C/C++:     C_/Users/flood/hiconnect/higo-platform/node_modules/.pnpm/react-native-worklets@0.8.3_0c963d7fe504361936d05065f4a6a04d/node_modules/react-native-worklets/Common/cpp/worklets/AnimationFrameQueue/AnimationFrameBatchinator.cpp.o
C/C++:   cannot be safely placed under this directory.  The build may not work
C/C++:   correctly.
C/C++: CMake Warning in CMakeLists.txt:
C/C++:   The object file directory
C/C++:     C:/Users/flood/hiconnect/higo-platform/node_modules/.pnpm/react-native-worklets@0.8.3_0c963d7fe504361936d05065f4a6a04d/node_modules/react-native-worklets/android/.cxx/RelWithDebInfo/3o5nu4n2/x86/CMakeFiles/worklets.dir/./
C/C++:   has 221 characters.  The maximum full path to an object file is 250
C/C++:   characters (see CMAKE_OBJECT_PATH_MAX).  Object file
C/C++:     C_/Users/flood/hiconnect/higo-platform/node_modules/.pnpm/react-native-worklets@0.8.3_0c963d7fe504361936d05065f4a6a04d/node_modules/react-native-worklets/Common/cpp/worklets/AnimationFrameQueue/AnimationFrameBatchinator.cpp.o
C/C++:   cannot be safely placed under this directory.  The build may not work
C/C++:   correctly.
C/C++: CMake Warning in CMakeLists.txt:
C/C++:   The object file directory
C/C++:     C:/Users/flood/hiconnect/higo-platform/node_modules/.pnpm/react-native-worklets@0.8.3_0c963d7fe504361936d05065f4a6a04d/node_modules/react-native-worklets/android/.cxx/RelWithDebInfo/3o5nu4n2/x86/CMakeFiles/worklets.dir/./
C/C++:   has 221 characters.  The maximum full path to an object file is 250
C/C++:   characters (see CMAKE_OBJECT_PATH_MAX).  Object file
C/C++:     C_/Users/flood/hiconnect/higo-platform/node_modules/.pnpm/react-native-worklets@0.8.3_0c963d7fe504361936d05065f4a6a04d/node_modules/react-native-worklets/Common/cpp/worklets/AnimationFrameQueue/AnimationFrameBatchinator.cpp.o
C/C++:   cannot be safely placed under this directory.  The build may not work
C/C++:   correctly.
C/C++: CMake Warning in CMakeLists.txt:
C/C++:   The object file directory
C/C++:     C:/Users/flood/hiconnect/higo-platform/node_modules/.pnpm/react-native-worklets@0.8.3_0c963d7fe504361936d05065f4a6a04d/node_modules/react-native-worklets/android/.cxx/RelWithDebInfo/3o5nu4n2/x86/CMakeFiles/worklets.dir/./
C/C++:   has 221 characters.  The maximum full path to an object file is 250
C/C++:   characters (see CMAKE_OBJECT_PATH_MAX).  Object file
C/C++:     C_/Users/flood/hiconnect/higo-platform/node_modules/.pnpm/react-native-worklets@0.8.3_0c963d7fe504361936d05065f4a6a04d/node_modules/react-native-worklets/Common/cpp/worklets/AnimationFrameQueue/AnimationFrameBatchinator.cpp.o
C/C++:   cannot be safely placed under this directory.  The build may not work
C/C++:   correctly.
C/C++: CMake Warning in CMakeLists.txt:
C/C++:   The object file directory
C/C++:     C:/Users/flood/hiconnect/higo-platform/node_modules/.pnpm/react-native-worklets@0.8.3_0c963d7fe504361936d05065f4a6a04d/node_modules/react-native-worklets/android/.cxx/RelWithDebInfo/3o5nu4n2/x86/CMakeFiles/worklets.dir/./
C/C++:   has 221 characters.  The maximum full path to an object file is 250
C/C++:   characters (see CMAKE_OBJECT_PATH_MAX).  Object file
C/C++:     C_/Users/flood/hiconnect/higo-platform/node_modules/.pnpm/react-native-worklets@0.8.3_0c963d7fe504361936d05065f4a6a04d/node_modules/react-native-worklets/Common/cpp/worklets/Compat/StableApi.cpp.o
C/C++:   cannot be safely placed under this directory.  The build may not work
C/C++:   correctly.
C/C++: CMake Warning in CMakeLists.txt:
C/C++:   The object file directory
C/C++:     C:/Users/flood/hiconnect/higo-platform/node_modules/.pnpm/react-native-worklets@0.8.3_0c963d7fe504361936d05065f4a6a04d/node_modules/react-native-worklets/android/.cxx/RelWithDebInfo/3o5nu4n2/x86/CMakeFiles/worklets.dir/./
C/C++:   has 221 characters.  The maximum full path to an object file is 250
C/C++:   characters (see CMAKE_OBJECT_PATH_MAX).  Object file
C/C++:     C_/Users/flood/hiconnect/higo-platform/node_modules/.pnpm/react-native-worklets@0.8.3_0c963d7fe504361936d05065f4a6a04d/node_modules/react-native-worklets/Common/cpp/worklets/Compat/StableApi.cpp.o
C/C++:   cannot be safely placed under this directory.  The build may not work
C/C++:   correctly.
C/C++: CMake Warning in CMakeLists.txt:
C/C++:   The object file directory
C/C++:     C:/Users/flood/hiconnect/higo-platform/node_modules/.pnpm/react-native-worklets@0.8.3_0c963d7fe504361936d05065f4a6a04d/node_modules/react-native-worklets/android/.cxx/RelWithDebInfo/3o5nu4n2/x86/CMakeFiles/worklets.dir/./
C/C++:   has 221 characters.  The maximum full path to an object file is 250
C/C++:   characters (see CMAKE_OBJECT_PATH_MAX).  Object file
C/C++:     C_/Users/flood/hiconnect/higo-platform/node_modules/.pnpm/react-native-worklets@0.8.3_0c963d7fe504361936d05065f4a6a04d/node_modules/react-native-worklets/Common/cpp/worklets/AnimationFrameQueue/AnimationFrameBatchinator.cpp.o
C/C++:   cannot be safely placed under this directory.  The build may not work
C/C++:   correctly.
C/C++: CMake Warning in CMakeLists.txt:
C/C++:   The object file directory
C/C++:     C:/Users/flood/hiconnect/higo-platform/node_modules/.pnpm/react-native-worklets@0.8.3_0c963d7fe504361936d05065f4a6a04d/node_modules/react-native-worklets/android/.cxx/RelWithDebInfo/3o5nu4n2/x86/CMakeFiles/worklets.dir/./
C/C++:   has 221 characters.  The maximum full path to an object file is 250
C/C++:   characters (see CMAKE_OBJECT_PATH_MAX).  Object file
C/C++:     C_/Users/flood/hiconnect/higo-platform/node_modules/.pnpm/react-native-worklets@0.8.3_0c963d7fe504361936d05065f4a6a04d/node_modules/react-native-worklets/Common/cpp/worklets/AnimationFrameQueue/AnimationFrameBatchinator.cpp.o
C/C++:   cannot be safely placed under this directory.  The build may not work
C/C++:   correctly.

> Task :react-native-screens:compileReleaseKotlin
w: file:///C:/Users/flood/hiconnect/higo-platform/node_modules/.pnpm/react-native-screens@4.25.2_2ff10e5e35d62e75ef3e80445743cd5d/node_modules/react-native-screens/android/src/main/java/com/swmansion/rnscreens/RNScreensPackage.kt:66:9 The corresponding parameter in the supertype 'BaseReactPackage' is named 'name'. This may cause problems when calling this function with named arguments.
w: file:///C:/Users/flood/hiconnect/higo-platform/node_modules/.pnpm/react-native-screens@4.25.2_2ff10e5e35d62e75ef3e80445743cd5d/node_modules/react-native-screens/android/src/main/java/com/swmansion/rnscreens/RNScreensPackage.kt:67:9 The corresponding parameter in the supertype 'BaseReactPackage' is named 'reactContext'. This may cause problems when calling this function with named arguments.
w: file:///C:/Users/flood/hiconnect/higo-platform/node_modules/.pnpm/react-native-screens@4.25.2_2ff10e5e35d62e75ef3e80445743cd5d/node_modules/react-native-screens/android/src/main/java/com/swmansion/rnscreens/RNScreensPackage.kt:79:17 'constructor(name: String, className: String, canOverrideExistingModule: Boolean, needsEagerInit: Boolean, hasConstants: Boolean, isCxxModule: Boolean, isTurboModule: Boolean): ReactModuleInfo' is deprecated. This constructor is deprecated and will be removed in the future. Use ReactModuleInfo(String, String, boolean, boolean, boolean, boolean)].
w: file:///C:/Users/flood/hiconnect/higo-platform/node_modules/.pnpm/react-native-screens@4.25.2_2ff10e5e35d62e75ef3e80445743cd5d/node_modules/react-native-screens/android/src/main/java/com/swmansion/rnscreens/Screen.kt:53:77 Unchecked cast of '(CoordinatorLayout.Behavior<View!>?..CoordinatorLayout.Behavior<*>?)' to 'BottomSheetBehavior<Screen>'.
w: file:///C:/Users/flood/hiconnect/higo-platform/node_modules/.pnpm/react-native-screens@4.25.2_2ff10e5e35d62e75ef3e80445743cd5d/node_modules/react-native-screens/android/src/main/java/com/swmansion/rnscreens/Screen.kt:58:33 'fun getEventDispatcherForReactTag(context: ReactContext, reactTag: Int): EventDispatcher?' is deprecated. reactTag is no longer needed.
w: file:///C:/Users/flood/hiconnect/higo-platform/node_modules/.pnpm/react-native-screens@4.25.2_2ff10e5e35d62e75ef3e80445743cd5d/node_modules/react-native-screens/android/src/main/java/com/swmansion/rnscreens/Screen.kt:515:14 'fun getEventDispatcherForReactTag(context: ReactContext, reactTag: Int): EventDispatcher?' is deprecated. reactTag is no longer needed.
w: file:///C:/Users/flood/hiconnect/higo-platform/node_modules/.pnpm/react-native-screens@4.25.2_2ff10e5e35d62e75ef3e80445743cd5d/node_modules/react-native-screens/android/src/main/java/com/swmansion/rnscreens/ScreenContainer.kt:250:18 'fun getEventDispatcherForReactTag(context: ReactContext, reactTag: Int): EventDispatcher?' is deprecated. reactTag is no longer needed.
w: file:///C:/Users/flood/hiconnect/higo-platform/node_modules/.pnpm/react-native-screens@4.25.2_2ff10e5e35d62e75ef3e80445743cd5d/node_modules/react-native-screens/android/src/main/java/com/swmansion/rnscreens/ScreenContainer.kt:260:18 'fun getEventDispatcherForReactTag(context: ReactContext, reactTag: Int): EventDispatcher?' is deprecated. reactTag is no longer needed.
w: file:///C:/Users/flood/hiconnect/higo-platform/node_modules/.pnpm/react-native-screens@4.25.2_2ff10e5e35d62e75ef3e80445743cd5d/node_modules/react-native-screens/android/src/main/java/com/swmansion/rnscreens/ScreenFragment.kt:225:37 'fun getEventDispatcherForReactTag(context: ReactContext, reactTag: Int): EventDispatcher?' is deprecated. reactTag is no longer needed.
w: file:///C:/Users/flood/hiconnect/higo-platform/node_modules/.pnpm/react-native-screens@4.25.2_2ff10e5e35d62e75ef3e80445743cd5d/node_modules/react-native-screens/android/src/main/java/com/swmansion/rnscreens/ScreenFragment.kt:242:14 'fun getEventDispatcherForReactTag(context: ReactContext, reactTag: Int): EventDispatcher?' is deprecated. reactTag is no longer needed.
w: file:///C:/Users/flood/hiconnect/higo-platform/node_modules/.pnpm/react-native-screens@4.25.2_2ff10e5e35d62e75ef3e80445743cd5d/node_modules/react-native-screens/android/src/main/java/com/swmansion/rnscreens/ScreenFragment.kt:258:22 'fun getEventDispatcherForReactTag(context: ReactContext, reactTag: Int): EventDispatcher?' is deprecated. reactTag is no longer needed.
w: file:///C:/Users/flood/hiconnect/higo-platform/node_modules/.pnpm/react-native-screens@4.25.2_2ff10e5e35d62e75ef3e80445743cd5d/node_modules/react-native-screens/android/src/main/java/com/swmansion/rnscreens/ScreenFragment.kt:327:22 'fun getEventDispatcherForReactTag(context: ReactContext, reactTag: Int): EventDispatcher?' is deprecated. reactTag is no longer needed.
w: file:///C:/Users/flood/hiconnect/higo-platform/node_modules/.pnpm/react-native-screens@4.25.2_2ff10e5e35d62e75ef3e80445743cd5d/node_modules/react-native-screens/android/src/main/java/com/swmansion/rnscreens/ScreenModalFragment.kt:180:22 'fun getEventDispatcherForReactTag(context: ReactContext, reactTag: Int): EventDispatcher?' is deprecated. reactTag is no longer needed.
w: file:///C:/Users/flood/hiconnect/higo-platform/node_modules/.pnpm/react-native-screens@4.25.2_2ff10e5e35d62e75ef3e80445743cd5d/node_modules/react-native-screens/android/src/main/java/com/swmansion/rnscreens/ScreenStack.kt:106:14 'fun getEventDispatcherForReactTag(context: ReactContext, reactTag: Int): EventDispatcher?' is deprecated. reactTag is no longer needed.
w: file:///C:/Users/flood/hiconnect/higo-platform/node_modules/.pnpm/react-native-screens@4.25.2_2ff10e5e35d62e75ef3e80445743cd5d/node_modules/react-native-screens/android/src/main/java/com/swmansion/rnscreens/ScreenStackFragment.kt:169:18 'fun getEventDispatcherForReactTag(context: ReactContext, reactTag: Int): EventDispatcher?' is deprecated. reactTag is no longer needed.
w: file:///C:/Users/flood/hiconnect/higo-platform/node_modules/.pnpm/react-native-screens@4.25.2_2ff10e5e35d62e75ef3e80445743cd5d/node_modules/react-native-screens/android/src/main/java/com/swmansion/rnscreens/ScreenStackFragment.kt:226:31 'var targetElevation: Float' is deprecated. Deprecated in Java.
w: file:///C:/Users/flood/hiconnect/higo-platform/node_modules/.pnpm/react-native-screens@4.25.2_2ff10e5e35d62e75ef3e80445743cd5d/node_modules/react-native-screens/android/src/main/java/com/swmansion/rnscreens/ScreenStackFragment.kt:229:13 'fun setHasOptionsMenu(p0: Boolean): Unit' is deprecated. Deprecated in Java.
w: file:///C:/Users/flood/hiconnect/higo-platform/node_modules/.pnpm/react-native-screens@4.25.2_2ff10e5e35d62e75ef3e80445743cd5d/node_modules/react-native-screens/android/src/main/java/com/swmansion/rnscreens/ScreenStackFragment.kt:439:18 This declaration overrides a deprecated member but is not marked as deprecated itself. Add the '@Deprecated' annotation or suppress the diagnostic.
w: file:///C:/Users/flood/hiconnect/higo-platform/node_modules/.pnpm/react-native-screens@4.25.2_2ff10e5e35d62e75ef3e80445743cd5d/node_modules/react-native-screens/android/src/main/java/com/swmansion/rnscreens/ScreenStackFragment.kt:446:22 'fun onPrepareOptionsMenu(p0: Menu): Unit' is deprecated. Deprecated in Java.
w: file:///C:/Users/flood/hiconnect/higo-platform/node_modules/.pnpm/react-native-screens@4.25.2_2ff10e5e35d62e75ef3e80445743cd5d/node_modules/react-native-screens/android/src/main/java/com/swmansion/rnscreens/ScreenStackFragment.kt:449:18 This declaration overrides a deprecated member but is not marked as deprecated itself. Add the '@Deprecated' annotation or suppress the diagnostic.
w: file:///C:/Users/flood/hiconnect/higo-platform/node_modules/.pnpm/react-native-screens@4.25.2_2ff10e5e35d62e75ef3e80445743cd5d/node_modules/react-native-screens/android/src/main/java/com/swmansion/rnscreens/ScreenStackFragment.kt:454:22 'fun onCreateOptionsMenu(p0: Menu, p1: MenuInflater): Unit' is deprecated. Deprecated in Java.
w: file:///C:/Users/flood/hiconnect/higo-platform/node_modules/.pnpm/react-native-screens@4.25.2_2ff10e5e35d62e75ef3e80445743cd5d/node_modules/react-native-screens/android/src/main/java/com/swmansion/rnscreens/ScreenStackHeaderConfig.kt:181:14 'fun getEventDispatcherForReactTag(context: ReactContext, reactTag: Int): EventDispatcher?' is deprecated. reactTag is no longer needed.
w: file:///C:/Users/flood/hiconnect/higo-platform/node_modules/.pnpm/react-native-screens@4.25.2_2ff10e5e35d62e75ef3e80445743cd5d/node_modules/react-native-screens/android/src/main/java/com/swmansion/rnscreens/ScreenStackHeaderConfig.kt:191:14 'fun getEventDispatcherForReactTag(context: ReactContext, reactTag: Int): EventDispatcher?' is deprecated. reactTag is no longer needed.
w: file:///C:/Users/flood/hiconnect/higo-platform/node_modules/.pnpm/react-native-screens@4.25.2_2ff10e5e35d62e75ef3e80445743cd5d/node_modules/react-native-screens/android/src/main/java/com/swmansion/rnscreens/ScreenWindowTraits.kt:48:42 'fun replaceSystemWindowInsets(p0: Int, p1: Int, p2: Int, p3: Int): @NonNull() WindowInsetsCompat' is deprecated. Deprecated in Java.
w: file:///C:/Users/flood/hiconnect/higo-platform/node_modules/.pnpm/react-native-screens@4.25.2_2ff10e5e35d62e75ef3e80445743cd5d/node_modules/react-native-screens/android/src/main/java/com/swmansion/rnscreens/ScreenWindowTraits.kt:49:39 'val systemWindowInsetLeft: Int' is deprecated. Deprecated in Java.
w: file:///C:/Users/flood/hiconnect/higo-platform/node_modules/.pnpm/react-native-screens@4.25.2_2ff10e5e35d62e75ef3e80445743cd5d/node_modules/react-native-screens/android/src/main/java/com/swmansion/rnscreens/ScreenWindowTraits.kt:51:39 'val systemWindowInsetRight: Int' is deprecated. Deprecated in Java.
w: file:///C:/Users/flood/hiconnect/higo-platform/node_modules/.pnpm/react-native-screens@4.25.2_2ff10e5e35d62e75ef3e80445743cd5d/node_modules/react-native-screens/android/src/main/java/com/swmansion/rnscreens/ScreenWindowTraits.kt:52:39 'val systemWindowInsetBottom: Int' is deprecated. Deprecated in Java.
w: file:///C:/Users/flood/hiconnect/higo-platform/node_modules/.pnpm/react-native-screens@4.25.2_2ff10e5e35d62e75ef3e80445743cd5d/node_modules/react-native-screens/android/src/main/java/com/swmansion/rnscreens/ScreensModule.kt:100:14 'fun getEventDispatcherForReactTag(context: ReactContext, reactTag: Int): EventDispatcher?' is deprecated. reactTag is no longer needed.
w: file:///C:/Users/flood/hiconnect/higo-platform/node_modules/.pnpm/react-native-screens@4.25.2_2ff10e5e35d62e75ef3e80445743cd5d/node_modules/react-native-screens/android/src/main/java/com/swmansion/rnscreens/SearchBarView.kt:137:29 'fun getEventDispatcherForReactTag(context: ReactContext, reactTag: Int): EventDispatcher?' is deprecated. reactTag is no longer needed.
w: file:///C:/Users/flood/hiconnect/higo-platform/node_modules/.pnpm/react-native-screens@4.25.2_2ff10e5e35d62e75ef3e80445743cd5d/node_modules/react-native-screens/android/src/main/java/com/swmansion/rnscreens/bottomsheet/BottomSheetDialogRootView.kt:7:8 'object ReactFeatureFlags : Any' is deprecated. Use com.facebook.react.internal.featureflags.ReactNativeFeatureFlags instead.
w: file:///C:/Users/flood/hiconnect/higo-platform/node_modules/.pnpm/react-native-screens@4.25.2_2ff10e5e35d62e75ef3e80445743cd5d/node_modules/react-native-screens/android/src/main/java/com/swmansion/rnscreens/bottomsheet/BottomSheetDialogRootView.kt:25:13 'object ReactFeatureFlags : Any' is deprecated. Use com.facebook.react.internal.featureflags.ReactNativeFeatureFlags instead.
w: file:///C:/Users/flood/hiconnect/higo-platform/node_modules/.pnpm/react-native-screens@4.25.2_2ff10e5e35d62e75ef3e80445743cd5d/node_modules/react-native-screens/android/src/main/java/com/swmansion/rnscreens/bottomsheet/BottomSheetDialogRootView.kt:32:9 The corresponding parameter in the supertype 'ReactViewGroup' is named 'left'. This may cause problems when calling this function with named arguments.
w: file:///C:/Users/flood/hiconnect/higo-platform/node_modules/.pnpm/react-native-screens@4.25.2_2ff10e5e35d62e75ef3e80445743cd5d/node_modules/react-native-screens/android/src/main/java/com/swmansion/rnscreens/bottomsheet/BottomSheetDialogRootView.kt:33:9 The corresponding parameter in the supertype 'ReactViewGroup' is named 'top'. This may cause problems when calling this function with named arguments.
w: file:///C:/Users/flood/hiconnect/higo-platform/node_modules/.pnpm/react-native-screens@4.25.2_2ff10e5e35d62e75ef3e80445743cd5d/node_modules/react-native-screens/android/src/main/java/com/swmansion/rnscreens/bottomsheet/BottomSheetDialogRootView.kt:34:9 The corresponding parameter in the supertype 'ReactViewGroup' is named 'right'. This may cause problems when calling this function with named arguments.
w: file:///C:/Users/flood/hiconnect/higo-platform/node_modules/.pnpm/react-native-screens@4.25.2_2ff10e5e35d62e75ef3e80445743cd5d/node_modules/react-native-screens/android/src/main/java/com/swmansion/rnscreens/bottomsheet/BottomSheetDialogRootView.kt:35:9 The corresponding parameter in the supertype 'ReactViewGroup' is named 'bottom'. This may cause problems when calling this function with named arguments.
w: file:///C:/Users/flood/hiconnect/higo-platform/node_modules/.pnpm/react-native-screens@4.25.2_2ff10e5e35d62e75ef3e80445743cd5d/node_modules/react-native-screens/android/src/main/java/com/swmansion/rnscreens/bottomsheet/BottomSheetDialogRootView.kt:71:9 The corresponding parameter in the supertype 'RootView' is named 'childView'. This may cause problems when calling this function with named arguments.
w: file:///C:/Users/flood/hiconnect/higo-platform/node_modules/.pnpm/react-native-screens@4.25.2_2ff10e5e35d62e75ef3e80445743cd5d/node_modules/react-native-screens/android/src/main/java/com/swmansion/rnscreens/bottomsheet/BottomSheetDialogRootView.kt:72:9 The corresponding parameter in the supertype 'RootView' is named 'ev'. This may cause problems when calling this function with named arguments.
w: file:///C:/Users/flood/hiconnect/higo-platform/node_modules/.pnpm/react-native-screens@4.25.2_2ff10e5e35d62e75ef3e80445743cd5d/node_modules/react-native-screens/android/src/main/java/com/swmansion/rnscreens/bottomsheet/BottomSheetDialogRootView.kt:79:46 The corresponding parameter in the supertype 'RootView' is named 'ev'. This may cause problems when calling this function with named arguments.
w: file:///C:/Users/flood/hiconnect/higo-platform/node_modules/.pnpm/react-native-screens@4.25.2_2ff10e5e35d62e75ef3e80445743cd5d/node_modules/react-native-screens/android/src/main/java/com/swmansion/rnscreens/bottomsheet/BottomSheetDialogRootView.kt:83:9 The corresponding parameter in the supertype 'RootView' is named 'childView'. This may cause problems when calling this function with named arguments.
w: file:///C:/Users/flood/hiconnect/higo-platform/node_modules/.pnpm/react-native-screens@4.25.2_2ff10e5e35d62e75ef3e80445743cd5d/node_modules/react-native-screens/android/src/main/java/com/swmansion/rnscreens/bottomsheet/BottomSheetDialogRootView.kt:84:9 The corresponding parameter in the supertype 'RootView' is named 'ev'. This may cause problems when calling this function with named arguments.
w: file:///C:/Users/flood/hiconnect/higo-platform/node_modules/.pnpm/react-native-screens@4.25.2_2ff10e5e35d62e75ef3e80445743cd5d/node_modules/react-native-screens/android/src/main/java/com/swmansion/rnscreens/bottomsheet/BottomSheetDialogRootView.kt:95:34 The corresponding parameter in the supertype 'RootView' is named 't'. This may cause problems when calling this function with named arguments.
w: file:///C:/Users/flood/hiconnect/higo-platform/node_modules/.pnpm/react-native-screens@4.25.2_2ff10e5e35d62e75ef3e80445743cd5d/node_modules/react-native-screens/android/src/main/java/com/swmansion/rnscreens/bottomsheet/DimmingView.kt:64:9 The corresponding parameter in the supertype 'ReactCompoundView' is named 'touchX'. This may cause problems when calling this function with named arguments.
w: file:///C:/Users/flood/hiconnect/higo-platform/node_modules/.pnpm/react-native-screens@4.25.2_2ff10e5e35d62e75ef3e80445743cd5d/node_modules/react-native-screens/android/src/main/java/com/swmansion/rnscreens/bottomsheet/DimmingView.kt:65:9 The corresponding parameter in the supertype 'ReactCompoundView' is named 'touchY'. This may cause problems when calling this function with named arguments.
w: file:///C:/Users/flood/hiconnect/higo-platform/node_modules/.pnpm/react-native-screens@4.25.2_2ff10e5e35d62e75ef3e80445743cd5d/node_modules/react-native-screens/android/src/main/java/com/swmansion/rnscreens/bottomsheet/DimmingView.kt:69:9 The corresponding parameter in the supertype 'ReactCompoundViewGroup' is named 'touchX'. This may cause problems when calling this function with named arguments.
w: file:///C:/Users/flood/hiconnect/higo-platform/node_modules/.pnpm/react-native-screens@4.25.2_2ff10e5e35d62e75ef3e80445743cd5d/node_modules/react-native-screens/android/src/main/java/com/swmansion/rnscreens/bottomsheet/DimmingView.kt:70:9 The corresponding parameter in the supertype 'ReactCompoundViewGroup' is named 'touchY'. This may cause problems when calling this function with named arguments.
w: file:///C:/Users/flood/hiconnect/higo-platform/node_modules/.pnpm/react-native-screens@4.25.2_2ff10e5e35d62e75ef3e80445743cd5d/node_modules/react-native-screens/android/src/main/java/com/swmansion/rnscreens/gamma/common/event/BaseEventEmitter.kt:12:38 'fun getEventDispatcherForReactTag(context: ReactContext, reactTag: Int): EventDispatcher?' is deprecated. reactTag is no longer needed.
w: file:///C:/Users/flood/hiconnect/higo-platform/node_modules/.pnpm/react-native-screens@4.25.2_2ff10e5e35d62e75ef3e80445743cd5d/node_modules/react-native-screens/android/src/main/java/com/swmansion/rnscreens/gamma/tabs/host/TabsHostViewManager.kt:44:9 The corresponding parameter in the supertype 'TabsHostViewManager' is named 'view'. This may cause problems when calling this function with named arguments.
w: file:///C:/Users/flood/hiconnect/higo-platform/node_modules/.pnpm/react-native-screens@4.25.2_2ff10e5e35d62e75ef3e80445743cd5d/node_modules/react-native-screens/android/src/main/java/com/swmansion/rnscreens/safearea/SafeAreaView.kt:143:45 'fun consumeDisplayCutout(): @NonNull() WindowInsetsCompat' is deprecated. Deprecated in Java.

> Task :react-native-worklets:buildCMakeRelWithDebInfo[x86][worklets]
C/C++: CMake Warning in CMakeLists.txt:
C/C++:   The object file directory
C/C++:     C:/Users/flood/hiconnect/higo-platform/node_modules/.pnpm/react-native-worklets@0.8.3_0c963d7fe504361936d05065f4a6a04d/node_modules/react-native-worklets/android/.cxx/RelWithDebInfo/3o5nu4n2/x86/CMakeFiles/worklets.dir/./
C/C++:   has 221 characters.  The maximum full path to an object file is 250
C/C++:   characters (see CMAKE_OBJECT_PATH_MAX).  Object file
C/C++:     C_/Users/flood/hiconnect/higo-platform/node_modules/.pnpm/react-native-worklets@0.8.3_0c963d7fe504361936d05065f4a6a04d/node_modules/react-native-worklets/Common/cpp/worklets/AnimationFrameQueue/AnimationFrameBatchinator.cpp.o
C/C++:   cannot be safely placed under this directory.  The build may not work
C/C++:   correctly.
C/C++: ninja: error: manifest 'build.ninja' still dirty after 100 tries

> Task :react-native-worklets:buildCMakeRelWithDebInfo[x86][worklets] FAILED
> Task :react-native-screens:compileReleaseJavaWithJavac

> Task :react-native-worklets:configureCMakeRelWithDebInfo[x86_64]
C/C++: CMake Warning in C:/Users/flood/hiconnect/higo-platform/node_modules/.pnpm/react-native-worklets@0.8.3_0c963d7fe504361936d05065f4a6a04d/node_modules/react-native-worklets/android/.cxx/RelWithDebInfo/3o5nu4n2/x86_64/CMakeFiles/CMakeTmp/CMakeLists.txt:
C/C++:   The object file directory
C/C++:     C:/Users/flood/hiconnect/higo-platform/node_modules/.pnpm/react-native-worklets@0.8.3_0c963d7fe504361936d05065f4a6a04d/node_modules/react-native-worklets/android/.cxx/RelWithDebInfo/3o5nu4n2/x86_64/CMakeFiles/CMakeTmp/CMakeFiles/cmTC_b6cc4.dir/./
C/C++:   has 246 characters.  The maximum full path to an object file is 250
C/C++:   characters (see CMAKE_OBJECT_PATH_MAX).  Object file
C/C++:     CMakeCCompilerABI.c.o
C/C++:   cannot be safely placed under this directory.  The build may not work
C/C++:   correctly.
C/C++: CMake Warning in C:/Users/flood/hiconnect/higo-platform/node_modules/.pnpm/react-native-worklets@0.8.3_0c963d7fe504361936d05065f4a6a04d/node_modules/react-native-worklets/android/.cxx/RelWithDebInfo/3o5nu4n2/x86_64/CMakeFiles/CMakeTmp/CMakeLists.txt:
C/C++:   The object file directory
C/C++:     C:/Users/flood/hiconnect/higo-platform/node_modules/.pnpm/react-native-worklets@0.8.3_0c963d7fe504361936d05065f4a6a04d/node_modules/react-native-worklets/android/.cxx/RelWithDebInfo/3o5nu4n2/x86_64/CMakeFiles/CMakeTmp/CMakeFiles/cmTC_98f26.dir/./
C/C++:   has 246 characters.  The maximum full path to an object file is 250
C/C++:   characters (see CMAKE_OBJECT_PATH_MAX).  Object file
C/C++:     CMakeCXXCompilerABI.cpp.o
C/C++:   cannot be safely placed under this directory.  The build may not work
C/C++:   correctly.
C/C++: CMake Warning in CMakeLists.txt:
C/C++:   The object file directory
C/C++:     C:/Users/flood/hiconnect/higo-platform/node_modules/.pnpm/react-native-worklets@0.8.3_0c963d7fe504361936d05065f4a6a04d/node_modules/react-native-worklets/android/.cxx/RelWithDebInfo/3o5nu4n2/x86_64/CMakeFiles/worklets.dir/./
C/C++:   has 224 characters.  The maximum full path to an object file is 250
C/C++:   characters (see CMAKE_OBJECT_PATH_MAX).  Object file
C/C++:     C_/Users/flood/hiconnect/higo-platform/node_modules/.pnpm/react-native-worklets@0.8.3_0c963d7fe504361936d05065f4a6a04d/node_modules/react-native-worklets/Common/cpp/worklets/NativeModules/JSIWorkletsModuleProxy.cpp.o
C/C++:   cannot be safely placed under this directory.  The build may not work
C/C++:   correctly.

> Task :react-native-screens:bundleLibRuntimeToJarRelease
> Task :react-native-screens:bundleLibRuntimeToDirRelease
> Task :react-native-screens:bundleLibCompileToJarRelease
> Task :react-native-screens:processReleaseJavaRes
> Task :react-native-screens:createFullJarRelease

> Task :react-native-worklets:buildCMakeRelWithDebInfo[x86_64][worklets]
C/C++: CMake Warning in CMakeLists.txt:
C/C++:   The object file directory
C/C++:     C:/Users/flood/hiconnect/higo-platform/node_modules/.pnpm/react-native-worklets@0.8.3_0c963d7fe504361936d05065f4a6a04d/node_modules/react-native-worklets/android/.cxx/RelWithDebInfo/3o5nu4n2/x86_64/CMakeFiles/worklets.dir/./
C/C++:   has 224 characters.  The maximum full path to an object file is 250
C/C++:   characters (see CMAKE_OBJECT_PATH_MAX).  Object file
C/C++:     C_/Users/flood/hiconnect/higo-platform/node_modules/.pnpm/react-native-worklets@0.8.3_0c963d7fe504361936d05065f4a6a04d/node_modules/react-native-worklets/Common/cpp/worklets/Registries/EventHandlerRegistry.cpp.o
C/C++:   cannot be safely placed under this directory.  The build may not work
C/C++:   correctly.

> Task :react-native-screens:generateReleaseLintModel
> Task :react-native-screens:extractReleaseAnnotations
> Task :react-native-screens:mergeReleaseGeneratedProguardFiles
> Task :react-native-screens:mergeReleaseConsumerProguardFiles
> Task :react-native-screens:mergeReleaseJavaResource

> Task :react-native-worklets:buildCMakeRelWithDebInfo[x86_64][worklets]
C/C++: CMake Warning in CMakeLists.txt:
C/C++:   The object file directory
C/C++:     C:/Users/flood/hiconnect/higo-platform/node_modules/.pnpm/react-native-worklets@0.8.3_0c963d7fe504361936d05065f4a6a04d/node_modules/react-native-worklets/android/.cxx/RelWithDebInfo/3o5nu4n2/x86_64/CMakeFiles/worklets.dir/./
C/C++:   has 224 characters.  The maximum full path to an object file is 250
C/C++:   characters (see CMAKE_OBJECT_PATH_MAX).  Object file
C/C++:     C_/Users/flood/hiconnect/higo-platform/node_modules/.pnpm/react-native-worklets@0.8.3_0c963d7fe504361936d05065f4a6a04d/node_modules/react-native-worklets/Common/cpp/worklets/Registries/EventHandlerRegistry.cpp.o
C/C++:   cannot be safely placed under this directory.  The build may not work
C/C++:   correctly.

> Task :react-native-screens:syncReleaseLibJars

> Task :react-native-worklets:buildCMakeRelWithDebInfo[x86_64][worklets]
C/C++: CMake Warning in CMakeLists.txt:
C/C++:   The object file directory
C/C++:     C:/Users/flood/hiconnect/higo-platform/node_modules/.pnpm/react-native-worklets@0.8.3_0c963d7fe504361936d05065f4a6a04d/node_modules/react-native-worklets/android/.cxx/RelWithDebInfo/3o5nu4n2/x86_64/CMakeFiles/worklets.dir/./
C/C++:   has 224 characters.  The maximum full path to an object file is 250
C/C++:   characters (see CMAKE_OBJECT_PATH_MAX).  Object file
C/C++:     C_/Users/flood/hiconnect/higo-platform/node_modules/.pnpm/react-native-worklets@0.8.3_0c963d7fe504361936d05065f4a6a04d/node_modules/react-native-worklets/Common/cpp/worklets/NativeModules/WorkletsModuleProxy.cpp.o
C/C++:   cannot be safely placed under this directory.  The build may not work
C/C++:   correctly.
C/C++: CMake Warning in CMakeLists.txt:
C/C++:   The object file directory
C/C++:     C:/Users/flood/hiconnect/higo-platform/node_modules/.pnpm/react-native-worklets@0.8.3_0c963d7fe504361936d05065f4a6a04d/node_modules/react-native-worklets/android/.cxx/RelWithDebInfo/3o5nu4n2/x86_64/CMakeFiles/worklets.dir/./
C/C++:   has 224 characters.  The maximum full path to an object file is 250
C/C++:   characters (see CMAKE_OBJECT_PATH_MAX).  Object file
C/C++:     C_/Users/flood/hiconnect/higo-platform/node_modules/.pnpm/react-native-worklets@0.8.3_0c963d7fe504361936d05065f4a6a04d/node_modules/react-native-worklets/Common/cpp/worklets/Registries/WorkletRuntimeRegistry.cpp.o
C/C++:   cannot be safely placed under this directory.  The build may not work
C/C++:   correctly.

> Task :react-native-screens:lintVitalAnalyzeRelease
> Task :react-native-screens:generateReleaseLintVitalModel

> Task :react-native-worklets:buildCMakeRelWithDebInfo[x86_64][worklets]
C/C++: CMake Warning in CMakeLists.txt:
C/C++:   The object file directory
C/C++:     C:/Users/flood/hiconnect/higo-platform/node_modules/.pnpm/react-native-worklets@0.8.3_0c963d7fe504361936d05065f4a6a04d/node_modules/react-native-worklets/android/.cxx/RelWithDebInfo/3o5nu4n2/x86_64/CMakeFiles/worklets.dir/./
C/C++:   has 224 characters.  The maximum full path to an object file is 250
C/C++:   characters (see CMAKE_OBJECT_PATH_MAX).  Object file
C/C++:     C_/Users/flood/hiconnect/higo-platform/node_modules/.pnpm/react-native-worklets@0.8.3_0c963d7fe504361936d05065f4a6a04d/node_modules/react-native-worklets/Common/cpp/worklets/Resources/CustomSerializableUnpacker.cpp.o
C/C++:   cannot be safely placed under this directory.  The build may not work
C/C++:   correctly.
C/C++: CMake Warning in CMakeLists.txt:
C/C++:   The object file directory
C/C++:     C:/Users/flood/hiconnect/higo-platform/node_modules/.pnpm/react-native-worklets@0.8.3_0c963d7fe504361936d05065f4a6a04d/node_modules/react-native-worklets/android/.cxx/RelWithDebInfo/3o5nu4n2/x86_64/CMakeFiles/worklets.dir/./
C/C++:   has 224 characters.  The maximum full path to an object file is 250
C/C++:   characters (see CMAKE_OBJECT_PATH_MAX).  Object file
C/C++:     C_/Users/flood/hiconnect/higo-platform/node_modules/.pnpm/react-native-worklets@0.8.3_0c963d7fe504361936d05065f4a6a04d/node_modules/react-native-worklets/Common/cpp/worklets/AnimationFrameQueue/AnimationFrameBatchinator.cpp.o
C/C++:   cannot be safely placed under this directory.  The build may not work
C/C++:   correctly.
C/C++: CMake Warning in CMakeLists.txt:
C/C++:   The object file directory
C/C++:     C:/Users/flood/hiconnect/higo-platform/node_modules/.pnpm/react-native-worklets@0.8.3_0c963d7fe504361936d05065f4a6a04d/node_modules/react-native-worklets/android/.cxx/RelWithDebInfo/3o5nu4n2/x86_64/CMakeFiles/worklets.dir/./
C/C++:   has 224 characters.  The maximum full path to an object file is 250
C/C++:   characters (see CMAKE_OBJECT_PATH_MAX).  Object file
C/C++:     C_/Users/flood/hiconnect/higo-platform/node_modules/.pnpm/react-native-worklets@0.8.3_0c963d7fe504361936d05065f4a6a04d/node_modules/react-native-worklets/Common/cpp/worklets/NativeModules/JSIWorkletsModuleProxy.cpp.o
C/C++:   cannot be safely placed under this directory.  The build may not work
C/C++:   correctly.
C/C++: CMake Warning in CMakeLists.txt:
C/C++:   The object file directory
C/C++:     C:/Users/flood/hiconnect/higo-platform/node_modules/.pnpm/react-native-worklets@0.8.3_0c963d7fe504361936d05065f4a6a04d/node_modules/react-native-worklets/android/.cxx/RelWithDebInfo/3o5nu4n2/x86_64/CMakeFiles/worklets.dir/./
C/C++:   has 224 characters.  The maximum full path to an object file is 250
C/C++:   characters (see CMAKE_OBJECT_PATH_MAX).  Object file
C/C++:     C_/Users/flood/hiconnect/higo-platform/node_modules/.pnpm/react-native-worklets@0.8.3_0c963d7fe504361936d05065f4a6a04d/node_modules/react-native-worklets/Common/cpp/worklets/Registries/WorkletRuntimeRegistry.cpp.o
C/C++:   cannot be safely placed under this directory.  The build may not work
C/C++:   correctly.
C/C++: CMake Warning in CMakeLists.txt:
C/C++:   The object file directory
C/C++:     C:/Users/flood/hiconnect/higo-platform/node_modules/.pnpm/react-native-worklets@0.8.3_0c963d7fe504361936d05065f4a6a04d/node_modules/react-native-worklets/android/.cxx/RelWithDebInfo/3o5nu4n2/x86_64/CMakeFiles/worklets.dir/./
C/C++:   has 224 characters.  The maximum full path to an object file is 250
C/C++:   characters (see CMAKE_OBJECT_PATH_MAX).  Object file
C/C++:     C_/Users/flood/hiconnect/higo-platform/node_modules/.pnpm/react-native-worklets@0.8.3_0c963d7fe504361936d05065f4a6a04d/node_modules/react-native-worklets/Common/cpp/worklets/NativeModules/JSIWorkletsModuleProxy.cpp.o
C/C++:   cannot be safely placed under this directory.  The build may not work
C/C++:   correctly.
^C